Cell Line	Model	RBP Pair	Position	PPI Category	R2 Value	# Unique Graphs	% Unique Graphs
K562	xgboost	CSTF2T-NONO	4	Same Pos. PPI	0.8454697539659715	199	0.05143035838431142
K562	xgboost	RBM22-TIA1	3	Same Pos. PPI	0.5810782886329167	423	0.10932181706815945
K562	linear	RBM22-TIA1	2	Same Pos. PPI	0.5707748733092273	409	0.10570360090041894
K562	xgboost	CSTF2T-EWSR1	1	Same Pos. PPI	0.5460895360942504	171	0.04419392604883041
K562	xgboost	RBM22-TIA1	2	Same Pos. PPI	0.5426205568761522	409	0.10570360090041894
K562	xgboost	FMR1-FXR2	5	Same Pos. PPI	0.5416088320138222	1946	0.5029320473159297
K562	xgboost	IGF2BP2-PCBP1	5	Same Pos. PPI	0.5178652425176222	300	0.07753320359443931
K562	xgboost	FMR1-FXR2	6	Same Pos. PPI	0.4993407782638638	3342	0.863719888042054
HepG2	xgboost	PCBP2-RBFOX2	5	Same Pos. PPI	0.4666214026903168	78	0.02060483104038547
K562	xgboost	FXR1-FXR2	5	Single Binders	0.4514985258117272	4188	1.082363522178373
K562	xgboost	EWSR1-NONO	5	Single Binders	0.4399137848804422	2962	0.7655111634890975
HepG2	xgboost	U2AF1-U2AF2	6	Same Pos. PPI	0.418529187701148	2845	0.7515480039730341
K562	linear	MBNL1-RBFOX2	4	Same Pos. PPI	0.4151646918739105	218	0.05634079461195924
K562	xgboost	FMR1-FXR2	2	Single Binders	0.403445483306743	7680	1.9848500120176464
K562	xgboost	FMR1-FXR2	1	Same Pos. PPI	0.3956887907537603	1874	0.48432407845326425
K562	linear	RBFOX2-SF3B4	5	Same Pos. PPI	0.3905298557499828	983	0.2540504637777795
HepG2	linear	PCBP2-RBFOX2	5	Same Pos. PPI	0.37789315144372626	78	0.02060483104038547
HepG2	xgboost	RBM22-TIA1	4	Single Binders	0.3749864741711537	3830	1.0117500369830301
K562	xgboost	CSTF2T-NONO	1	Single Binders	0.3733322229884556	2682	0.6931468401342875
K562	xgboost	EWSR1-NONO	1	Single Binders	0.3725180482632289	1831	0.47321098593806127
K562	xgboost	FXR1-FXR2	6	Single Binders	0.36944201499622187	6161	1.592273557817802
HepG2	linear	RBFOX2-SF3B4	1	Same Pos. PPI	0.3677756752124808	486	0.12838394725163252
HepG2	xgboost	HNRNPK-QKI	3	Single Binders	0.36568053892670027	7107	1.8774171051797375
HepG2	xgboost	HNRNPK-PCBP1	5	Single Binders	0.3559509620334821	3068	0.8104566875884952
HepG2	linear	HNRNPK-PCBP1	3	Same Pos. PPI	0.3530574998498055	75	0.019812337538832183
HepG2	xgboost	QKI-RBFOX2	3	Same Pos. PPI	0.3528978764801388	291	0.07687186965066886
K562	xgboost	PCBP1-RBFOX2	4	Single Binders	0.35105908451212875	4473	1.1560200655930903
K562	xgboost	CSTF2T-EWSR1	1	Single Binders	0.35028069314950383	2539	0.6561893464209381
K562	xgboost	IGF2BP2-PCBP1	3	Single Binders	0.3500108074369135	3970	1.0260227275664136
K562	xgboost	FXR1-FXR2	2	Single Binders	0.34187531645457836	6434	1.6628287730887419
K562	xgboost	IGF2BP2-PCBP1	1	Single Binders	0.3399949144598948	4073	1.0526424608005045
HepG2	linear	PCBP1-PTBP1	3	Same Pos. PPI	0.33775688992904873	72	0.019019844037278896
K562	xgboost	FMR1-FXR2	4	Single Binders	0.3343120733918291	5455	1.4098120853588882
HepG2	xgboost	RBFOX2-SF3B4	5	Single Binders	0.33278786782951575	17969	4.746771909803673
K562	xgboost	HNRNPK-PCBP1	3	Single Binders	0.32975581462092285	4719	1.2195972925405305
HepG2	xgboost	HNRNPK-LARP4	5	Single Binders	0.32701116666345964	5684	1.5015110209429616
K562	xgboost	PCBP1-RBFOX2	3	Single Binders	0.31674988653336134	6400	1.6540416766813721
HepG2	xgboost	SF3B4-TAF15	5	Single Binders	0.3087664581094913	15860	4.189648978211713
HepG2	xgboost	QKI-RBFOX2	1	Single Binders	0.3083920521582555	3500	0.9245757518121684
K562	linear	HNRNPK-PCBP1	4	Same Pos. PPI	0.30627606502700955	906	0.23415027485520676
K562	xgboost	RBFOX2-SF3B4	4	Single Binders	0.3049755947175803	23020	5.9493811558133105
K562	xgboost	CSTF2T-NONO	1	Same Pos. PPI	0.304496434209247	347	0.08968007215756815
K562	xgboost	CSTF2T-NONO	5	Single Binders	0.30137641833545303	4711	1.2175297404446788
K562	xgboost	APOBEC3C-PCBP1	1	Single Binders	0.30114294472408754	1512	0.3907673461159742
K562	xgboost	MBNL1-RBFOX2	3	Single Binders	0.2974434404535423	4945	1.2780056392483414
K562	linear	CSTF2T-EWSR1	4	Single Binders	0.29492780151874143	2759	0.7130470290568602
K562	xgboost	FXR1-FXR2	4	Single Binders	0.29382937939158693	4897	1.265600326673231
K562	xgboost	FXR1-FXR2	1	Single Binders	0.28933666394027513	4716	1.218821960504586
K562	linear	FMR1-FXR2	5	Same Pos. PPI	0.2868666166974553	1946	0.5029320473159297
HepG2	xgboost	U2AF1-U2AF2	2	Same Pos. PPI	0.2864411655626834	5072	1.339842346626091
K562	xgboost	HNRNPK-PCBP1	2	Single Binders	0.2824084342107648	4052	1.0472151365488938
HepG2	xgboost	HNRNPK-LARP4	4	Single Binders	0.2816498882223737	5573	1.47218876138549
K562	xgboost	IGF2BP2-PCBP1	2	Same Pos. PPI	0.2813087522257628	413	0.1067373769483448
HepG2	xgboost	U2AF1-U2AF2	3	Same Pos. PPI	0.2801708999034953	1923	0.5079883344956572
HepG2	linear	PCBP2-RBFOX2	1	Single Binders	0.27843677606115047	3141	0.8297406961262919
HepG2	linear	QKI-RBFOX2	1	Single Binders	0.27806037007624795	3500	0.9245757518121684
HepG2	xgboost	PCBP2-RBFOX2	1	Single Binders	0.2760201792029354	3141	0.8297406961262919
K562	xgboost	RBFOX2-SF3B4	3	Single Binders	0.2755840146064469	24604	6.35875647079195
HepG2	xgboost	U2AF1-U2AF2	6	Single Binders	0.27507459902410447	26694	7.0516071768211495
HepG2	linear	HNRNPK-PCBP1	1	Single Binders	0.27499327522599115	1772	0.468099494917475
K562	xgboost	CPSF6-RBM15	5	Single Binders	0.2653984322067595	10793	2.7893862213159455
HepG2	xgboost	HNRNPK-U2AF2	5	Single Binders	0.26523521389616034	31893	8.424998415012997
HepG2	linear	QKI-RBFOX2	4	Same Pos. PPI	0.26161014463800136	330	0.08717428517086159
K562	xgboost	DDX42-RBFOX2	3	Single Binders	0.26122089719017927	4566	1.1800553587073663
K562	xgboost	EWSR1-NONO	3	Single Binders	0.25983654187437055	2708	0.6998663844458056
K562	xgboost	FMR1-FXR2	6	Single Binders	0.25978924053575103	5596	1.446252691048275
HepG2	xgboost	HNRNPK-U2AF2	1	Single Binders	0.2566672480997044	15007	3.9643166592700605
K562	xgboost	CSTF2T-EWSR1	5	Single Binders	0.2556576694237962	3483	0.9001604937314405
HepG2	xgboost	U2AF1-U2AF2	5	Single Binders	0.2544335257286914	29738	7.855723916397219
K562	xgboost	EWSR1-NONO	4	Single Binders	0.25325712879487183	2412	0.6233669568992921
HepG2	xgboost	U2AF1-U2AF2	1	Single Binders	0.25274550810677965	13764	3.635960185126482
K562	xgboost	IGF2BP2-PCBP1	2	Single Binders	0.2522799984537888	8959	2.3153999033419392
K562	xgboost	IGF2BP2-PCBP1	6	Single Binders	0.2488783877328693	7039	1.819187400337528
HepG2	xgboost	U2AF1-U2AF2	4	Single Binders	0.24683015329035418	35401	9.351687482829307
HepG2	xgboost	HNRNPK-LARP4	6	Neither	0.24642243634178596	179914	47.52689194615271
HepG2	xgboost	U2AF1-U2AF2	2	Neither	0.24621739302702372	181148	47.85287093979163
HepG2	xgboost	RBFOX2-SF3B4	6	Neither	0.24408674778386408	179474	47.410659565924895
K562	xgboost	HNRNPK-PCBP1	5	Single Binders	0.2438862674361295	3336	0.8621692239701653
HepG2	xgboost	U2AF1-U2AF2	3	Neither	0.24374569470536334	181312	47.89619391787654
HepG2	xgboost	HNRNPK-LARP4	5	Neither	0.24367316072281542	180900	47.78735814366322
HepG2	xgboost	RBM22-TIA1	5	Neither	0.24359441126622428	178888	47.255859168621484
HepG2	xgboost	HNRNPK-LARP4	3	Neither	0.2434429479788992	181229	47.874268264333566
HepG2	xgboost	PCBP2-RBFOX2	1	Neither	0.24333709363014722	181051	47.82724698324141
HepG2	xgboost	FUBP3-RBFOX2	6	Neither	0.24330435645888537	180950	47.80056636868911
HepG2	xgboost	PCBP1-PTBP1	3	Neither	0.24315540095007449	181255	47.88113654134703
HepG2	xgboost	U2AF1-U2AF2	1	Neither	0.24315418896373486	181375	47.91283628140916
HepG2	xgboost	HNRNPK-PCBP1	2	Neither	0.243097621563942	181408	47.92155370992624
HepG2	xgboost	HNRNPK-U2AF2	5	Neither	0.243097621563942	181408	47.92155370992624
HepG2	xgboost	PCBP1-RBFOX2	2	Neither	0.243097621563942	181408	47.92155370992624
HepG2	xgboost	PCBP2-QKI	3	Neither	0.243097621563942	181408	47.92155370992624
HepG2	xgboost	PCBP1-RBFOX2	6	Neither	0.24309762156394188	181408	47.92155370992624
HepG2	xgboost	RBFOX2-SF3B4	5	Neither	0.24309762156394188	181408	47.92155370992624
HepG2	xgboost	HNRNPK-PCBP1	6	Neither	0.24309762156394188	181408	47.92155370992624
HepG2	xgboost	QKI-RBFOX2	3	Neither	0.24309762156394188	181408	47.92155370992624
HepG2	xgboost	HNRNPK-QKI	3	Neither	0.24309762156394177	181408	47.92155370992624
HepG2	xgboost	HNRNPK-U2AF2	2	Neither	0.24309762156394177	181408	47.92155370992624
HepG2	xgboost	PCBP2-RBFOX2	3	Neither	0.24309762156394177	181408	47.92155370992624
HepG2	xgboost	HNRNPK-PCBP1	3	Neither	0.24309762156394177	181408	47.92155370992624
HepG2	xgboost	PCBP2-RBFOX2	5	Neither	0.24309762156394177	181408	47.92155370992624
HepG2	xgboost	HNRNPK-U2AF2	1	Neither	0.24309762156394177	181408	47.92155370992624
HepG2	xgboost	QKI-RBFOX2	4	Neither	0.24309762156394166	181408	47.92155370992624
HepG2	xgboost	QKI-RBFOX2	5	Neither	0.24309762156394166	181408	47.92155370992624
HepG2	xgboost	PCBP1-RBFOX2	3	Neither	0.24309762156394155	181408	47.92155370992624
HepG2	xgboost	PCBP2-QKI	5	Neither	0.24309762156394155	181408	47.92155370992624
HepG2	xgboost	HNRNPK-U2AF2	3	Neither	0.24309762156394155	181408	47.92155370992624
HepG2	xgboost	RBFOX2-SF3B4	3	Neither	0.24309762156394155	181408	47.92155370992624
HepG2	xgboost	SF3B4-TAF15	5	Neither	0.24309554281967993	181407	47.92128954542573
HepG2	xgboost	HNRNPK-PCBP1	1	Neither	0.24309506642599188	181407	47.92128954542573
HepG2	xgboost	SF3B4-TAF15	3	Neither	0.24309197979919506	181404	47.92049705192418
HepG2	xgboost	HNRNPK-PCBP1	5	Neither	0.24309162922918526	181406	47.92102538092521
HepG2	xgboost	RBFOX2-SF3B4	2	Neither	0.24308571164626636	177790	46.96580654705298
HepG2	xgboost	HNRNPK-IGF2BP3	3	Neither	0.2430652039044765	181397	47.91864790042055
HepG2	xgboost	FUBP3-U2AF2	4	Neither	0.24298794408213942	181364	47.909930471903465
HepG2	xgboost	U2AF1-U2AF2	4	Neither	0.24296468847270436	181333	47.90174137238741
HepG2	xgboost	RBM22-TIA1	2	Neither	0.24293340041712363	177952	47.00860119613686
HepG2	xgboost	HNRNPK-PCBP1	4	Neither	0.2429333313132852	181351	47.90649633339673
HepG2	xgboost	HNRNPK-IGF2BP3	6	Neither	0.24292866543296376	180901	47.78762230816374
HepG2	xgboost	U2AF1-U2AF2	5	Neither	0.242857196486997	181221	47.872154948329424
HepG2	xgboost	PTBP1-QKI	4	Neither	0.24269117674440255	181237	47.87638158033771
HepG2	xgboost	RBM22-TIA1	6	Neither	0.24266924325377703	180207	47.60429214480441
HepG2	xgboost	QKI-RBFOX2	1	Neither	0.24265626299113718	181027	47.82090703522898
HepG2	xgboost	HNRNPK-IGF2BP3	4	Neither	0.24248431370687784	181120	47.845474333777126
HepG2	xgboost	HNRNPK-LARP4	4	Neither	0.24197115468823593	180727	47.741657685073655
HepG2	xgboost	RBM15-SRSF9	6	Neither	0.24182285319053576	180907	47.78920729516685
HepG2	xgboost	RBFOX2-SF3B4	1	Single Binders	0.24177575969055365	12059	3.185559711743697
HepG2	xgboost	RBM22-TIA1	4	Neither	0.24166724678235896	180474	47.67482406644265
K562	xgboost	EWSR1-RBM15	2	Single Binders	0.24104027064230582	16539	4.274405514161439
HepG2	xgboost	RBFOX2-SF3B4	1	Neither	0.2410260724171861	179369	47.38292229337053
HepG2	xgboost	PCBP2-QKI	3	Single Binders	0.24082519965889138	6931	1.8309241530886113
K562	xgboost	PTBP1-ZC3H8	3	Single Binders	0.24082145121390486	1643	0.424623511685546
HepG2	xgboost	U2AF1-U2AF2	6	Neither	0.24053658651291476	174033	45.97334051860775
K562	xgboost	RBFOX2-SF3B4	5	Neither	0.24049427426006253	207838	53.714486562203604
HepG2	xgboost	RBFOX2-SF3B4	4	Neither	0.23963762485029905	179352	47.37843149686173
K562	xgboost	MBNL1-RBFOX2	4	Single Binders	0.23916163767442022	3315	0.8567418997185544
K562	xgboost	U2AF1-U2AF2	6	Neither	0.23877951260501618	207319	53.580354119985216
K562	xgboost	CPSF6-RBM15	6	Single Binders	0.23860660600348393	13903	3.5931470985783
K562	xgboost	RBFOX2-SF3B4	6	Neither	0.23829492650892603	205838	53.19759853824066
K562	linear	CSTF2T-NONO	4	Single Binders	0.23828426532217062	3417	0.8831031889406639
K562	linear	RBM22-TIA1	5	Same Pos. PPI	0.2382450047854715	738	0.19073168084232073
HepG2	xgboost	HNRNPK-U2AF2	3	Single Binders	0.23757438149877974	26768	7.071155349859465
K562	xgboost	PUM2-QKI	6	Neither	0.23747217861047976	208365	53.85068655651782
K562	xgboost	RBM22-TIA1	2	Neither	0.23700584348616927	208359	53.84913589244594
K562	xgboost	U2AF1-U2AF2	2	Neither	0.23614167315160128	208654	53.92537687598047
K562	xgboost	U2AF1-U2AF2	3	Neither	0.23607180531653216	210427	54.383598109223605
K562	xgboost	GTF2F1-PCBP1	3	Neither	0.2355163392656946	210549	54.415128278685344
K562	xgboost	RBM22-TIA1	3	Neither	0.23549321803868895	210115	54.3029635774854
K562	xgboost	FMR1-FXR2	6	Neither	0.23540789620215785	210757	54.468884633177495
K562	xgboost	PTBP1-ZC3H8	5	Neither	0.2353486027450966	210783	54.47560417748901
K562	xgboost	HNRNPK-PCBP1	6	Neither	0.23525488320310128	210955	54.52005654754982
K562	xgboost	IGF2BP2-PCBP1	2	Neither	0.23516664304655033	210551	54.41564516670931
K562	xgboost	GTF2F1-PCBP1	4	Neither	0.23516491877952173	210670	54.44640000413511
K562	xgboost	FXR1-FXR2	5	Neither	0.23515546133137943	211056	54.546159392759954
K562	xgboost	FXR1-FXR2	2	Neither	0.23514268421483042	211034	54.54047362449636
K562	xgboost	CPSF6-RBM15	2	Neither	0.23508436884381145	210804	54.48103150174062
K562	xgboost	RBM22-TIA1	4	Neither	0.23506080160411735	210177	54.31898710622824
K562	xgboost	IGF2BP2-PCBP1	6	Neither	0.23504870929400912	210058	54.28823226880245
K562	xgboost	FXR1-FXR2	1	Neither	0.23504640688481881	211198	54.582858442461315
K562	xgboost	PTBP1-ZC3H8	6	Neither	0.23504618255804177	211095	54.55623870922722
K562	xgboost	QKI-RBFOX2	1	Neither	0.2350381208265825	210962	54.5218656556337
K562	xgboost	CSTF2T-TAF15	4	Neither	0.2350298702923952	211184	54.57924022629358
K562	xgboost	IGF2BP2-PCBP1	3	Neither	0.23502727938913182	211029	54.539181404436455
K562	xgboost	FXR1-FXR2	6	Neither	0.23499305024962747	211040	54.54202428856825
K562	xgboost	FXR1-FXR2	3	Neither	0.2349790549280616	211218	54.58802732270095
K562	xgboost	HNRNPK-LARP4	2	Neither	0.23497062965269033	211222	54.58906109874887
K562	xgboost	RBFOX2-SF3B4	1	Neither	0.23494615983577205	208982	54.01014651191039
K562	xgboost	MBNL1-RBFOX2	1	Neither	0.23494417394709766	211230	54.59112865084472
K562	xgboost	MBNL1-RBFOX2	3	Neither	0.2349431051445433	211229	54.59087020683274
K562	xgboost	U2AF1-U2AF2	1	Neither	0.23494119640384037	211229	54.59087020683274
K562	xgboost	MBNL1-RBFOX2	2	Neither	0.23493970900528438	211231	54.5913870948567
K562	xgboost	EWSR1-NONO	5	Neither	0.23493970900528405	211231	54.5913870948567
K562	xgboost	HNRNPK-PCBP1	2	Neither	0.23493970900528405	211231	54.5913870948567
K562	xgboost	CSTF2T-EWSR1	3	Neither	0.23493970900528405	211231	54.5913870948567
K562	xgboost	CSTF2T-EWSR1	1	Neither	0.23493970900528405	211231	54.5913870948567
K562	xgboost	HNRNPK-PCBP1	5	Neither	0.23493970900528405	211231	54.5913870948567
K562	xgboost	QKI-RBFOX2	3	Neither	0.23493970900528405	211231	54.5913870948567
K562	xgboost	CSTF2T-NONO	2	Neither	0.23493970900528405	211231	54.5913870948567
K562	xgboost	PCBP1-QKI	3	Neither	0.23493970900528405	211231	54.5913870948567
K562	xgboost	CSTF2T-EWSR1	2	Neither	0.23493970900528394	211231	54.5913870948567
K562	xgboost	CSTF2T-TAF15	3	Neither	0.23493970900528394	211231	54.5913870948567
K562	xgboost	PCBP1-RBFOX2	6	Neither	0.23493970900528394	211231	54.5913870948567
K562	xgboost	EWSR1-RBM15	2	Neither	0.23493970900528394	211231	54.5913870948567
K562	xgboost	EWSR1-NONO	3	Neither	0.23493970900528394	211231	54.5913870948567
K562	xgboost	EWSR1-NONO	6	Neither	0.23493970900528383	211231	54.5913870948567
K562	xgboost	EWSR1-NONO	4	Neither	0.23493970900528383	211231	54.5913870948567
K562	xgboost	HNRNPK-PCBP1	3	Neither	0.23493970900528383	211231	54.5913870948567
K562	xgboost	EWSR1-NONO	1	Neither	0.23493970900528383	211231	54.5913870948567
K562	xgboost	HNRNPK-PCBP1	1	Neither	0.23493970900528383	211231	54.5913870948567
K562	xgboost	CSTF2T-EWSR1	5	Neither	0.23493970900528383	211231	54.5913870948567
K562	xgboost	EWSR1-NONO	2	Neither	0.23493970900528383	211231	54.5913870948567
K562	xgboost	CSTF2T-EWSR1	6	Neither	0.23493970900528383	211231	54.5913870948567
K562	xgboost	HNRNPK-U2AF2	1	Neither	0.23493970900528371	211231	54.5913870948567
K562	xgboost	DDX42-U2AF2	4	Neither	0.23493970900528371	211231	54.5913870948567
K562	xgboost	CSTF2T-EWSR1	4	Neither	0.23493970900528371	211231	54.5913870948567
K562	xgboost	DDX42-RBFOX2	3	Neither	0.23493970900528371	211231	54.5913870948567
K562	xgboost	HNRNPK-QKI	3	Neither	0.23493970900528371	211231	54.5913870948567
K562	xgboost	CSTF2T-NONO	6	Neither	0.23493970900528371	211231	54.5913870948567
K562	xgboost	HNRNPK-U2AF2	5	Neither	0.23493970900528371	211231	54.5913870948567
K562	xgboost	CSTF2T-NONO	4	Neither	0.23493970900528371	211231	54.5913870948567
K562	xgboost	MBNL1-RBFOX2	4	Neither	0.23493970900528371	211231	54.5913870948567
K562	xgboost	CSTF2T-NONO	3	Neither	0.23493970900528371	211231	54.5913870948567
K562	xgboost	CSTF2T-NONO	5	Neither	0.23493970900528371	211231	54.5913870948567
K562	xgboost	PCBP1-RBFOX2	3	Neither	0.23493970900528371	211231	54.5913870948567
K562	xgboost	PCBP1-RBFOX2	4	Neither	0.23493970900528371	211231	54.5913870948567
K562	xgboost	CSTF2T-NONO	1	Neither	0.2349397090052836	211231	54.5913870948567
K562	xgboost	FMR1-FXR2	1	Neither	0.23493903259963866	211230	54.59112865084472
K562	xgboost	MBNL1-RBFOX2	5	Neither	0.23493870630971792	211230	54.59112865084472
K562	xgboost	U2AF1-U2AF2	5	Neither	0.23493815235900595	211209	54.58570132659312
K562	xgboost	FMR1-FXR2	5	Neither	0.23493765821146195	211223	54.58931954276085
K562	xgboost	APOBEC3C-PCBP1	1	Neither	0.23489378850789444	211212	54.58647665862906
K562	xgboost	U2AF1-U2AF2	4	Neither	0.23484561238442103	211175	54.57691423018575
K562	xgboost	IGF2BP2-PCBP1	5	Neither	0.23483604326769303	211177	54.57743111820971
K562	xgboost	EWSR1-RBM15	3	Neither	0.23483004527620166	211047	54.54383339665212
K562	xgboost	FMR1-FXR2	4	Neither	0.2347929998618421	211100	54.55753092928713
K562	xgboost	FMR1-FXR2	3	Neither	0.23478737085030665	211093	54.555721821203264
K562	xgboost	IGF2BP2-PCBP1	1	Neither	0.23470425557735008	211037	54.54124895653231
K562	xgboost	FXR1-FXR2	4	Neither	0.23468089073152887	211068	54.549260720903725
K562	xgboost	IGF2BP2-PCBP1	4	Neither	0.23455381663443597	210979	54.52625920383738
K562	xgboost	PTBP1-ZC3H8	3	Neither	0.23452381824377966	210386	54.37300190473236
K562	xgboost	FMR1-FXR2	2	Neither	0.2344235976862976	210984	54.52755142389728
K562	xgboost	HNRNPK-PCBP1	4	Neither	0.23442149897825393	211093	54.555721821203264
K562	xgboost	CPSF6-RBM15	4	Neither	0.23436643266710566	209632	54.17813511969835
K562	xgboost	RBM22-TIA1	6	Neither	0.23420760570857269	209823	54.2274979259868
K562	xgboost	APOBEC3C-PCBP1	2	Neither	0.23405221222216122	210857	54.49472903437563
K562	xgboost	RBM22-TIA1	5	Neither	0.23384697772006346	208988	54.01169717598228
K562	xgboost	RBFOX2-SF3B4	3	Neither	0.23381583658783	209782	54.21690172149556
K562	xgboost	CPSF6-RBM15	5	Neither	0.23371345823046374	208613	53.91478067148924
K562	xgboost	CPSF6-RBM15	6	Neither	0.23367070735223394	208301	53.83414613975101
K562	xgboost	RBM22-TIA1	1	Neither	0.23357171396898713	209667	54.1871806601177
K562	linear	PCBP1-RBFOX2	4	Same Pos. PPI	0.2332467312816191	427	0.11035559311608531
K562	xgboost	RBM22-TIA1	6	Single Binders	0.23307821645454319	6705	1.7328671003357186
K562	xgboost	RBFOX2-SF3B4	4	Neither	0.23143770849042744	208680	53.932096420291984
K562	xgboost	RBFOX2-SF3B4	2	Neither	0.22909179241483424	201000	51.94724640827434
K562	xgboost	CPSF6-RBM15	2	Single Binders	0.22322695582143814	16357	4.227368703980813
K562	xgboost	QKI-RBFOX2	3	Single Binders	0.22301974933822533	5768	1.4907050611090866
HepG2	xgboost	PCBP1-RBFOX2	6	Single Binders	0.22270378946765323	3384	0.893932669752108
HepG2	xgboost	PCBP2-RBFOX2	5	Single Binders	0.21801674662071668	9223	2.4363891882753226
K562	linear	RBM22-TIA1	6	Same Pos. PPI	0.215136875784804	91	0.02351840509031326
K562	xgboost	FMR1-FXR2	2	Same Pos. PPI	0.21492030308183663	3150	0.8140986377416128
HepG2	xgboost	QKI-RBFOX2	3	Single Binders	0.21281788037367289	11125	2.9388300682601067
K562	linear	EWSR1-NONO	5	Single Binders	0.2123756015632603	2962	0.7655111634890975
K562	xgboost	FXR1-FXR2	2	Same Pos. PPI	0.21164424265262527	2894	0.7479369706743579
K562	xgboost	RBFOX2-SF3B4	2	Single Binders	0.21125670660193552	43745	11.305633304129161
K562	linear	HNRNPK-PCBP1	3	Same Pos. PPI	0.2099949750278315	809	0.2090812056930047
K562	xgboost	RBM22-TIA1	1	Single Binders	0.20966851734427905	7451	1.9256663332738913
HepG2	xgboost	U2AF1-U2AF2	3	Single Binders	0.20882393629222296	22636	5.97962763372007
HepG2	xgboost	FUBP3-U2AF2	4	Single Binders	0.2080364430643047	39650	10.47412244552928
K562	linear	HNRNPK-QKI	3	Single Binders	0.20666561409839723	4831	1.2485430218824545
HepG2	xgboost	HNRNPK-U2AF2	2	Single Binders	0.2066022155188939	32664	8.628669244912192
K562	xgboost	HNRNPK-PCBP1	6	Single Binders	0.205841102231885	3829	0.9895821218770272
K562	xgboost	RBFOX2-SF3B4	1	Single Binders	0.2038863694207339	22532	5.823260477966356
HepG2	xgboost	HNRNPK-LARP4	3	Single Binders	0.20216657601061294	5255	1.3881844502208414
K562	xgboost	CSTF2T-EWSR1	6	Same Pos. PPI	0.20007498877364027	476	0.12301934970317704
K562	xgboost	CSTF2T-NONO	3	Single Binders	0.19757748727425062	4996	1.2911862838593962
K562	linear	CSTF2T-EWSR1	1	Single Binders	0.19753473374379926	2539	0.6561893464209381
K562	xgboost	U2AF1-U2AF2	6	Same Pos. PPI	0.19626227361117843	4691	1.2123608602050495
K562	xgboost	U2AF1-U2AF2	4	Single Binders	0.1960690066620463	11490	2.969521697667026
K562	xgboost	HNRNPK-QKI	3	Single Binders	0.19394648972288053	4831	1.2485430218824545
HepG2	xgboost	U2AF1-U2AF2	2	Single Binders	0.19187516245286507	27866	7.361207971427968
K562	xgboost	RBM22-TIA1	4	Single Binders	0.19112269792016645	7541	1.948926294352223
HepG2	linear	RBFOX2-SF3B4	5	Single Binders	0.18991897406994762	17969	4.746771909803673
K562	xgboost	RBFOX2-SF3B4	5	Single Binders	0.18968519214677904	41572	10.744034466093439
HepG2	xgboost	HNRNPK-PCBP1	6	Single Binders	0.18945925884834658	2382	0.6292398402333101
HepG2	linear	HNRNPK-LARP4	4	Single Binders	0.18745931779459646	5573	1.47218876138549
HepG2	linear	HNRNPK-U2AF2	3	Single Binders	0.18725415616381036	26768	7.071155349859465
K562	xgboost	HNRNPK-LARP4	2	Single Binders	0.18562928032828885	1999	0.5166295799509473
K562	xgboost	CSTF2T-NONO	2	Single Binders	0.18478703242133565	5045	1.303850040446488
HepG2	linear	HNRNPK-LARP4	5	Single Binders	0.18150810765799952	5684	1.5015110209429616
HepG2	linear	HNRNPK-PCBP1	4	Single Binders	0.1802479381619062	2496	0.659354593292335
K562	xgboost	RBFOX2-SF3B4	6	Single Binders	0.17874713755498184	36741	9.495491444210984
HepG2	linear	PCBP2-QKI	3	Single Binders	0.17566562347257508	6931	1.8309241530886113
K562	xgboost	PCBP1-RBFOX2	6	Single Binders	0.17438798267485656	3486	0.900935825767385
K562	xgboost	U2AF1-U2AF2	5	Same Pos. PPI	0.16885625807899396	2240	0.5789145868384802
HepG2	xgboost	SF3B4-TAF15	5	Same Pos. PPI	0.16574276438696534	32	0.008453264016568396
HepG2	xgboost	RBFOX2-SF3B4	4	Single Binders	0.1649425089075809	14227	3.7582683488662063
HepG2	linear	HNRNPK-U2AF2	1	Single Binders	0.16347273860980394	15007	3.9643166592700605
HepG2	linear	U2AF1-U2AF2	3	Same Pos. PPI	0.1633793131852429	1923	0.5079883344956572
HepG2	linear	RBM22-TIA1	4	Single Binders	0.1622161786916989	3830	1.0117500369830301
HepG2	xgboost	RBFOX2-SF3B4	3	Single Binders	0.1607639426141304	18342	4.845305268496798
K562	xgboost	RBM22-TIA1	5	Single Binders	0.15806320661398954	8956	2.314624571305995
HepG2	linear	HNRNPK-U2AF2	5	Single Binders	0.15786173223642974	31893	8.424998415012997
HepG2	xgboost	HNRNPK-IGF2BP3	4	Single Binders	0.15637511364164702	3569	0.9428031023478941
K562	xgboost	CSTF2T-NONO	6	Single Binders	0.15480030076414664	3077	0.7952322248669659
K562	xgboost	HNRNPK-U2AF2	1	Single Binders	0.15365405400330956	7501	1.9385885338729643
K562	xgboost	U2AF1-U2AF2	6	Single Binders	0.1523684732130759	11607	2.9997596470688572
HepG2	xgboost	HNRNPK-IGF2BP3	6	Single Binders	0.15133732211911666	3724	0.9837485999281472
HepG2	xgboost	RBFOX2-SF3B4	6	Single Binders	0.1499329604603209	13755	3.633582704621822
K562	xgboost	CPSF6-RBM15	4	Single Binders	0.1490219506393229	9310	2.4061137515474336
HepG2	xgboost	HNRNPK-PCBP1	2	Same Pos. PPI	0.1489518462093833	42	0.011094909021746022
HepG2	linear	U2AF1-U2AF2	3	Single Binders	0.14814941732059328	22636	5.97962763372007
HepG2	linear	HNRNPK-QKI	3	Single Binders	0.1459402426361538	7107	1.8774171051797375
HepG2	xgboost	QKI-RBFOX2	4	Same Pos. PPI	0.14372152901537827	330	0.08717428517086159
K562	xgboost	CSTF2T-NONO	4	Single Binders	0.14351815740922713	3417	0.8831031889406639
K562	linear	U2AF1-U2AF2	2	Same Pos. PPI	0.14240390939135006	4254	1.0994208269691494
K562	xgboost	CSTF2T-EWSR1	4	Single Binders	0.14092250984195798	2759	0.7130470290568602
HepG2	linear	U2AF1-U2AF2	5	Single Binders	0.1395483152892456	29738	7.855723916397219
K562	xgboost	HNRNPK-PCBP1	4	Single Binders	0.13650798334170788	3921	1.0133589709793218
HepG2	xgboost	PCBP1-RBFOX2	3	Single Binders	0.13597877311981166	8383	2.2144910078404023
HepG2	linear	U2AF1-U2AF2	4	Single Binders	0.133130582575667	35401	9.351687482829307
HepG2	xgboost	PCBP2-RBFOX2	3	Single Binders	0.13114363996075828	10666	2.817578562522454
HepG2	linear	HNRNPK-LARP4	6	Neither	0.13000443732848477	179914	47.52689194615271
K562	linear	HNRNPK-PCBP1	4	Single Binders	0.12999465520607922	3921	1.0133589709793218
K562	xgboost	CSTF2T-NONO	5	Same Pos. PPI	0.12857130377396053	730	0.188664128746469
HepG2	linear	RBM22-TIA1	6	Neither	0.1285522024749306	180207	47.60429214480441
HepG2	linear	U2AF1-U2AF2	3	Neither	0.12468951463043176	181312	47.89619391787654
HepG2	linear	U2AF1-U2AF2	5	Neither	0.12455122056147938	181221	47.872154948329424
HepG2	linear	FUBP3-U2AF2	4	Neither	0.12450214147998573	181364	47.909930471903465
HepG2	linear	FUBP3-RBFOX2	6	Neither	0.12432776253216338	180950	47.80056636868911
HepG2	linear	HNRNPK-LARP4	3	Neither	0.12417333150933307	181229	47.874268264333566
HepG2	linear	HNRNPK-IGF2BP3	6	Neither	0.12411477123314096	180901	47.78762230816374
HepG2	linear	RBFOX2-SF3B4	2	Neither	0.12409852121567766	177790	46.96580654705298
HepG2	linear	PCBP2-RBFOX2	1	Neither	0.12401114136780156	181051	47.82724698324141
HepG2	linear	U2AF1-U2AF2	1	Neither	0.12389196645781608	181375	47.91283628140916
HepG2	linear	SF3B4-TAF15	3	Neither	0.12384088370884627	181404	47.92049705192418
HepG2	linear	HNRNPK-PCBP1	1	Neither	0.12383894478233715	181407	47.92128954542573
HepG2	linear	SF3B4-TAF15	5	Neither	0.1238386595414207	181407	47.92128954542573
HepG2	linear	HNRNPK-IGF2BP3	3	Neither	0.12383795972696487	181397	47.91864790042055
HepG2	linear	HNRNPK-U2AF2	1	Neither	0.12383767402209289	181408	47.92155370992624
HepG2	linear	QKI-RBFOX2	4	Neither	0.12383767402209267	181408	47.92155370992624
HepG2	linear	RBFOX2-SF3B4	3	Neither	0.12383767402209267	181408	47.92155370992624
HepG2	linear	HNRNPK-PCBP1	6	Neither	0.12383767402209267	181408	47.92155370992624
HepG2	linear	HNRNPK-U2AF2	2	Neither	0.12383767402209267	181408	47.92155370992624
HepG2	linear	PCBP1-RBFOX2	3	Neither	0.12383767402209256	181408	47.92155370992624
HepG2	linear	PCBP1-RBFOX2	6	Neither	0.12383767402209256	181408	47.92155370992624
HepG2	linear	PCBP2-RBFOX2	3	Neither	0.12383767402209256	181408	47.92155370992624
HepG2	linear	PCBP2-QKI	5	Neither	0.12383767402209256	181408	47.92155370992624
HepG2	linear	PCBP2-QKI	3	Neither	0.12383767402209256	181408	47.92155370992624
HepG2	linear	HNRNPK-U2AF2	5	Neither	0.12383767402209256	181408	47.92155370992624
HepG2	linear	RBFOX2-SF3B4	5	Neither	0.12383767402209234	181408	47.92155370992624
HepG2	linear	PCBP1-RBFOX2	2	Neither	0.12383767402209234	181408	47.92155370992624
HepG2	linear	HNRNPK-PCBP1	3	Neither	0.12383767402209234	181408	47.92155370992624
HepG2	linear	QKI-RBFOX2	5	Neither	0.12383767402209234	181408	47.92155370992624
HepG2	linear	HNRNPK-PCBP1	2	Neither	0.12383767402209234	181408	47.92155370992624
HepG2	linear	HNRNPK-QKI	3	Neither	0.12383767402209234	181408	47.92155370992624
HepG2	linear	QKI-RBFOX2	3	Neither	0.12383767402209234	181408	47.92155370992624
HepG2	linear	HNRNPK-U2AF2	3	Neither	0.12383767402209223	181408	47.92155370992624
HepG2	linear	PCBP2-RBFOX2	5	Neither	0.12383767402209211	181408	47.92155370992624
HepG2	linear	HNRNPK-PCBP1	5	Neither	0.12383299930106684	181406	47.92102538092521
HepG2	linear	U2AF1-U2AF2	4	Neither	0.12382371116914026	181333	47.90174137238741
HepG2	linear	QKI-RBFOX2	1	Neither	0.12377951582980329	181027	47.82090703522898
HepG2	linear	HNRNPK-LARP4	5	Neither	0.12377338264930682	180900	47.78735814366322
HepG2	linear	HNRNPK-PCBP1	4	Neither	0.12374318917017135	181351	47.90649633339673
HepG2	linear	PCBP1-PTBP1	3	Neither	0.1235314834879242	181255	47.88113654134703
HepG2	linear	RBFOX2-SF3B4	6	Neither	0.12351994873882888	179474	47.410659565924895
HepG2	linear	HNRNPK-LARP4	4	Neither	0.12347316288008436	180727	47.741657685073655
HepG2	linear	HNRNPK-IGF2BP3	4	Neither	0.12329375121691155	181120	47.845474333777126
HepG2	linear	U2AF1-U2AF2	2	Neither	0.12309374363792713	181148	47.85287093979163
HepG2	linear	PTBP1-QKI	4	Neither	0.1230073272082447	181237	47.87638158033771
HepG2	linear	RBM22-TIA1	4	Neither	0.12266716016858359	180474	47.67482406644265
HepG2	linear	RBM15-SRSF9	6	Neither	0.12236275015187736	180907	47.78920729516685
HepG2	linear	RBFOX2-SF3B4	1	Neither	0.12198014913608868	179369	47.38292229337053
HepG2	linear	RBFOX2-SF3B4	4	Neither	0.121581008583033	179352	47.37843149686173
HepG2	linear	RBM22-TIA1	2	Neither	0.12147420360484651	177952	47.00860119613686
HepG2	linear	U2AF1-U2AF2	6	Neither	0.12090618040527001	174033	45.97334051860775
HepG2	linear	RBM22-TIA1	5	Neither	0.12081748188020591	178888	47.255859168621484
K562	xgboost	U2AF1-U2AF2	2	Same Pos. PPI	0.12056355262025387	4254	1.0994208269691494
HepG2	linear	U2AF1-U2AF2	2	Single Binders	0.1200249287390851	27866	7.361207971427968
K562	xgboost	U2AF1-U2AF2	1	Single Binders	0.11950829434449273	5369	1.3875859003284823
HepG2	linear	U2AF1-U2AF2	6	Same Pos. PPI	0.11808080398440868	2845	0.7515480039730341
HepG2	xgboost	HNRNPK-LARP4	6	Single Binders	0.11719572301200687	6657	1.7585430799467443
K562	xgboost	EWSR1-NONO	4	Same Pos. PPI	0.11708178609909059	443	0.11449069730778874
HepG2	linear	U2AF1-U2AF2	1	Single Binders	0.11593015787025918	13764	3.635960185126482
HepG2	linear	U2AF1-U2AF2	6	Single Binders	0.11479038822844545	26694	7.0516071768211495
HepG2	linear	HNRNPK-PCBP1	6	Single Binders	0.11437778746746674	2382	0.6292398402333101
HepG2	linear	SF3B4-TAF15	5	Single Binders	0.11322034243221457	15860	4.189648978211713
HepG2	xgboost	RBFOX2-SF3B4	2	Single Binders	0.11135558154081837	19719	5.209059785709757
K562	linear	CSTF2T-NONO	3	Single Binders	0.10873735973623944	4996	1.2911862838593962
K562	xgboost	HNRNPK-U2AF2	5	Single Binders	0.10869761445617898	14618	3.777934567145046
HepG2	linear	FUBP3-U2AF2	4	Single Binders	0.10706675570289359	39650	10.47412244552928
K562	xgboost	CSTF2T-TAF15	4	Single Binders	0.10613561130272986	2087	0.5393726530053161
K562	xgboost	DDX42-U2AF2	4	Single Binders	0.10598048106897662	14210	3.672489410256609
K562	xgboost	U2AF1-U2AF2	3	Single Binders	0.10592557594922591	6516	1.684021182071222
HepG2	xgboost	HNRNPK-PCBP1	4	Single Binders	0.10565741163083175	2496	0.659354593292335
HepG2	xgboost	RBM22-TIA1	5	Single Binders	0.10526130374724219	9369	2.474957205350916
K562	linear	RBM22-TIA1	1	Single Binders	0.10500571066593212	7451	1.9256663332738913
HepG2	linear	QKI-RBFOX2	3	Single Binders	0.10446867830967532	11125	2.9388300682601067
K562	xgboost	PTBP1-ZC3H8	6	Single Binders	0.10187870600222859	678	0.17522504012343287
K562	linear	IGF2BP2-PCBP1	6	Single Binders	0.10150665759086275	7039	1.819187400337528
K562	xgboost	FMR1-FXR2	1	Single Binders	0.10114971120863336	3025	0.7817931362439298
K562	xgboost	FXR1-FXR2	5	Same Pos. PPI	0.10072210918483548	743	0.19202390090222807
K562	xgboost	CSTF2T-NONO	6	Same Pos. PPI	0.09778376774843911	403	0.10415293682853016
K562	linear	FXR1-FXR2	5	Single Binders	0.09778204496014764	4188	1.082363522178373
K562	xgboost	CSTF2T-EWSR1	2	Single Binders	0.09768191402856397	3573	0.9234204548097723
K562	linear	IGF2BP2-PCBP1	1	Single Binders	0.09237896015637581	4073	1.0526424608005045
HepG2	xgboost	RBM22-TIA1	6	Single Binders	0.09192862290814963	6093	1.6095543016547265
K562	xgboost	U2AF1-U2AF2	5	Single Binders	0.09070541531288345	11026	2.8496036761076264
K562	xgboost	RBFOX2-SF3B4	5	Same Pos. PPI	0.08987975194128672	983	0.2540504637777795
HepG2	xgboost	FUBP3-RBFOX2	6	Single Binders	0.08842942581023205	4956	1.3091992645660304
K562	linear	EWSR1-NONO	3	Same Pos. PPI	0.08829579925061937	672	0.17367437605154407
HepG2	linear	HNRNPK-U2AF2	3	Same Pos. PPI	0.08753462792719802	366	0.09668420718950105
K562	linear	RBFOX2-SF3B4	2	Single Binders	0.08547212856179875	43745	11.305633304129161
K562	xgboost	EWSR1-NONO	3	Same Pos. PPI	0.08306695552452792	672	0.17367437605154407
HepG2	xgboost	QKI-RBFOX2	4	Single Binders	0.08152977531869088	9405	2.4844671273695553
HepG2	xgboost	HNRNPK-PCBP1	3	Same Pos. PPI	0.08012899241791216	75	0.019812337538832183
K562	linear	PCBP1-RBFOX2	6	Single Binders	0.07991720982247852	3486	0.900935825767385
K562	linear	HNRNPK-LARP4	2	Single Binders	0.0778509218324498	1999	0.5166295799509473
K562	linear	EWSR1-NONO	6	Single Binders	0.07620954184856321	2001	0.5171464679749103
K562	xgboost	IGF2BP2-PCBP1	6	Same Pos. PPI	0.07546796218741325	589	0.15222352305708253
K562	linear	IGF2BP2-PCBP1	2	Same Pos. PPI	0.0748828022751945	413	0.1067373769483448
K562	linear	U2AF1-U2AF2	6	Same Pos. PPI	0.07434751152621288	4691	1.2123608602050495
HepG2	linear	HNRNPK-LARP4	6	Single Binders	0.07414118959005389	6657	1.7585430799467443
HepG2	linear	RBM15-SRSF9	6	Single Binders	0.07392010727348097	3152	0.8326465056319873
K562	xgboost	EWSR1-NONO	2	Single Binders	0.0735268123828936	3698	0.9557259563074553
HepG2	linear	PCBP2-RBFOX2	5	Single Binders	0.0724447440932443	9223	2.4363891882753226
K562	xgboost	CSTF2T-EWSR1	5	Same Pos. PPI	0.07147705740287447	691	0.1785848122791919
K562	xgboost	FMR1-FXR2	3	Same Pos. PPI	0.06896084555455051	1440	0.3721593772533087
HepG2	xgboost	HNRNPK-IGF2BP3	3	Single Binders	0.06887288087298793	4718	1.246328113442803
K562	linear	U2AF1-U2AF2	6	Single Binders	0.06877556137132801	11607	2.9997596470688572
K562	xgboost	GTF2F1-PCBP1	3	Single Binders	0.06771910844255702	5565	1.4382409266768492
K562	xgboost	FMR1-FXR2	5	Single Binders	0.06375758947908883	4527	1.1699760422400893
K562	xgboost	CSTF2T-TAF15	3	Single Binders	0.06302296518478379	3567	0.9218697907378834
K562	linear	PUM2-QKI	6	Neither	0.058877406372442875	208365	53.85068655651782
HepG2	linear	HNRNPK-IGF2BP3	4	Single Binders	0.058698600095186904	3569	0.9428031023478941
HepG2	xgboost	QKI-RBFOX2	5	Single Binders	0.05856511852453283	9496	2.5085060969166717
K562	xgboost	EWSR1-RBM15	3	Single Binders	0.058206942250588756	5359	1.3850014602086675
K562	linear	U2AF1-U2AF2	3	Neither	0.0570941556294835	210427	54.383598109223605
K562	linear	GTF2F1-PCBP1	3	Neither	0.0565516289765996	210549	54.415128278685344
K562	linear	PTBP1-ZC3H8	5	Neither	0.05654238708271997	210783	54.47560417748901
K562	linear	RBM22-TIA1	3	Neither	0.056281830069273786	210115	54.3029635774854
K562	linear	IGF2BP2-PCBP1	2	Neither	0.05628094443340992	210551	54.41564516670931
HepG2	linear	RBM22-TIA1	5	Single Binders	0.056258396434747504	9369	2.474957205350916
K562	linear	IGF2BP2-PCBP1	4	Neither	0.05625333332881821	210979	54.52625920383738
K562	linear	CPSF6-RBM15	2	Neither	0.056170695355246325	210804	54.48103150174062
K562	linear	PTBP1-ZC3H8	6	Neither	0.0561220305079797	211095	54.55623870922722
K562	linear	HNRNPK-PCBP1	6	Neither	0.056047765667327276	210955	54.52005654754982
K562	linear	GTF2F1-PCBP1	4	Neither	0.055847460337080324	210670	54.44640000413511
K562	linear	HNRNPK-LARP4	2	Neither	0.05576326697842382	211222	54.58906109874887
K562	linear	FXR1-FXR2	1	Neither	0.055752996968343904	211198	54.582858442461315
K562	linear	CSTF2T-TAF15	4	Neither	0.055702290172112146	211184	54.57924022629358
K562	linear	FXR1-FXR2	5	Neither	0.055701751415567324	211056	54.546159392759954
K562	linear	U2AF1-U2AF2	5	Neither	0.055695928563307295	211209	54.58570132659312
K562	linear	IGF2BP2-PCBP1	3	Neither	0.0556925760289505	211029	54.539181404436455
K562	linear	FXR1-FXR2	3	Neither	0.05568996968691586	211218	54.58802732270095
K562	linear	FMR1-FXR2	5	Neither	0.05567392806873894	211223	54.58931954276085
K562	linear	U2AF1-U2AF2	1	Neither	0.05567069296411331	211229	54.59087020683274
K562	linear	HNRNPK-PCBP1	1	Neither	0.05566967394989508	211231	54.5913870948567
K562	linear	HNRNPK-PCBP1	5	Neither	0.05566967394989508	211231	54.5913870948567
K562	linear	EWSR1-NONO	3	Neither	0.05566967394989508	211231	54.5913870948567
K562	linear	CSTF2T-EWSR1	4	Neither	0.05566967394989508	211231	54.5913870948567
K562	linear	CSTF2T-EWSR1	6	Neither	0.05566967394989508	211231	54.5913870948567
K562	linear	PCBP1-RBFOX2	3	Neither	0.05566967394989497	211231	54.5913870948567
K562	linear	HNRNPK-PCBP1	2	Neither	0.05566967394989497	211231	54.5913870948567
K562	linear	CSTF2T-EWSR1	5	Neither	0.05566967394989497	211231	54.5913870948567
K562	linear	EWSR1-NONO	6	Neither	0.05566967394989497	211231	54.5913870948567
K562	linear	EWSR1-NONO	5	Neither	0.05566967394989497	211231	54.5913870948567
K562	linear	EWSR1-RBM15	2	Neither	0.05566967394989497	211231	54.5913870948567
K562	linear	CSTF2T-EWSR1	2	Neither	0.05566967394989497	211231	54.5913870948567
K562	linear	MBNL1-RBFOX2	2	Neither	0.05566967394989497	211231	54.5913870948567
K562	linear	CSTF2T-NONO	5	Neither	0.05566967394989497	211231	54.5913870948567
K562	linear	QKI-RBFOX2	3	Neither	0.05566967394989497	211231	54.5913870948567
K562	linear	CSTF2T-NONO	2	Neither	0.05566967394989497	211231	54.5913870948567
K562	linear	HNRNPK-U2AF2	5	Neither	0.05566967394989497	211231	54.5913870948567
K562	linear	MBNL1-RBFOX2	4	Neither	0.05566967394989497	211231	54.5913870948567
K562	linear	DDX42-RBFOX2	3	Neither	0.05566967394989497	211231	54.5913870948567
K562	linear	HNRNPK-QKI	3	Neither	0.05566967394989497	211231	54.5913870948567
K562	linear	PCBP1-QKI	3	Neither	0.05566967394989497	211231	54.5913870948567
K562	linear	CSTF2T-EWSR1	3	Neither	0.05566967394989486	211231	54.5913870948567
K562	linear	CSTF2T-NONO	6	Neither	0.05566967394989486	211231	54.5913870948567
K562	linear	CSTF2T-NONO	3	Neither	0.05566967394989486	211231	54.5913870948567
K562	linear	CSTF2T-TAF15	3	Neither	0.05566967394989475	211231	54.5913870948567
K562	linear	PCBP1-RBFOX2	6	Neither	0.05566967394989475	211231	54.5913870948567
K562	linear	HNRNPK-U2AF2	1	Neither	0.05566967394989475	211231	54.5913870948567
K562	linear	CSTF2T-NONO	1	Neither	0.05566967394989464	211231	54.5913870948567
K562	linear	EWSR1-NONO	2	Neither	0.05566967394989464	211231	54.5913870948567
K562	linear	EWSR1-NONO	4	Neither	0.05566967394989464	211231	54.5913870948567
K562	linear	HNRNPK-PCBP1	3	Neither	0.05566967394989464	211231	54.5913870948567
K562	linear	PCBP1-RBFOX2	4	Neither	0.05566967394989464	211231	54.5913870948567
K562	linear	DDX42-U2AF2	4	Neither	0.05566967394989453	211231	54.5913870948567
K562	linear	CSTF2T-NONO	4	Neither	0.05566967394989453	211231	54.5913870948567
K562	linear	CSTF2T-EWSR1	1	Neither	0.05566967394989453	211231	54.5913870948567
K562	linear	EWSR1-NONO	1	Neither	0.055669673949894416	211231	54.5913870948567
K562	linear	MBNL1-RBFOX2	5	Neither	0.0556696224301223	211230	54.59112865084472
K562	linear	MBNL1-RBFOX2	3	Neither	0.05566762697356231	211229	54.59087020683274
K562	linear	FMR1-FXR2	1	Neither	0.0556648155891154	211230	54.59112865084472
K562	linear	FXR1-FXR2	2	Neither	0.05566030069659256	211034	54.54047362449636
K562	linear	MBNL1-RBFOX2	1	Neither	0.05566029189573429	211230	54.59112865084472
K562	linear	U2AF1-U2AF2	4	Neither	0.05565123231206981	211175	54.57691423018575
K562	linear	FMR1-FXR2	4	Neither	0.055647803510040506	211100	54.55753092928713
K562	linear	IGF2BP2-PCBP1	5	Neither	0.055647031345070985	211177	54.57743111820971
K562	linear	APOBEC3C-PCBP1	1	Neither	0.05563720118008497	211212	54.58647665862906
K562	linear	RBFOX2-SF3B4	6	Neither	0.05561480871197233	205838	53.19759853824066
K562	linear	FXR1-FXR2	6	Neither	0.055601727956376634	211040	54.54202428856825
K562	linear	EWSR1-RBM15	3	Neither	0.055564301544950956	211047	54.54383339665212
K562	linear	FMR1-FXR2	3	Neither	0.05550688074369525	211093	54.555721821203264
K562	linear	FMR1-FXR2	6	Neither	0.055469076227502856	210757	54.468884633177495
K562	linear	FXR1-FXR2	4	Neither	0.0554655773144731	211068	54.549260720903725
K562	linear	QKI-RBFOX2	1	Neither	0.05540044702310376	210962	54.5218656556337
K562	linear	RBM22-TIA1	4	Neither	0.05539975152687926	210177	54.31898710622824
K562	linear	RBM22-TIA1	2	Neither	0.055339080420200526	208359	53.84913589244594
K562	linear	PTBP1-ZC3H8	3	Neither	0.055191457410288636	210386	54.37300190473236
K562	linear	RBFOX2-SF3B4	3	Neither	0.055116945558356445	209782	54.21690172149556
K562	linear	IGF2BP2-PCBP1	1	Neither	0.05511659616295317	211037	54.54124895653231
K562	linear	RBFOX2-SF3B4	6	Single Binders	0.05504518497180244	36741	9.495491444210984
K562	linear	FMR1-FXR2	2	Neither	0.0549847247507812	210984	54.52755142389728
K562	linear	CPSF6-RBM15	5	Neither	0.05495902094736138	208613	53.91478067148924
K562	linear	APOBEC3C-PCBP1	2	Neither	0.05487363360016928	210857	54.49472903437563
K562	linear	IGF2BP2-PCBP1	6	Neither	0.05478127345204831	210058	54.28823226880245
K562	linear	HNRNPK-PCBP1	4	Neither	0.05469794243273829	211093	54.555721821203264
K562	linear	CPSF6-RBM15	4	Neither	0.054620372755481594	209632	54.17813511969835
K562	linear	U2AF1-U2AF2	2	Neither	0.054497562001111	208654	53.92537687598047
K562	linear	RBFOX2-SF3B4	1	Neither	0.05449329271724257	208982	54.01014651191039
K562	linear	RBFOX2-SF3B4	5	Neither	0.054021998952019756	207838	53.714486562203604
K562	linear	RBM22-TIA1	6	Neither	0.05392317985177508	209823	54.2274979259868
K562	linear	RBM22-TIA1	1	Neither	0.053920462472266784	209667	54.1871806601177
K562	xgboost	EWSR1-NONO	6	Single Binders	0.05379005116904434	2001	0.5171464679749103
K562	linear	CPSF6-RBM15	6	Neither	0.053122212043858474	208301	53.83414613975101
K562	linear	RBFOX2-SF3B4	4	Neither	0.05310417970671577	208680	53.932096420291984
K562	linear	IGF2BP2-PCBP1	2	Single Binders	0.05298972835328053	8959	2.3153999033419392
K562	linear	RBM22-TIA1	5	Neither	0.052890093717229636	208988	54.01169717598228
K562	linear	U2AF1-U2AF2	6	Neither	0.05281332649955217	207319	53.580354119985216
HepG2	xgboost	HNRNPK-PCBP1	3	Single Binders	0.04786546864095065	4491	1.1863627718252712
K562	xgboost	CSTF2T-EWSR1	3	Single Binders	0.04732731895861564	3824	0.9882899018171197
HepG2	linear	PCBP2-QKI	5	Single Binders	0.04584803560977202	6741	1.7807328979902364
HepG2	linear	RBFOX2-SF3B4	1	Single Binders	0.04547294682176739	12059	3.185559711743697
K562	linear	RBFOX2-SF3B4	2	Neither	0.044673596255633496	201000	51.94724640827434
K562	xgboost	HNRNPK-PCBP1	1	Single Binders	0.04430377412353148	2743	0.7089119248651569
K562	linear	U2AF1-U2AF2	5	Single Binders	0.04327197989977094	11026	2.8496036761076264
HepG2	linear	U2AF1-U2AF2	5	Same Pos. PPI	0.04182653659264457	1456	0.3846235127538621
K562	xgboost	FXR1-FXR2	3	Single Binders	0.04017231819623779	3026	0.7820515802559113
K562	linear	RBM22-TIA1	5	Single Binders	0.040129710112450034	8956	2.314624571305995
K562	xgboost	U2AF1-U2AF2	2	Single Binders	0.03935428548059394	10517	2.718055674009061
HepG2	xgboost	RBM22-TIA1	2	Single Binders	0.035946561171221636	10604	2.8012003634903526
K562	xgboost	APOBEC3C-PCBP1	2	Single Binders	0.03564742804410248	4752	1.2281259449359188
K562	linear	CSTF2T-NONO	1	Same Pos. PPI	0.03284587235098202	347	0.08968007215756815
K562	xgboost	PCBP1-QKI	3	Single Binders	0.03160901907252012	4130	1.067373769483448
HepG2	linear	PCBP2-RBFOX2	3	Single Binders	0.03146773904765854	10666	2.817578562522454
K562	linear	CPSF6-RBM15	6	Single Binders	0.03129917262896709	13903	3.5931470985783
K562	xgboost	CSTF2T-EWSR1	6	Single Binders	0.030405493125737815	1978	0.5112022556993365
K562	linear	CSTF2T-NONO	6	Single Binders	0.029947792148625085	3077	0.7952322248669659
HepG2	linear	QKI-RBFOX2	5	Single Binders	0.026733047705400192	9496	2.5085060969166717
K562	linear	EWSR1-NONO	4	Single Binders	0.025920975463978535	2412	0.6233669568992921
HepG2	xgboost	PCBP1-PTBP1	3	Same Pos. PPI	0.024022987593593115	72	0.019019844037278896
HepG2	linear	HNRNPK-U2AF2	2	Single Binders	0.0235832095001296	32664	8.628669244912192
HepG2	linear	RBFOX2-SF3B4	4	Single Binders	0.022426390984712885	14227	3.7582683488662063
K562	xgboost	FXR1-FXR2	3	Same Pos. PPI	0.021002067915501965	909	0.23492560689115116
K562	linear	HNRNPK-PCBP1	6	Single Binders	0.020641415503283245	3829	0.9895821218770272
HepG2	linear	FUBP3-RBFOX2	6	Single Binders	0.019462801007818054	4956	1.3091992645660304
K562	linear	HNRNPK-U2AF2	5	Single Binders	0.01772430712761719	14618	3.777934567145046
K562	linear	RBFOX2-SF3B4	5	Single Binders	0.016987792930932444	41572	10.744034466093439
HepG2	xgboost	U2AF1-U2AF2	4	Same Pos. PPI	0.016077331092891	5499	1.4526405883471756
HepG2	xgboost	RBM15-SRSF9	6	Single Binders	0.015576839606878501	3152	0.8326465056319873
HepG2	linear	HNRNPK-IGF2BP3	6	Single Binders	0.015469292543436097	3724	0.9837485999281472
K562	linear	CPSF6-RBM15	5	Single Binders	0.015166264035626598	10793	2.7893862213159455
K562	xgboost	U2AF1-U2AF2	3	Same Pos. PPI	0.009693413189377442	1741	0.44995102485972954
K562	xgboost	PUM2-QKI	6	Single Binders	0.009618960214181516	4999	1.2919616158953404
K562	linear	HNRNPK-PCBP1	3	Single Binders	0.006992859375799854	4719	1.2195972925405305
HepG2	linear	HNRNPK-PCBP1	5	Single Binders	0.006833661277998115	3068	0.8104566875884952
K562	xgboost	EWSR1-NONO	6	Same Pos. PPI	0.006577844741548988	370	0.09562428443314183
HepG2	linear	RBFOX2-SF3B4	2	Single Binders	0.006176543206789287	19719	5.209059785709757
K562	linear	CSTF2T-EWSR1	2	Single Binders	0.003669967610495317	3573	0.9234204548097723
HepG2	linear	U2AF1-U2AF2	4	Same Pos. PPI	0.0030560693468176803	5499	1.4526405883471756
HepG2	linear	RBFOX2-SF3B4	3	Single Binders	0.0021149232851266353	18342	4.845305268496798
HepG2	linear	QKI-RBFOX2	4	Single Binders	0.00023390052329153033	9405	2.4844671273695553
K562	xgboost	PTBP1-ZC3H8	6	Same Pos. PPI	0.00020605643410886998	50	0.01292220059907322
K562	xgboost	PTBP1-ZC3H8	5	Same Pos. PPI	0.00020605643410886998	50	0.01292220059907322
K562	linear	EWSR1-NONO	3	Single Binders	-0.0010725010981018634	2708	0.6998663844458056
K562	xgboost	RBM22-TIA1	2	Single Binders	-0.004273851143247853	12063	3.117610116532405
K562	xgboost	MBNL1-RBFOX2	2	Single Binders	-0.006915156873068984	2947	0.7616345033093757
K562	linear	DDX42-RBFOX2	3	Single Binders	-0.007107687446586297	4566	1.1800553587073663
HepG2	xgboost	HNRNPK-U2AF2	3	Same Pos. PPI	-0.007630621427880069	366	0.09668420718950105
HepG2	xgboost	PCBP2-QKI	5	Single Binders	-0.009770436534823235	6741	1.7807328979902364
K562	xgboost	HNRNPK-PCBP1	3	Same Pos. PPI	-0.011793527137510917	809	0.2090812056930047
HepG2	xgboost	HNRNPK-PCBP1	1	Single Binders	-0.015719281551773268	1772	0.468099494917475
K562	linear	RBFOX2-SF3B4	1	Single Binders	-0.022707271038610255	22532	5.823260477966356
HepG2	linear	PCBP1-RBFOX2	6	Single Binders	-0.023919578101988526	3384	0.893932669752108
K562	linear	CSTF2T-NONO	5	Same Pos. PPI	-0.02924355944133894	730	0.188664128746469
K562	xgboost	FMR1-FXR2	3	Single Binders	-0.03119939057109522	2919	0.7543980709738946
K562	linear	RBM22-TIA1	2	Single Binders	-0.034644199526102426	12063	3.117610116532405
K562	xgboost	IGF2BP2-PCBP1	5	Single Binders	-0.035136130153013534	3151	0.8143570817535942
K562	xgboost	RBM22-TIA1	3	Single Binders	-0.03698883736125613	7287	1.883281515308931
K562	linear	QKI-RBFOX2	3	Single Binders	-0.037766204433980155	5768	1.4907050611090866
K562	linear	CSTF2T-NONO	5	Single Binders	-0.03778381095713823	4711	1.2175297404446788
K562	linear	EWSR1-RBM15	3	Same Pos. PPI	-0.03845318480000448	91	0.02351840509031326
HepG2	linear	PTBP1-QKI	4	Single Binders	-0.04068498836817791	6302	1.6647646822629387
K562	linear	U2AF1-U2AF2	3	Single Binders	-0.040823042088623085	6516	1.684021182071222
K562	linear	EWSR1-RBM15	2	Single Binders	-0.04102182083298955	16539	4.274405514161439
K562	linear	CSTF2T-NONO	1	Single Binders	-0.04456315668239652	2682	0.6931468401342875
K562	linear	CPSF6-RBM15	2	Single Binders	-0.05008828043156632	16357	4.227368703980813
K562	linear	IGF2BP2-PCBP1	5	Same Pos. PPI	-0.051368917561680716	300	0.07753320359443931
HepG2	linear	PCBP1-RBFOX2	3	Single Binders	-0.05161198207245299	8383	2.2144910078404023
HepG2	linear	RBFOX2-SF3B4	6	Single Binders	-0.05281155712506602	13755	3.633582704621822
HepG2	xgboost	RBFOX2-SF3B4	5	Same Pos. PPI	-0.05308701342851574	2077	0.5486696675753925
K562	xgboost	FXR1-FXR2	1	Same Pos. PPI	-0.05552740000178491	1130	0.29204173353905477
K562	linear	RBM22-TIA1	4	Single Binders	-0.056531723267610356	7541	1.948926294352223
HepG2	xgboost	U2AF1-U2AF2	5	Same Pos. PPI	-0.05989732083407451	1456	0.3846235127538621
K562	xgboost	U2AF1-U2AF2	4	Same Pos. PPI	-0.06011765841286332	3472	0.8973176095996445
K562	xgboost	IGF2BP2-PCBP1	4	Single Binders	-0.06083693723222616	5675	1.4666697679948104
K562	linear	RBFOX2-SF3B4	4	Single Binders	-0.06593518897928963	23020	5.9493811558133105
K562	linear	IGF2BP2-PCBP1	6	Same Pos. PPI	-0.06929706222790522	589	0.15222352305708253
K562	xgboost	FMR1-FXR2	4	Same Pos. PPI	-0.07368470498273205	2408	0.6223331808513662
K562	linear	MBNL1-RBFOX2	5	Single Binders	-0.07582868016045152	3746	0.9681312688825655
K562	linear	MBNL1-RBFOX2	3	Same Pos. PPI	-0.07745757583137625	291	0.07520720748660614
HepG2	linear	HNRNPK-PCBP1	2	Same Pos. PPI	-0.08407017947317108	42	0.011094909021746022
K562	linear	U2AF1-U2AF2	4	Same Pos. PPI	-0.08479465023454069	3472	0.8973176095996445
K562	linear	RBM22-TIA1	3	Single Binders	-0.09114734836510374	7287	1.883281515308931
HepG2	linear	RBM22-TIA1	2	Single Binders	-0.09296127871154924	10604	2.8012003634903526
K562	xgboost	CPSF6-RBM15	2	Same Pos. PPI	-0.0946308113995884	114	0.029462617365886942
HepG2	xgboost	HNRNPK-PCBP1	1	Same Pos. PPI	-0.09508860859806822	20	0.005283290010355248
HepG2	xgboost	PTBP1-QKI	4	Single Binders	-0.09608655939457367	6302	1.6647646822629387
K562	linear	CSTF2T-EWSR1	3	Single Binders	-0.09637739365892362	3824	0.9882899018171197
K562	linear	MBNL1-RBFOX2	3	Single Binders	-0.10022421351488342	4945	1.2780056392483414
K562	xgboost	QKI-RBFOX2	1	Single Binders	-0.10053905109025418	1662	0.4295339479131939
HepG2	xgboost	SF3B4-TAF15	3	Single Binders	-0.10306932781291223	13202	3.4874997358354998
K562	xgboost	CSTF2T-EWSR1	4	Same Pos. PPI	-0.11735014007518685	426	0.11009714910410384
K562	linear	CSTF2T-NONO	2	Single Binders	-0.11939279341331144	5045	1.303850040446488
K562	linear	RBM22-TIA1	6	Single Binders	-0.12089378248221117	6705	1.7328671003357186
K562	xgboost	GTF2F1-PCBP1	4	Single Binders	-0.12746572031682457	3270	0.8451119191793887
K562	linear	PCBP1-QKI	3	Single Binders	-0.12791522578115333	4130	1.067373769483448
K562	xgboost	CSTF2T-EWSR1	3	Same Pos. PPI	-0.12871779742749978	845	0.21838519012433744
K562	linear	DDX42-U2AF2	4	Single Binders	-0.13052990046214608	14210	3.672489410256609
K562	linear	FXR1-FXR2	6	Single Binders	-0.13323521062857657	6161	1.592273557817802
K562	linear	MBNL1-RBFOX2	2	Single Binders	-0.13612303863098862	2947	0.7616345033093757
K562	linear	CSTF2T-EWSR1	5	Single Binders	-0.1368025350710833	3483	0.9001604937314405
K562	linear	U2AF1-U2AF2	4	Single Binders	-0.1376150459579768	11490	2.969521697667026
HepG2	linear	SF3B4-TAF15	3	Single Binders	-0.13995820396116554	13202	3.4874997358354998
K562	linear	U2AF1-U2AF2	5	Same Pos. PPI	-0.1433414863603364	2240	0.5789145868384802
K562	xgboost	HNRNPK-PCBP1	4	Same Pos. PPI	-0.14340875201881365	906	0.23415027485520676
K562	linear	HNRNPK-PCBP1	2	Single Binders	-0.14635389407345523	4052	1.0472151365488938
K562	linear	HNRNPK-U2AF2	5	Same Pos. PPI	-0.1514366619866767	23	0.005944212275573681
K562	linear	CSTF2T-TAF15	4	Single Binders	-0.1519484071644681	2087	0.5393726530053161
K562	linear	RBFOX2-SF3B4	3	Single Binders	-0.15391828707158783	24604	6.35875647079195
K562	linear	CSTF2T-TAF15	3	Single Binders	-0.15642110198259096	3567	0.9218697907378834
K562	xgboost	EWSR1-NONO	5	Same Pos. PPI	-0.16087018527328079	610	0.15765084730869328
HepG2	linear	PCBP1-PTBP1	3	Single Binders	-0.16544172728083506	2816	0.743887233458019
HepG2	xgboost	PCBP1-PTBP1	3	Single Binders	-0.16876010773544659	2816	0.743887233458019
HepG2	xgboost	PCBP1-RBFOX2	2	Single Binders	-0.17195725278118412	4452	1.1760603563050782
K562	linear	APOBEC3C-PCBP1	1	Single Binders	-0.17655388927020121	1512	0.3907673461159742
K562	xgboost	HNRNPK-LARP4	2	Same Pos. PPI	-0.18567496434899122	233	0.060217454791681196
K562	linear	HNRNPK-PCBP1	5	Single Binders	-0.18779759273074448	3336	0.8621692239701653
K562	linear	IGF2BP2-PCBP1	3	Single Binders	-0.19591603531267232	3970	1.0260227275664136
K562	linear	FXR1-FXR2	2	Single Binders	-0.2002582878330399	6434	1.6628287730887419
K562	linear	HNRNPK-PCBP1	1	Single Binders	-0.2071910281149012	2743	0.7089119248651569
K562	linear	FMR1-FXR2	6	Same Pos. PPI	-0.20933208277597415	3342	0.863719888042054
K562	linear	EWSR1-RBM15	3	Single Binders	-0.2108151193757526	5359	1.3850014602086675
K562	linear	CSTF2T-EWSR1	5	Same Pos. PPI	-0.21721142019915218	691	0.1785848122791919
HepG2	xgboost	RBFOX2-SF3B4	1	Same Pos. PPI	-0.21981811766657233	486	0.12838394725163252
K562	linear	U2AF1-U2AF2	3	Same Pos. PPI	-0.22721521519164245	1741	0.44995102485972954
K562	linear	EWSR1-NONO	1	Single Binders	-0.22732077369479975	1831	0.47321098593806127
K562	xgboost	EWSR1-NONO	1	Same Pos. PPI	-0.22923113699083686	295	0.076240983534532
K562	linear	CSTF2T-EWSR1	6	Single Binders	-0.25190837153599577	1978	0.5112022556993365
K562	linear	PCBP1-RBFOX2	3	Single Binders	-0.2617436092771799	6400	1.6540416766813721
HepG2	linear	RBM22-TIA1	6	Single Binders	-0.2657002610252712	6093	1.6095543016547265
HepG2	xgboost	RBFOX2-SF3B4	2	Same Pos. PPI	-0.2680877632446652	143	0.03777552357404002
K562	linear	FMR1-FXR2	2	Single Binders	-0.2843244700193406	7680	1.9848500120176464
K562	linear	PCBP1-RBFOX2	3	Same Pos. PPI	-0.2847060241607222	409	0.10570360090041894
K562	linear	GTF2F1-PCBP1	4	Same Pos. PPI	-0.28950988179886106	409	0.10570360090041894
K562	linear	PTBP1-ZC3H8	6	Single Binders	-0.2924796792572997	678	0.17522504012343287
HepG2	linear	SF3B4-TAF15	5	Same Pos. PPI	-0.29323368267326555	32	0.008453264016568396
K562	linear	EWSR1-NONO	4	Same Pos. PPI	-0.3004017185274259	443	0.11449069730778874
HepG2	linear	U2AF1-U2AF2	2	Same Pos. PPI	-0.3198889015591311	5072	1.339842346626091
K562	linear	FMR1-FXR2	1	Same Pos. PPI	-0.3257138777707087	1874	0.48432407845326425
K562	xgboost	RBM22-TIA1	6	Same Pos. PPI	-0.32977455339989703	91	0.02351840509031326
HepG2	linear	HNRNPK-LARP4	3	Single Binders	-0.3321514919002051	5255	1.3881844502208414
K562	linear	U2AF1-U2AF2	2	Single Binders	-0.33526738696305625	10517	2.718055674009061
HepG2	linear	HNRNPK-QKI	3	Same Pos. PPI	-0.3370623746907584	231	0.06102199961960312
K562	linear	FMR1-FXR2	6	Single Binders	-0.3415586755878548	5596	1.446252691048275
K562	linear	CSTF2T-EWSR1	6	Same Pos. PPI	-0.3445710739272494	476	0.12301934970317704
HepG2	linear	PCBP2-QKI	3	Same Pos. PPI	-0.34818753292756455	232	0.06128616412012088
K562	linear	CSTF2T-NONO	6	Same Pos. PPI	-0.3511330597367375	403	0.10415293682853016
K562	linear	IGF2BP2-PCBP1	4	Single Binders	-0.3673876955576798	5675	1.4666697679948104
HepG2	linear	HNRNPK-PCBP1	3	Single Binders	-0.37044680796243235	4491	1.1863627718252712
K562	xgboost	MBNL1-RBFOX2	5	Single Binders	-0.37322541048460267	3746	0.9681312688825655
K562	linear	PUM2-QKI	6	Single Binders	-0.3930002407479156	4999	1.2919616158953404
K562	linear	PTBP1-ZC3H8	3	Single Binders	-0.39517009002390835	1643	0.424623511685546
K562	xgboost	RBFOX2-SF3B4	3	Same Pos. PPI	-0.3951743994211099	879	0.22717228653170723
HepG2	linear	HNRNPK-PCBP1	1	Same Pos. PPI	-0.4138608036037177	20	0.005283290010355248
K562	linear	FMR1-FXR2	5	Single Binders	-0.41605772423355725	4527	1.1699760422400893
K562	linear	APOBEC3C-PCBP1	2	Single Binders	-0.41808230653480205	4752	1.2281259449359188
HepG2	linear	RBFOX2-SF3B4	2	Same Pos. PPI	-0.4187707554953197	143	0.03777552357404002
HepG2	linear	RBFOX2-SF3B4	3	Same Pos. PPI	-0.43860551747767595	1524	0.40258669878906994
HepG2	xgboost	HNRNPK-U2AF2	1	Same Pos. PPI	-0.46007303333008553	93	0.024567298548151904
K562	xgboost	APOBEC3C-PCBP1	2	Same Pos. PPI	-0.4694060863637657	361	0.09329828832530865
K562	xgboost	APOBEC3C-PCBP1	1	Same Pos. PPI	-0.4694060863637657	361	0.09329828832530865
K562	linear	IGF2BP2-PCBP1	5	Single Binders	-0.48202767000735336	3151	0.8143570817535942
K562	linear	HNRNPK-U2AF2	1	Same Pos. PPI	-0.5092644470563858	44	0.011371536527184433
K562	linear	HNRNPK-PCBP1	2	Same Pos. PPI	-0.5247509731687487	638	0.1648872796441743
K562	linear	HNRNPK-U2AF2	1	Single Binders	-0.5293898915056012	7501	1.9385885338729643
HepG2	xgboost	RBFOX2-SF3B4	3	Same Pos. PPI	-0.531393389639016	1524	0.40258669878906994
K562	xgboost	RBFOX2-SF3B4	4	Same Pos. PPI	-0.5346104725373153	543	0.14033509850593517
K562	xgboost	PTBP1-ZC3H8	5	Single Binders	-0.5464410961508435	1439	0.3719009332413273
K562	xgboost	HNRNPK-PCBP1	6	Same Pos. PPI	-0.5584288643368254	618	0.159718399404545
K562	xgboost	GTF2F1-PCBP1	3	Same Pos. PPI	-0.5699275022598855	112	0.028945729341924013
K562	linear	PCBP1-RBFOX2	4	Single Binders	-0.5711881016114035	4473	1.1560200655930903
K562	linear	EWSR1-NONO	2	Single Binders	-0.5982428523268419	3698	0.9557259563074553
K562	xgboost	HNRNPK-PCBP1	2	Same Pos. PPI	-0.6108958177838502	638	0.1648872796441743
HepG2	linear	RBFOX2-SF3B4	5	Same Pos. PPI	-0.6137825716280199	2077	0.5486696675753925
K562	linear	RBM22-TIA1	4	Same Pos. PPI	-0.6173985252726255	260	0.06719544311518073
HepG2	linear	HNRNPK-IGF2BP3	3	Single Binders	-0.6200781477888224	4718	1.246328113442803
K562	linear	U2AF1-U2AF2	1	Single Binders	-0.6543442712021212	5369	1.3875859003284823
HepG2	xgboost	HNRNPK-LARP4	3	Same Pos. PPI	-0.6575225701603193	61	0.01611403453158351
K562	xgboost	HNRNPK-U2AF2	5	Same Pos. PPI	-0.6604270809612651	23	0.005944212275573681
K562	linear	HNRNPK-PCBP1	6	Same Pos. PPI	-0.6665005094757741	618	0.159718399404545
K562	xgboost	MBNL1-RBFOX2	1	Single Binders	-0.6829501672851472	1515	0.39154267815191857
K562	linear	CPSF6-RBM15	4	Single Binders	-0.6869262233372562	9310	2.4061137515474336
K562	linear	QKI-RBFOX2	1	Single Binders	-0.6935450472307769	1662	0.4295339479131939
K562	xgboost	HNRNPK-PCBP1	5	Same Pos. PPI	-0.7107307467868214	414	0.10699582096032627
K562	linear	EWSR1-NONO	1	Same Pos. PPI	-0.7137862251416602	295	0.076240983534532
K562	linear	CSTF2T-EWSR1	3	Same Pos. PPI	-0.7339751657094176	845	0.21838519012433744
HepG2	xgboost	QKI-RBFOX2	1	Same Pos. PPI	-0.7400761531285545	24	0.0063399480124262985
K562	linear	HNRNPK-LARP4	2	Same Pos. PPI	-0.750072686108548	233	0.060217454791681196
K562	xgboost	MBNL1-RBFOX2	4	Same Pos. PPI	-0.7577797582743195	218	0.05634079461195924
K562	xgboost	RBM22-TIA1	5	Same Pos. PPI	-0.7595181663689823	738	0.19073168084232073
HepG2	xgboost	RBFOX2-SF3B4	4	Same Pos. PPI	-0.7681313018124127	609	0.1608761808153173
HepG2	xgboost	HNRNPK-PCBP1	2	Single Binders	-0.7941671198552918	2075	0.548141338574357
K562	xgboost	FXR1-FXR2	4	Same Pos. PPI	-0.8108420614631147	1711	0.4421977045002856
K562	linear	RBFOX2-SF3B4	2	Same Pos. PPI	-0.8170149361962649	595	0.1537741871289713
K562	linear	HNRNPK-PCBP1	5	Same Pos. PPI	-0.8198942298990892	414	0.10699582096032627
HepG2	xgboost	HNRNPK-LARP4	4	Same Pos. PPI	-0.8392639473850623	81	0.021397324541938757
HepG2	linear	PCBP1-RBFOX2	2	Single Binders	-0.8503241065423706	4452	1.1760603563050782
K562	linear	FMR1-FXR2	4	Single Binders	-0.8749874571086229	5455	1.4098120853588882
K562	linear	MBNL1-RBFOX2	4	Single Binders	-0.888785509285235	3315	0.8567418997185544
K562	xgboost	RBFOX2-SF3B4	2	Same Pos. PPI	-0.9212535336750662	595	0.1537741871289713
K562	linear	EWSR1-NONO	5	Same Pos. PPI	-0.9449951000072407	610	0.15765084730869328
K562	xgboost	EWSR1-RBM15	3	Same Pos. PPI	-0.9489946232464994	91	0.02351840509031326
HepG2	linear	QKI-RBFOX2	3	Same Pos. PPI	-0.9877652027168409	291	0.07687186965066886
HepG2	xgboost	PCBP2-QKI	5	Same Pos. PPI	-1.001589989705436	85	0.022453982544009807
HepG2	xgboost	PTBP1-QKI	4	Same Pos. PPI	-1.0133744419757909	36	0.009509922018639448
K562	linear	FXR1-FXR2	1	Same Pos. PPI	-1.056885190516902	1130	0.29204173353905477
K562	linear	FXR1-FXR2	1	Single Binders	-1.06975325912908	4716	1.218821960504586
K562	linear	FMR1-FXR2	3	Single Binders	-1.1466340434489783	2919	0.7543980709738946
K562	xgboost	U2AF1-U2AF2	1	Same Pos. PPI	-1.1700676946533024	1394	0.36027095270216136
HepG2	linear	PTBP1-QKI	4	Same Pos. PPI	-1.1874202731390429	36	0.009509922018639448
K562	linear	FXR1-FXR2	4	Single Binders	-1.2453520770186617	4897	1.265600326673231
K562	xgboost	PUM2-QKI	6	Same Pos. PPI	-1.2555234154641126	55	0.014214420658980542
K562	xgboost	RBM22-TIA1	4	Same Pos. PPI	-1.261088778492721	260	0.06719544311518073
K562	linear	PTBP1-ZC3H8	5	Single Binders	-1.3314908250719784	1439	0.3719009332413273
K562	xgboost	CSTF2T-NONO	2	Same Pos. PPI	-1.336110663948166	692	0.17884325629117337
K562	linear	FMR1-FXR2	2	Same Pos. PPI	-1.3716756458313584	3150	0.8140986377416128
K562	linear	FXR1-FXR2	2	Same Pos. PPI	-1.4983634083900528	2894	0.7479369706743579
K562	linear	FXR1-FXR2	5	Same Pos. PPI	-1.56134806123664	743	0.19202390090222807
K562	xgboost	PTBP1-ZC3H8	3	Same Pos. PPI	-1.6381750289149468	896	0.2315658347353921
K562	linear	FMR1-FXR2	1	Single Binders	-1.6744239606608282	3025	0.7817931362439298
HepG2	linear	HNRNPK-LARP4	3	Same Pos. PPI	-1.7840173824319807	61	0.01611403453158351
HepG2	xgboost	PCBP2-QKI	3	Same Pos. PPI	-1.7923760068728378	232	0.06128616412012088
HepG2	linear	HNRNPK-PCBP1	2	Single Binders	-1.7980173904581114	2075	0.548141338574357
HepG2	linear	RBFOX2-SF3B4	4	Same Pos. PPI	-1.812638835044989	609	0.1608761808153173
HepG2	xgboost	HNRNPK-QKI	3	Same Pos. PPI	-1.839682951841279	231	0.06102199961960312
K562	linear	GTF2F1-PCBP1	3	Single Binders	-1.8530515730589219	5565	1.4382409266768492
K562	xgboost	IGF2BP2-PCBP1	4	Same Pos. PPI	-1.8619110873834894	322	0.08321897185803154
K562	linear	CSTF2T-EWSR1	1	Same Pos. PPI	-2.0049003112984094	171	0.04419392604883041
K562	linear	CSTF2T-NONO	4	Same Pos. PPI	-2.011937995997893	199	0.05143035838431142
K562	linear	RBM22-TIA1	3	Same Pos. PPI	-2.021987820281905	423	0.10932181706815945
K562	xgboost	MBNL1-RBFOX2	3	Same Pos. PPI	-2.0261436306760485	291	0.07520720748660614
K562	linear	U2AF1-U2AF2	1	Same Pos. PPI	-2.0331896339696716	1394	0.36027095270216136
K562	xgboost	HNRNPK-PCBP1	1	Same Pos. PPI	-2.083814235227275	72	0.018607968862665435
K562	xgboost	MBNL1-RBFOX2	2	Same Pos. PPI	-2.0983202677682256	163	0.0421263739529787
K562	linear	IGF2BP2-PCBP1	3	Same Pos. PPI	-2.242534148677238	504	0.13025578203865804
HepG2	xgboost	PCBP2-RBFOX2	3	Same Pos. PPI	-2.3090764060582285	683	0.18042435385363173
K562	linear	FXR1-FXR2	3	Single Binders	-2.3179031654326376	3026	0.7820515802559113
HepG2	xgboost	PCBP1-RBFOX2	3	Same Pos. PPI	-2.3632196825893343	198	0.05230457110251696
HepG2	linear	QKI-RBFOX2	1	Same Pos. PPI	-2.4259847167157833	24	0.0063399480124262985
K562	xgboost	CSTF2T-NONO	3	Same Pos. PPI	-2.494291730451606	372	0.09614117245710475
K562	xgboost	IGF2BP2-PCBP1	3	Same Pos. PPI	-2.501683475638383	504	0.13025578203865804
K562	linear	CSTF2T-EWSR1	4	Same Pos. PPI	-2.5702480532184087	426	0.11009714910410384
K562	linear	MBNL1-RBFOX2	2	Same Pos. PPI	-2.62469644518758	163	0.0421263739529787
K562	linear	FMR1-FXR2	3	Same Pos. PPI	-2.7207553327589817	1440	0.3721593772533087
K562	linear	MBNL1-RBFOX2	1	Single Binders	-2.766582749837064	1515	0.39154267815191857
K562	linear	EWSR1-NONO	6	Same Pos. PPI	-2.767711698202492	370	0.09562428443314183
K562	xgboost	PCBP1-RBFOX2	4	Same Pos. PPI	-2.9372135099162513	427	0.11035559311608531
K562	linear	CSTF2T-NONO	2	Same Pos. PPI	-3.0441142202590887	692	0.17884325629117337
HepG2	xgboost	QKI-RBFOX2	5	Same Pos. PPI	-3.316866637692409	254	0.06709778313151166
K562	linear	PTBP1-ZC3H8	3	Same Pos. PPI	-3.3796957586762453	896	0.2315658347353921
K562	xgboost	CSTF2T-EWSR1	2	Same Pos. PPI	-3.673098822656698	445	0.11500758533175166
HepG2	xgboost	HNRNPK-LARP4	5	Same Pos. PPI	-3.7238190041884414	160	0.042266320082841986
K562	linear	GTF2F1-PCBP1	4	Single Binders	-3.938149962360744	3270	0.8451119191793887
K562	linear	APOBEC3C-PCBP1	1	Same Pos. PPI	-4.261343389479954	361	0.09329828832530865
K562	linear	APOBEC3C-PCBP1	2	Same Pos. PPI	-4.261343389479954	361	0.09329828832530865
K562	xgboost	IGF2BP2-PCBP1	1	Same Pos. PPI	-4.350738577455505	88	0.022743073054368866
K562	linear	CSTF2T-NONO	3	Same Pos. PPI	-4.849190611584691	372	0.09614117245710475
K562	xgboost	RBFOX2-SF3B4	1	Same Pos. PPI	-5.115894125976208	221	0.05711612664790364
K562	xgboost	PCBP1-RBFOX2	3	Same Pos. PPI	-5.788402466800209	409	0.10570360090041894
K562	xgboost	GTF2F1-PCBP1	4	Same Pos. PPI	-5.796397355165813	409	0.10570360090041894
HepG2	xgboost	RBFOX2-SF3B4	6	Same Pos. PPI	-5.828768031625698	508	0.1341955662630233
K562	linear	RBFOX2-SF3B4	1	Same Pos. PPI	-6.256861836502577	221	0.05711612664790364
HepG2	linear	PCBP2-RBFOX2	3	Same Pos. PPI	-6.3062957506934	683	0.18042435385363173
K562	xgboost	DDX42-U2AF2	4	Same Pos. PPI	-7.343394597580755	21	0.005427324251610752
HepG2	linear	RBFOX2-SF3B4	6	Same Pos. PPI	-7.828273544109074	508	0.1341955662630233
K562	linear	CSTF2T-EWSR1	2	Same Pos. PPI	-8.19831654215091	445	0.11500758533175166
K562	xgboost	MBNL1-RBFOX2	5	Same Pos. PPI	-9.686227663727061	212	0.05479013054007045
HepG2	linear	PCBP2-QKI	5	Same Pos. PPI	-10.47212479194795	85	0.022453982544009807
HepG2	xgboost	HNRNPK-U2AF2	2	Same Pos. PPI	-10.600890090588624	23	0.006075783511908536
K562	linear	GTF2F1-PCBP1	3	Same Pos. PPI	-10.740488079572868	112	0.028945729341924013
HepG2	linear	QKI-RBFOX2	5	Same Pos. PPI	-10.865448277931225	254	0.06709778313151166
K562	xgboost	CPSF6-RBM15	4	Same Pos. PPI	-11.056353112544368	32	0.00827020838340686
K562	linear	MBNL1-RBFOX2	1	Same Pos. PPI	-11.816080163319615	43	0.011113092515202969
K562	xgboost	CPSF6-RBM15	5	Same Pos. PPI	-13.430357697227477	40	0.010337760479258575
K562	linear	CPSF6-RBM15	2	Same Pos. PPI	-13.871455936856874	114	0.029462617365886942
HepG2	linear	HNRNPK-LARP4	5	Same Pos. PPI	-14.19135645966835	160	0.042266320082841986
K562	xgboost	HNRNPK-QKI	3	Same Pos. PPI	-14.280776087075797	90	0.023259961078331795
K562	xgboost	EWSR1-NONO	2	Same Pos. PPI	-14.829044081065067	447	0.1155244733557146
K562	xgboost	PCBP1-QKI	3	Same Pos. PPI	-15.605592198357606	90	0.023259961078331795
HepG2	linear	HNRNPK-U2AF2	2	Same Pos. PPI	-15.992744769504057	23	0.006075783511908536
K562	xgboost	MBNL1-RBFOX2	1	Same Pos. PPI	-16.66088939591122	43	0.011113092515202969
HepG2	linear	HNRNPK-LARP4	4	Same Pos. PPI	-17.714395434397893	81	0.021397324541938757
K562	xgboost	HNRNPK-U2AF2	1	Same Pos. PPI	-18.3030350312532	44	0.011371536527184433
K562	linear	HNRNPK-PCBP1	1	Same Pos. PPI	-18.469714858020993	72	0.018607968862665435
HepG2	xgboost	U2AF1-U2AF2	1	Same Pos. PPI	-18.95549648103004	546	0.14423381728269827
K562	xgboost	RBM22-TIA1	1	Same Pos. PPI	-19.786089951170528	349	0.09019696018153107
K562	linear	RBFOX2-SF3B4	3	Same Pos. PPI	-22.373318872681082	879	0.22717228653170723
HepG2	xgboost	FUBP3-RBFOX2	6	Same Pos. PPI	-26.99034409145824	29	0.00766077051501511
K562	linear	MBNL1-RBFOX2	5	Same Pos. PPI	-27.983426573180743	212	0.05479013054007045
K562	linear	RBFOX2-SF3B4	6	Same Pos. PPI	-28.677348934629805	153	0.03954193383316405
HepG2	linear	PCBP1-RBFOX2	3	Same Pos. PPI	-29.538480883652824	198	0.05230457110251696
K562	linear	RBFOX2-SF3B4	4	Same Pos. PPI	-34.4126875452156	543	0.14033509850593517
K562	linear	EWSR1-NONO	2	Same Pos. PPI	-35.365971505260525	447	0.1155244733557146
K562	xgboost	RBFOX2-SF3B4	6	Same Pos. PPI	-35.526956572535546	153	0.03954193383316405
HepG2	linear	HNRNPK-PCBP1	6	Same Pos. PPI	-37.24186652358699	188	0.049662926097339334
K562	xgboost	FXR1-FXR2	6	Same Pos. PPI	-37.346565098588016	1363	0.352259188330736
K562	xgboost	DDX42-RBFOX2	3	Same Pos. PPI	-38.16361153950669	25	0.00646110029953661
HepG2	xgboost	PCBP1-RBFOX2	6	Same Pos. PPI	-41.97132690803858	219	0.05785202561338997
K562	linear	IGF2BP2-PCBP1	1	Same Pos. PPI	-46.52034443176836	88	0.022743073054368866
K562	linear	RBM22-TIA1	1	Same Pos. PPI	-51.13825146058895	349	0.09019696018153107
HepG2	xgboost	HNRNPK-LARP4	6	Same Pos. PPI	-51.47560529324143	43	0.011359073522263785
K562	linear	DDX42-U2AF2	4	Same Pos. PPI	-51.803970946354106	21	0.005427324251610752
HepG2	linear	U2AF1-U2AF2	1	Same Pos. PPI	-54.366757866334055	546	0.14423381728269827
HepG2	xgboost	HNRNPK-PCBP1	6	Same Pos. PPI	-54.997287916629986	188	0.049662926097339334
HepG2	xgboost	HNRNPK-IGF2BP3	6	Same Pos. PPI	-59.13947234421502	28	0.007396606014497348
K562	linear	IGF2BP2-PCBP1	4	Same Pos. PPI	-64.10964248582815	322	0.08321897185803154
K562	linear	FMR1-FXR2	4	Same Pos. PPI	-67.19175164346348	2408	0.6223331808513662
HepG2	linear	PCBP1-RBFOX2	6	Same Pos. PPI	-76.72425320047384	219	0.05785202561338997
K562	linear	FXR1-FXR2	3	Same Pos. PPI	-81.44279730876286	909	0.23492560689115116
HepG2	xgboost	RBM22-TIA1	4	Same Pos. PPI	-102.0440530020734	31	0.008189099516050635
K562	xgboost	CPSF6-RBM15	6	Same Pos. PPI	-117.1828619727384	46	0.011888424551147362
K562	linear	HNRNPK-QKI	3	Same Pos. PPI	-122.31538974178902	90	0.023259961078331795
K562	linear	PCBP1-QKI	3	Same Pos. PPI	-132.23824116792355	90	0.023259961078331795
HepG2	xgboost	HNRNPK-U2AF2	5	Same Pos. PPI	-148.09506414141046	43	0.011359073522263785
K562	linear	FXR1-FXR2	6	Same Pos. PPI	-155.73876680388219	1363	0.352259188330736
K562	xgboost	EWSR1-RBM15	2	Same Pos. PPI	-156.5948822283305	43	0.011113092515202969
HepG2	linear	FUBP3-RBFOX2	6	Same Pos. PPI	-161.39313454356179	29	0.00766077051501511
HepG2	linear	HNRNPK-IGF2BP3	6	Same Pos. PPI	-175.04274647894061	28	0.007396606014497348
HepG2	xgboost	RBM22-TIA1	5	Same Pos. PPI	-197.96516256306347	21	0.005547454510873011
HepG2	linear	HNRNPK-LARP4	6	Same Pos. PPI	-228.02364465418478	43	0.011359073522263785
HepG2	xgboost	RBM15-SRSF9	6	Same Pos. PPI	-232.4076253322261	123	0.03249223356368478
HepG2	xgboost	HNRNPK-PCBP1	5	Same Pos. PPI	-234.81880712761435	110	0.029058095056953864
HepG2	xgboost	RBM22-TIA1	6	Same Pos. PPI	-239.1063295666891	33	0.00871742851708616
HepG2	xgboost	SF3B4-TAF15	3	Same Pos. PPI	-256.25256336470613	20	0.005283290010355248
K562	linear	FXR1-FXR2	4	Same Pos. PPI	-257.24125947696933	1711	0.4421977045002856
HepG2	xgboost	HNRNPK-IGF2BP3	3	Same Pos. PPI	-364.50973952205277	28	0.007396606014497348
HepG2	linear	RBM15-SRSF9	6	Same Pos. PPI	-380.63914316363764	123	0.03249223356368478
HepG2	linear	SF3B4-TAF15	3	Same Pos. PPI	-399.014680210319	20	0.005283290010355248
HepG2	linear	RBM22-TIA1	4	Same Pos. PPI	-483.203030153337	31	0.008189099516050635
HepG2	xgboost	FUBP3-U2AF2	4	Same Pos. PPI	-509.86372312338654	80	0.021133160041420993
HepG2	linear	HNRNPK-PCBP1	5	Same Pos. PPI	-540.6720782342874	110	0.029058095056953864
K562	xgboost	QKI-RBFOX2	1	Same Pos. PPI	-596.3631198713219	38	0.009820872455295646
K562	linear	QKI-RBFOX2	1	Same Pos. PPI	-701.3922135383859	38	0.009820872455295646
K562	linear	EWSR1-RBM15	2	Same Pos. PPI	-834.6517832275835	43	0.011113092515202969
HepG2	linear	PCBP1-RBFOX2	2	Same Pos. PPI	-864.0348394382336	89	0.023510640546080853
HepG2	linear	HNRNPK-U2AF2	1	Same Pos. PPI	-881.9605462215009	93	0.024567298548151904
K562	xgboost	PCBP1-RBFOX2	6	Same Pos. PPI	-1172.906142467009	105	0.027136621258053762
HepG2	linear	RBM22-TIA1	5	Same Pos. PPI	-1189.3157134154612	21	0.005547454510873011
K562	linear	QKI-RBFOX2	3	Same Pos. PPI	-1271.4609177225684	62	0.01602352874285079
K562	xgboost	QKI-RBFOX2	3	Same Pos. PPI	-1284.0275668301206	62	0.01602352874285079
HepG2	linear	HNRNPK-IGF2BP3	4	Same Pos. PPI	-1399.2351111001738	33	0.00871742851708616
HepG2	linear	HNRNPK-PCBP1	4	Same Pos. PPI	-1408.9983990788544	33	0.00871742851708616
K562	linear	CPSF6-RBM15	5	Same Pos. PPI	-1537.0828551699785	40	0.010337760479258575
K562	linear	PUM2-QKI	6	Same Pos. PPI	-1589.765802457639	55	0.014214420658980542
HepG2	xgboost	RBM22-TIA1	2	Same Pos. PPI	-1633.6799110384748	28	0.007396606014497348
K562	linear	PCBP1-RBFOX2	6	Same Pos. PPI	-1774.9616812386707	105	0.027136621258053762
K562	xgboost	CSTF2T-TAF15	3	Same Pos. PPI	-1987.9558971046101	35	0.009045540419351253
K562	xgboost	CSTF2T-TAF15	4	Same Pos. PPI	-1987.9558971046101	35	0.009045540419351253
K562	linear	DDX42-RBFOX2	3	Same Pos. PPI	-2006.5076076380408	25	0.00646110029953661
HepG2	xgboost	PCBP1-RBFOX2	2	Same Pos. PPI	-2039.814242841586	89	0.023510640546080853
HepG2	xgboost	HNRNPK-IGF2BP3	4	Same Pos. PPI	-2165.5325485368194	33	0.00871742851708616
HepG2	xgboost	HNRNPK-PCBP1	4	Same Pos. PPI	-2177.352474310542	33	0.00871742851708616
HepG2	xgboost	PCBP2-RBFOX2	1	Same Pos. PPI	-2377.9161504855333	49	0.012944060525370359
HepG2	linear	HNRNPK-U2AF2	5	Same Pos. PPI	-2431.3803715180916	43	0.011359073522263785
HepG2	linear	RBM22-TIA1	6	Same Pos. PPI	-2514.5310546049586	33	0.00871742851708616
K562	linear	CSTF2T-TAF15	4	Same Pos. PPI	-2700.007882993351	35	0.009045540419351253
K562	linear	CSTF2T-TAF15	3	Same Pos. PPI	-2700.007882993351	35	0.009045540419351253
HepG2	linear	FUBP3-U2AF2	4	Same Pos. PPI	-2720.3532857983278	80	0.021133160041420993
K562	linear	CPSF6-RBM15	6	Same Pos. PPI	-2772.6742001474354	46	0.011888424551147362
HepG2	linear	RBM22-TIA1	2	Same Pos. PPI	-2798.349640937604	28	0.007396606014497348
HepG2	linear	PCBP2-RBFOX2	1	Same Pos. PPI	-3128.8129219182038	49	0.012944060525370359
K562	linear	PTBP1-ZC3H8	6	Same Pos. PPI	-11008.715692230166	50	0.01292220059907322
K562	linear	PTBP1-ZC3H8	5	Same Pos. PPI	-11008.715692230166	50	0.01292220059907322
K562	linear	CPSF6-RBM15	4	Same Pos. PPI	-23284.926326644814	32	0.00827020838340686
HepG2	linear	HNRNPK-IGF2BP3	3	Same Pos. PPI	-26496.96666344955	28	0.007396606014497348
