Dataset	Cell Line	Model	Total Binding	PPI Category	R2 Value	# Rows	% Dataset
ALL DATA	HepG2	xgboost	14	>= 1 Same Pos. PPI	0.617720573021217	3779	0.18142102736437832
ALL DATA	K562	xgboost	15	Single Binders	0.5919863993576595	164390	7.299594190697069
ALL DATA	HepG2	xgboost	15	Single Binders	0.5752411772654227	159699	7.666778684589534
ALL DATA	K562	xgboost	15	>= 1 Same Pos. PPI	0.5752257814911622	112895	5.013003748152233
ALL DATA	K562	xgboost	12	>= 1 Same Pos. PPI	0.5548005449971138	9586	0.42565794702854254
ALL DATA	K562	xgboost	14	>= 1 Same Pos. PPI	0.5414946129093696	10335	0.45891663702691293
ALL DATA	K562	xgboost	13	>= 1 Same Pos. PPI	0.5350402427890177	8636	0.3834740278049753
ALL DATA	K562	xgboost	13	Single Binders	0.5273446366570824	35796	1.589490076344013
ALL DATA	HepG2	xgboost	15	>= 1 Same Pos. PPI	0.5215419269416512	52988	2.543831012962074
ALL DATA	HepG2	xgboost	12	Single Binders	0.5135333024083079	32420	1.556409025444071
ALL DATA	HepG2	xgboost	14	Single Binders	0.5085223983406082	28376	1.3622659625540088
ALL DATA	HepG2	xgboost	10	Single Binders	0.5051153443487668	49515	2.3771003360537684
TEST ONLY	HepG2	xgboost	14	>= 1 Same Pos. PPI	0.502918574315043	987	0.2573596516388099
ALL DATA	K562	xgboost	14	Single Binders	0.4891390393893583	29765	1.3216887954626089
ALL DATA	K562	xgboost	12	Single Binders	0.48830055980247156	48349	2.1468950637265807
ALL DATA	HepG2	xgboost	13	Single Binders	0.47980926083428876	30183	1.4490158425348054
ALL DATA	K562	xgboost	9	Single Binders	0.47551119192492763	64782	2.8765880580432968
ALL DATA	HepG2	xgboost	9	Single Binders	0.46318992919887336	55312	2.655400864138262
ALL DATA	K562	xgboost	8	Single Binders	0.4595241382170884	68954	3.0618420696230046
ALL DATA	K562	xgboost	11	Single Binders	0.45593833483645374	46635	2.070786392622166
ALL DATA	HepG2	xgboost	11	Single Binders	0.45065462320820493	40586	1.9484397503600575
ALL DATA	K562	xgboost	9	>= 1 Same Pos. PPI	0.44639962759127694	9957	0.442131877588483
ALL DATA	K562	xgboost	10	Single Binders	0.4449771896180543	57422	2.5497736943743967
ALL DATA	HepG2	xgboost	12	>= 1 Same Pos. PPI	0.44017054350478557	3102	0.14891982717234756
ALL DATA	HepG2	xgboost	13	>= 1 Same Pos. PPI	0.43903791592495434	5797	0.2783005280844935
TEST ONLY	HepG2	xgboost	12	Single Binders	0.43605275298920054	5276	1.3757138014654116
TEST ONLY	HepG2	xgboost	13	Single Binders	0.4242922274941542	5282	1.3772782978279576
TEST ONLY	K562	xgboost	11	>= 1 Same Pos. PPI	0.42296586382116075	953	0.24561222648900802
ALL DATA	K562	linear	14	>= 1 Same Pos. PPI	0.4222362238221279	10335	0.45891663702691293
ALL DATA	K562	xgboost	11	>= 1 Same Pos. PPI	0.41851938622050644	9897	0.4394676300585734
ALL DATA	HepG2	xgboost	8	Single Binders	0.41106298888222326	61364	2.9459433509361497
TEST ONLY	K562	linear	11	>= 1 Same Pos. PPI	0.4081277607302778	953	0.24561222648900802
ALL DATA	K562	linear	13	>= 1 Same Pos. PPI	0.40502655604687365	8636	0.3834740278049753
TEST ONLY	K562	xgboost	12	Single Binders	0.40157566156209556	8014	2.0654106852916163
ALL DATA	K562	xgboost	10	>= 1 Same Pos. PPI	0.4007929430700019	10807	0.47987538426220105
TEST ONLY	HepG2	xgboost	10	Single Binders	0.38165889290437693	9039	2.3569137701754843
ALL DATA	K562	xgboost	7	>= 1 Same Pos. PPI	0.38027492058704426	8389	0.3725062088068478
ALL DATA	HepG2	linear	12	>= 1 Same Pos. PPI	0.3737722153808548	3102	0.14891982717234756
TEST ONLY	K562	xgboost	11	Single Binders	0.36968148339105456	6476	1.6690291487332802
TEST ONLY	HepG2	xgboost	8	Single Binders	0.3691678664043466	8937	2.330317332012203
TEST ONLY	HepG2	linear	13	Single Binders	0.3691210428749502	5282	1.3772782978279576
ALL DATA	K562	linear	12	>= 1 Same Pos. PPI	0.36056775256838214	9586	0.42565794702854254
ALL DATA	HepG2	linear	14	>= 1 Same Pos. PPI	0.35690616053516044	3779	0.18142102736437832
ALL DATA	HepG2	xgboost	11	>= 1 Same Pos. PPI	0.35447457519789716	5495	0.26380220835333656
ALL DATA	K562	linear	13	Single Binders	0.35411446386319845	35796	1.589490076344013
TEST ONLY	K562	xgboost	14	Single Binders	0.3470599888177195	5071	1.3069250792505347
ALL DATA	K562	xgboost	7	Single Binders	0.34484342168152293	83824	3.7221314157855776
TEST ONLY	HepG2	xgboost	6	Single Binders	0.34261788960134965	14247	3.7148966128653753
ALL DATA	K562	xgboost	8	>= 1 Same Pos. PPI	0.34208913202799185	8904	0.3953743334385711
TEST ONLY	K562	xgboost	14	>= 1 Same Pos. PPI	0.3406121405525515	2227	0.5739542795288781
ALL DATA	HepG2	linear	13	>= 1 Same Pos. PPI	0.3309635231727359	5797	0.2783005280844935
TEST ONLY	HepG2	xgboost	8	>= 1 Same Pos. PPI	0.33081247318167806	2064	0.5381867487158093
ALL DATA	HepG2	xgboost	7	Single Binders	0.33049606656600194	70841	3.4009121459433507
ALL DATA	HepG2	xgboost	6	Single Binders	0.3299468389370588	79924	3.8369659145463273
ALL DATA	HepG2	linear	12	Single Binders	0.32968810981982144	32420	1.556409025444071
ALL DATA	HepG2	xgboost	8	>= 1 Same Pos. PPI	0.32681425396771746	7347	0.3527124339894383
ALL DATA	K562	xgboost	6	Single Binders	0.3245334456700075	91080	4.044327750402634
ALL DATA	K562	linear	9	>= 1 Same Pos. PPI	0.32154871964852494	9957	0.442131877588483
ALL DATA	HepG2	linear	13	Single Binders	0.31932950838096497	30183	1.4490158425348054
ALL DATA	HepG2	linear	9	Single Binders	0.3164819841844052	55312	2.655400864138262
TEST ONLY	K562	xgboost	15	Single Binders	0.3123021725184284	24236	6.246230767248266
TEST ONLY	K562	xgboost	8	Single Binders	0.3065621724797297	11946	3.0787866292105877
ALL DATA	HepG2	linear	10	Single Binders	0.3002157725674506	49515	2.3771003360537684
TEST ONLY	HepG2	xgboost	11	Single Binders	0.3002129585549501	6979	1.819770019034706
ALL DATA	HepG2	xgboost	9	>= 1 Same Pos. PPI	0.2948997578139382	4448	0.21353816610657708
ALL DATA	K562	linear	8	Single Binders	0.29347035106224295	68954	3.0618420696230046
ALL DATA	K562	linear	12	Single Binders	0.2878913720580166	48349	2.1468950637265807
ALL DATA	HepG2	linear	14	Single Binders	0.28674854303391517	28376	1.3622659625540088
ALL DATA	HepG2	xgboost	7	>= 1 Same Pos. PPI	0.2846258385456112	3957	0.18996639462313972
ALL DATA	K562	linear	11	Single Binders	0.2842246863426171	46635	2.070786392622166
TEST ONLY	K562	xgboost	10	>= 1 Same Pos. PPI	0.2816094954728958	1473	0.3796293909950775
TEST ONLY	K562	xgboost	8	>= 1 Same Pos. PPI	0.2808798966334908	1761	0.4538542821061313
TEST ONLY	K562	xgboost	7	Single Binders	0.28064052208294044	13784	3.5524857606762708
ALL DATA	HepG2	linear	8	Single Binders	0.2770875394671227	61364	2.9459433509361497
TEST ONLY	K562	xgboost	9	Single Binders	0.2754723640065696	9535	2.4574108914718695
TEST ONLY	HepG2	xgboost	15	Single Binders	0.2683380601963713	22290	5.81210398685823
TEST ONLY	K562	xgboost	10	Single Binders	0.2655727577578464	8882	2.2891162598902093
ALL DATA	K562	xgboost	6	>= 1 Same Pos. PPI	0.2644440208394745	8256	0.3666004601155484
ALL DATA	K562	linear	9	Single Binders	0.2630019581190557	64782	2.8765880580432968
ALL DATA	K562	linear	7	>= 1 Same Pos. PPI	0.2597578942333043	8389	0.3725062088068478
ALL DATA	K562	linear	14	Single Binders	0.25843940171012103	29765	1.3216887954626089
ALL DATA	K562	linear	6	>= 1 Same Pos. PPI	0.2579491090689998	8256	0.3666004601155484
ALL DATA	HepG2	xgboost	5	>= 1 Same Pos. PPI	0.25525751802505625	3006	0.1443110897743639
ALL DATA	K562	xgboost	5	Single Binders	0.2549285850207309	91406	4.058803495315143
TEST ONLY	HepG2	xgboost	9	Single Binders	0.2526718292341964	9089	2.3699512398633673
ALL DATA	HepG2	xgboost	5	Single Binders	0.2485045037874447	85085	4.084733557369179
TEST ONLY	HepG2	linear	6	Single Binders	0.24624497135904133	14247	3.7148966128653753
ALL DATA	K562	linear	10	Single Binders	0.24459232989598512	57422	2.5497736943743967
ALL DATA	HepG2	linear	6	Single Binders	0.24416254366048118	79924	3.8369659145463273
ALL DATA	HepG2	linear	7	Single Binders	0.24318563122900771	70841	3.4009121459433507
ALL DATA	HepG2	linear	15	>= 1 Same Pos. PPI	0.24308231785071255	52988	2.543831012962074
TEST ONLY	K562	xgboost	9	>= 1 Same Pos. PPI	0.24154479902215575	1480	0.38143346820958224
TEST ONLY	K562	xgboost	6	Single Binders	0.2404703485211933	15134	3.900414937759336
ALL DATA	HepG2	linear	15	Single Binders	0.23939727530159438	159699	7.666778684589534
ALL DATA	HepG2	xgboost	10	>= 1 Same Pos. PPI	0.23790715141171792	4668	0.22409985597695634
TEST ONLY	HepG2	xgboost	12	>= 1 Same Pos. PPI	0.23457593962898393	527	0.13741493051028655
TEST ONLY	K562	linear	12	Single Binders	0.23415055864515544	8014	2.0654106852916163
TEST ONLY	HepG2	linear	8	Single Binders	0.23406914805933632	8937	2.330317332012203
TEST ONLY	HepG2	linear	10	Single Binders	0.233899036928371	9039	2.3569137701754843
ALL DATA	HepG2	linear	11	Single Binders	0.2287164969499058	40586	1.9484397503600575
TEST ONLY	K562	xgboost	15	>= 1 Same Pos. PPI	0.22829266805181792	17174	4.426174583129301
ALL DATA	HepG2	xgboost	4	Single Binders	0.22510508632096982	95560	4.587614018242919
TEST ONLY	K562	linear	13	Single Binders	0.2246821999788109	5930	1.5283111260019073
ALL DATA	HepG2	linear	10	>= 1 Same Pos. PPI	0.21999543479822614	4668	0.22409985597695634
ALL DATA	K562	xgboost	4	Single Binders	0.21777539612926045	100536	4.464213161116374
ALL DATA	K562	linear	6	Single Binders	0.21684123050713677	91080	4.044327750402634
TEST ONLY	K562	xgboost	13	>= 1 Same Pos. PPI	0.21504122651075075	1300	0.3350429112651736
TEST ONLY	HepG2	linear	12	Single Binders	0.21368875000590537	5276	1.3757138014654116
TEST ONLY	HepG2	xgboost	11	>= 1 Same Pos. PPI	0.2131506746657672	1567	0.4085943000182525
TEST ONLY	HepG2	xgboost	4	Single Binders	0.21297171795143177	15572	4.060389559594274
ALL DATA	HepG2	xgboost	6	>= 1 Same Pos. PPI	0.21217899387252703	4316	0.2072011521843495
TEST ONLY	K562	xgboost	13	Single Binders	0.2103766764561149	5930	1.5283111260019073
TEST ONLY	K562	linear	8	Single Binders	0.20995849202935968	11946	3.0787866292105877
ALL DATA	K562	linear	7	Single Binders	0.20735760075836163	83824	3.7221314157855776
TEST ONLY	K562	linear	13	>= 1 Same Pos. PPI	0.20444678646766978	1300	0.3350429112651736
ALL DATA	HepG2	linear	5	Single Binders	0.2006765666935737	85085	4.084733557369179
TEST ONLY	HepG2	linear	5	Single Binders	0.19964694696508078	15511	4.044483846575057
TEST ONLY	K562	linear	7	>= 1 Same Pos. PPI	0.19788626907607787	1689	0.43529805932836785
TEST ONLY	HepG2	xgboost	5	Single Binders	0.19438224549339211	15511	4.044483846575057
TEST ONLY	K562	xgboost	5	Single Binders	0.18842447552608121	16145	4.160975232597098
TEST ONLY	K562	xgboost	4	Single Binders	0.18512063059277606	16287	4.19757222751991
TEST ONLY	K562	linear	6	Single Binders	0.17652767672961278	15134	3.900414937759336
ALL DATA	K562	linear	11	>= 1 Same Pos. PPI	0.175836047856463	9897	0.4394676300585734
TEST ONLY	HepG2	xgboost	15	>= 1 Same Pos. PPI	0.17458373249398607	9794	2.5537795624625175
ALL DATA	HepG2	linear	4	Single Binders	0.17355710407156044	95560	4.587614018242919
ALL DATA	K562	linear	5	Single Binders	0.16954772006007202	91406	4.058803495315143
ALL DATA	HepG2	xgboost	3	Single Binders	0.16905004926560918	98953	4.750504080652904
TEST ONLY	HepG2	xgboost	14	Single Binders	0.16736421179935246	4679	1.220046413392089
TEST ONLY	HepG2	xgboost	7	Single Binders	0.1671401375277628	10690	2.7874110192693804
ALL DATA	K562	xgboost	3	Single Binders	0.1622093293320579	99189	4.404400804069905
ALL DATA	HepG2	linear	7	>= 1 Same Pos. PPI	0.15980989588851235	3957	0.18996639462313972
TEST ONLY	K562	linear	7	Single Binders	0.15460659543553246	13784	3.5524857606762708
ALL DATA	HepG2	linear	11	>= 1 Same Pos. PPI	0.15295048081436613	5495	0.26380220835333656
TEST ONLY	HepG2	linear	11	Single Binders	0.15287212879937773	6979	1.819770019034706
TEST ONLY	HepG2	linear	8	>= 1 Same Pos. PPI	0.1470143306397348	2064	0.5381867487158093
TEST ONLY	K562	xgboost	7	>= 1 Same Pos. PPI	0.1451507186909664	1689	0.43529805932836785
TEST ONLY	K562	linear	10	Single Binders	0.14392466197220655	8882	2.2891162598902093
ALL DATA	K562	linear	8	>= 1 Same Pos. PPI	0.1428227716419187	8904	0.3953743334385711
ALL DATA	HepG2	linear	5	>= 1 Same Pos. PPI	0.14202473545239336	3006	0.1443110897743639
TEST ONLY	K562	linear	4	>= 1 Same Pos. PPI	0.14139317347309555	1152	0.29689956444421534
TEST ONLY	K562	linear	9	Single Binders	0.1366495098031828	9535	2.4574108914718695
ALL DATA	K562	linear	4	Single Binders	0.13417860220111255	100536	4.464213161116374
TEST ONLY	HepG2	linear	4	Single Binders	0.13348364407542523	15572	4.060389559594274
ALL DATA	K562	linear	15	>= 1 Same Pos. PPI	0.13318717133451308	112895	5.013003748152233
TEST ONLY	HepG2	xgboost	3	Single Binders	0.13294546531917717	15037	3.9208886339339264
ALL DATA	HepG2	linear	3	Single Binders	0.13181995263557666	98953	4.750504080652904
TEST ONLY	K562	xgboost	3	Single Binders	0.1305522988319181	16712	4.3071054869719845
TEST ONLY	HepG2	linear	9	Single Binders	0.1299116544804113	9089	2.3699512398633673
TEST ONLY	K562	linear	9	>= 1 Same Pos. PPI	0.1264298142417153	1480	0.38143346820958224
ALL DATA	K562	xgboost	4	>= 1 Same Pos. PPI	0.12634974878569938	6231	0.2766821059811025
TEST ONLY	HepG2	linear	7	Single Binders	0.12303041423970418	10690	2.7874110192693804
TEST ONLY	HepG2	xgboost	6	>= 1 Same Pos. PPI	0.1184409025978106	991	0.25840264921384054
TEST ONLY	K562	linear	14	>= 1 Same Pos. PPI	0.11528592657022418	2227	0.5739542795288781
ALL DATA	K562	xgboost	2	Single Binders	0.11101837830468853	85322	3.7886487957823185
ALL DATA	K562	xgboost	5	>= 1 Same Pos. PPI	0.11063814499441116	8807	0.3910671332652174
ALL DATA	K562	linear	5	>= 1 Same Pos. PPI	0.1039051218823781	8807	0.3910671332652174
ALL DATA	HepG2	linear	8	>= 1 Same Pos. PPI	0.10376146297470268	7347	0.3527124339894383
TEST ONLY	K562	linear	11	Single Binders	0.10347672043498546	6476	1.6690291487332802
ALL DATA	K562	linear	3	Single Binders	0.10295304690964302	99189	4.404400804069905
ALL DATA	HepG2	linear	9	>= 1 Same Pos. PPI	0.10152761466936366	4448	0.21353816610657708
ALL DATA	K562	xgboost	3	>= 1 Same Pos. PPI	0.09807010091771062	3766	0.1672259366273202
ALL DATA	K562	linear	2	Single Binders	0.09285161961061894	85322	3.7886487957823185
TEST ONLY	HepG2	linear	3	Single Binders	0.08959010348647767	15037	3.9208886339339264
TEST ONLY	K562	linear	4	Single Binders	0.08942623707348019	16287	4.19757222751991
ALL DATA	K562	linear	4	>= 1 Same Pos. PPI	0.08866927332443808	6231	0.2766821059811025
TEST ONLY	K562	linear	5	Single Binders	0.08825157798075134	16145	4.160975232597098
TEST ONLY	HepG2	xgboost	9	>= 1 Same Pos. PPI	0.08043635745715538	794	0.20703501864358168
TEST ONLY	HepG2	linear	14	Single Binders	0.07941116004857796	4679	1.220046413392089
TEST ONLY	HepG2	linear	14	>= 1 Same Pos. PPI	0.07543219055929629	987	0.2573596516388099
ALL DATA	HepG2	xgboost	2	Single Binders	0.07223815844862236	80655	3.8720595295247238
ALL DATA	K562	linear	15	Single Binders	0.07177622296156627	164390	7.299594190697069
ALL DATA	HepG2	linear	2	Single Binders	0.07025556471007655	80655	3.8720595295247238
TEST ONLY	K562	xgboost	4	>= 1 Same Pos. PPI	0.06986380660701508	1152	0.29689956444421534
TEST ONLY	HepG2	xgboost	5	>= 1 Same Pos. PPI	0.06641871070615168	594	0.15488513989204974
TEST ONLY	HepG2	linear	11	>= 1 Same Pos. PPI	0.06616040697816117	1567	0.4085943000182525
ALL DATA	HepG2	xgboost	4	>= 1 Same Pos. PPI	0.06333599262180234	3626	0.17407585213634183
TEST ONLY	HepG2	xgboost	2	Single Binders	0.060406369732709964	13814	3.6019921253683087
TEST ONLY	K562	linear	14	Single Binders	0.058112765087011686	5071	1.3069250792505347
TEST ONLY	HepG2	linear	12	>= 1 Same Pos. PPI	0.05679021450150035	527	0.13741493051028655
TEST ONLY	HepG2	xgboost	13	>= 1 Same Pos. PPI	0.04868404478662136	970	0.2529269119449297
TEST ONLY	K562	linear	8	>= 1 Same Pos. PPI	0.04530762925269194	1761	0.4538542821061313
ALL DATA	K562	linear	3	>= 1 Same Pos. PPI	0.04497948432441157	3766	0.1672259366273202
TEST ONLY	K562	linear	3	Single Binders	0.04385340802890403	16712	4.3071054869719845
TEST ONLY	HepG2	linear	2	Single Binders	0.043691347994864516	13814	3.6019921253683087
TEST ONLY	K562	xgboost	2	Single Binders	0.04270200741023367	15060	3.881343264348857
TEST ONLY	K562	linear	2	Single Binders	0.03558483904134091	15060	3.881343264348857
ALL DATA	K562	xgboost	1	Single Binders	0.033125130828797866	58209	2.58471974114171
TEST ONLY	K562	linear	5	>= 1 Same Pos. PPI	0.02825829883223563	2142	0.5520476276384629
ALL DATA	HepG2	xgboost	1	Single Binders	0.026086751130248942	47235	2.267642822851656
TEST ONLY	K562	xgboost	1	Single Binders	0.0217059412428392	10470	2.6983840622664363
ALL DATA	K562	xgboost	2	>= 1 Same Pos. PPI	0.01104544212734515	3616	0.1605653178025464
ALL DATA	K562	linear	10	>= 1 Same Pos. PPI	-0.000979918972330518	10807	0.47987538426220105
TEST ONLY	HepG2	xgboost	1	Single Binders	-0.0026861839499265905	9985	2.6035826966702302
ALL DATA	K562	linear	1	Single Binders	-0.005238547347305111	58209	2.58471974114171
ALL DATA	HepG2	linear	6	>= 1 Same Pos. PPI	-0.005600920603407555	4316	0.2072011521843495
TEST ONLY	HepG2	linear	10	>= 1 Same Pos. PPI	-0.008028223518010913	742	0.19347605016818337
TEST ONLY	K562	linear	1	Single Binders	-0.009533122097943547	10470	2.6983840622664363
ALL DATA	HepG2	linear	4	>= 1 Same Pos. PPI	-0.011766088779918027	3626	0.17407585213634183
ALL DATA	K562	linear	2	>= 1 Same Pos. PPI	-0.01813192952201459	3616	0.1605653178025464
TEST ONLY	K562	linear	15	Single Binders	-0.026541945869065664	24236	6.246230767248266
ALL DATA	HepG2	linear	1	Single Binders	-0.037854137161488444	47235	2.267642822851656
TEST ONLY	K562	linear	6	>= 1 Same Pos. PPI	-0.041058537238797044	1293	0.3332388340506688
TEST ONLY	HepG2	linear	15	Single Binders	-0.06859548390681991	22290	5.81210398685823
ALL DATA	HepG2	linear	3	>= 1 Same Pos. PPI	-0.0693289266101278	1393	0.06687469995199233
TEST ONLY	K562	linear	2	>= 1 Same Pos. PPI	-0.095240155195073	991	0.25540578851060536
TEST ONLY	HepG2	linear	1	Single Binders	-0.11898369461479019	9985	2.6035826966702302
TEST ONLY	K562	xgboost	5	>= 1 Same Pos. PPI	-0.11986387059042447	2142	0.5520476276384629
ALL DATA	HepG2	xgboost	2	>= 1 Same Pos. PPI	-0.14764824338087545	1550	0.0744119059049448
TEST ONLY	K562	xgboost	6	>= 1 Same Pos. PPI	-0.15822922643947512	1293	0.3332388340506688
TEST ONLY	HepG2	linear	9	>= 1 Same Pos. PPI	-0.1710254421562032	794	0.20703501864358168
TEST ONLY	HepG2	linear	15	>= 1 Same Pos. PPI	-0.19015758316584064	9794	2.5537795624625175
ALL DATA	HepG2	xgboost	3	>= 1 Same Pos. PPI	-0.19936297057203078	1393	0.06687469995199233
TEST ONLY	K562	xgboost	2	>= 1 Same Pos. PPI	-0.21353479530382957	991	0.25540578851060536
TEST ONLY	K562	linear	10	>= 1 Same Pos. PPI	-0.22524596873088143	1473	0.3796293909950775
TEST ONLY	HepG2	xgboost	2	>= 1 Same Pos. PPI	-0.2293857092753091	852	0.2221584834815259
TEST ONLY	HepG2	linear	5	>= 1 Same Pos. PPI	-0.2808697889583036	594	0.15488513989204974
TEST ONLY	HepG2	linear	13	>= 1 Same Pos. PPI	-0.2935572950897054	970	0.2529269119449297
TEST ONLY	HepG2	linear	6	>= 1 Same Pos. PPI	-0.3046510764777657	991	0.25840264921384054
ALL DATA	HepG2	linear	2	>= 1 Same Pos. PPI	-0.3773523726845116	1550	0.0744119059049448
TEST ONLY	HepG2	xgboost	10	>= 1 Same Pos. PPI	-0.5066175067067888	742	0.19347605016818337
TEST ONLY	HepG2	linear	2	>= 1 Same Pos. PPI	-0.5126263799822235	852	0.2221584834815259
TEST ONLY	HepG2	xgboost	4	>= 1 Same Pos. PPI	-0.6714530634522671	642	0.1674011107924174
TEST ONLY	K562	linear	15	>= 1 Same Pos. PPI	-0.6975107339133748	17174	4.426174583129301
TEST ONLY	HepG2	linear	4	>= 1 Same Pos. PPI	-0.7320976028335291	642	0.1674011107924174
TEST ONLY	HepG2	linear	3	>= 1 Same Pos. PPI	-0.8499341086870966	53	0.013819717869155954
TEST ONLY	HepG2	xgboost	3	>= 1 Same Pos. PPI	-1.0694446625940093	53	0.013819717869155954
TEST ONLY	K562	xgboost	3	>= 1 Same Pos. PPI	-1.1302759306048356	492	0.1268008556480503
TEST ONLY	K562	linear	3	>= 1 Same Pos. PPI	-1.4582789672464518	492	0.1268008556480503
TEST ONLY	HepG2	xgboost	7	>= 1 Same Pos. PPI	-1.8862611733016972	559	0.14575891111053166
TEST ONLY	K562	xgboost	12	>= 1 Same Pos. PPI	-2.9901556291003466	1176	0.3030849720368032
TEST ONLY	HepG2	linear	7	>= 1 Same Pos. PPI	-5.937633677830434	559	0.14575891111053166
TEST ONLY	K562	linear	12	>= 1 Same Pos. PPI	-7.7746904078179835	1176	0.3030849720368032
