Cell Line	Model	RBP Pair	Position	Same Pos. PPI R2	Single Binders R2	# Graphs (Same Pos. PPI)	# Graphs (Single Binders)	Difference
HepG2	xgboost	HNRNPK-PCBP1	2	0.1489518462093833	-0.7941671198552918	42	2075	0.943118966064675
K562	xgboost	CSTF2T-NONO	4	0.8454697539659715	0.1435181574092271	199	3417	0.7019515965567443
K562	xgboost	RBM22-TIA1	3	0.5810782886329167	-0.0369888373612561	423	7287	0.6180671259941728
K562	xgboost	IGF2BP2-PCBP1	5	0.5178652425176222	-0.0351361301530135	300	3151	0.5530013726706358
K562	xgboost	RBM22-TIA1	2	0.5426205568761522	-0.0042738511432478	409	12063	0.5468944080194
K562	xgboost	PTBP1-ZC3H8	5	0.0002060564341088	-0.5464410961508435	50	1439	0.5466471525849522
K562	xgboost	FMR1-FXR2	5	0.5416088320138222	0.0637575894790888	1946	4527	0.4778512425347333
K562	xgboost	FMR1-FXR2	1	0.3956887907537603	0.1011497112086333	1874	3025	0.294539079545127
HepG2	xgboost	PCBP2-RBFOX2	5	0.4666214026903168	0.2180167466207166	78	9223	0.24860465606960022
K562	xgboost	FMR1-FXR2	6	0.4993407782638638	0.259789240535751	3342	5596	0.23955153772811283
HepG2	xgboost	PTBP1-QKI	2	0.009058145328476	-0.2294042122982669	13	1792	0.2384623576267429
K562	xgboost	CSTF2T-EWSR1	1	0.5460895360942504	0.3502806931495038	171	2539	0.1958088429447466
HepG2	xgboost	PCBP1-PTBP1	3	0.0240229875935931	-0.1687601077354465	72	2816	0.1927830953290396
K562	xgboost	CSTF2T-EWSR1	6	0.2000749887736402	0.0304054931257378	476	1978	0.1696694956479024
HepG2	xgboost	U2AF1-U2AF2	6	0.418529187701148	0.2750745990241044	2845	26694	0.14345458867704358
HepG2	xgboost	QKI-RBFOX2	3	0.3528978764801388	0.2128178803736728	291	11125	0.14007999610646601
K562	xgboost	FMR1-FXR2	3	0.0689608455545505	-0.0311993905710952	1440	2919	0.1001602361256457
HepG2	xgboost	U2AF1-U2AF2	2	0.2864411655626834	0.191875162452865	5072	27866	0.09456600310981839
K562	xgboost	U2AF1-U2AF2	2	0.1205635526202538	0.0393542854805939	4254	10517	0.0812092671396599
K562	xgboost	U2AF1-U2AF2	5	0.1688562580789939	0.0907054153128834	2240	11026	0.0781508427661105
HepG2	xgboost	U2AF1-U2AF2	3	0.2801708999034953	0.2088239362922229	1923	22636	0.07134696361127241
HepG2	xgboost	QKI-RBFOX2	4	0.1437215290153782	0.0815297753186908	330	9405	0.06219175369668742
K562	xgboost	U2AF1-U2AF2	6	0.1962622736111784	0.1523684732130759	4691	11607	0.043893800398102506
HepG2	xgboost	HNRNPK-PCBP1	3	0.0801289924179121	0.0478654686409506	75	4491	0.032263523776961504
K562	xgboost	IGF2BP2-PCBP1	2	0.2813087522257628	0.2522799984537888	413	8959	0.029028753771974003
K562	xgboost	CSTF2T-TAF15	2	-0.0225865129478852	-0.0136574891961311	7	3143	-0.008929023751754101
K562	xgboost	FXR1-FXR2	3	0.0210020679155019	0.0401723181962377	909	3026	-0.0191702502807358
K562	xgboost	EWSR1-NONO	6	0.0065778447415489	0.0537900511690443	370	2001	-0.0472122064274954
K562	xgboost	CSTF2T-NONO	6	0.0977837677484391	0.1548003007641466	403	3077	-0.05701653301570751
K562	xgboost	CSTF2T-NONO	1	0.304496434209247	0.3733322229884556	347	2682	-0.0688357887792086
HepG2	xgboost	HNRNPK-PCBP1	1	-0.0950886085980682	-0.0157192815517732	20	1772	-0.079369327046295
K562	xgboost	U2AF1-U2AF2	3	0.0096934131893774	0.1059255759492259	1741	6516	-0.0962321627598485
K562	xgboost	RBFOX2-SF3B4	5	0.0898797519412867	0.189685192146779	983	41572	-0.09980544020549231
K562	xgboost	PTBP1-ZC3H8	6	0.0002060564341088	0.1018787060022285	50	678	-0.1016726495681197
K562	xgboost	FXR1-FXR2	2	0.2116442426526252	0.3418753164545783	2894	6434	-0.13023107380195312
K562	xgboost	EWSR1-NONO	4	0.1170817860990905	0.2532571287948718	443	2412	-0.13617534269578127
HepG2	xgboost	SF3B4-TAF15	5	0.1657427643869653	0.3087664581094913	32	15860	-0.14302369372252602
K562	xgboost	CSTF2T-NONO	5	0.1285713037739605	0.301376418335453	730	4711	-0.17280511456149247
K562	xgboost	IGF2BP2-PCBP1	6	0.0754679621874132	0.2488783877328693	589	7039	-0.1734104255454561
K562	xgboost	CSTF2T-EWSR1	3	-0.1287177974274997	0.0473273189586156	845	3824	-0.1760451163861153
K562	xgboost	EWSR1-NONO	3	0.0830669555245279	0.2598365418743705	672	2708	-0.17676958634984258
K562	xgboost	CSTF2T-EWSR1	5	0.0714770574028744	0.2556576694237962	691	3483	-0.18418061202092179
K562	xgboost	FMR1-FXR2	2	0.2149203030818366	0.403445483306743	3150	7680	-0.1885251802249064
HepG2	xgboost	U2AF1-U2AF2	4	0.016077331092891	0.2468301532903541	5499	35401	-0.2307528221974631
HepG2	xgboost	HNRNPK-U2AF2	3	-0.00763062142788	0.2375743814987797	366	26768	-0.24520500292665973
K562	xgboost	U2AF1-U2AF2	4	-0.0601176584128633	0.1960690066620463	3472	11490	-0.2561866650749096
K562	xgboost	CSTF2T-EWSR1	4	-0.1173501400751868	0.1409225098419579	426	2759	-0.2582726499171447
K562	xgboost	HNRNPK-PCBP1	4	-0.1434087520188136	0.1365079833417078	906	3921	-0.2799167353605214
K562	xgboost	IGF2BP2-PTBP1	2	0.0416230782068972	0.326822870879053	19	6912	-0.2851997926721558
HepG2	xgboost	U2AF1-U2AF2	5	-0.0598973208340745	0.2544335257286914	1456	29738	-0.3143308465627659
K562	xgboost	CPSF6-RBM15	2	-0.0946308113995884	0.2232269558214381	114	16357	-0.3178577672210265
K562	xgboost	HNRNPK-PCBP1	3	-0.0117935271375109	0.3297558146209228	809	4719	-0.3415493417584337
K562	xgboost	FXR1-FXR2	1	-0.0555274000017849	0.2893366639402751	1130	4716	-0.34486406394206
K562	xgboost	FXR1-FXR2	5	0.1007221091848354	0.4514985258117272	743	4188	-0.35077641662689185
K562	xgboost	HNRNPK-LARP4	2	-0.1856749643489912	0.1856292803282888	233	1999	-0.37130424467727996
HepG2	xgboost	RBFOX2-SF3B4	2	-0.2680877632446652	0.1113555815408183	143	19719	-0.3794433447854835
HepG2	xgboost	RBFOX2-SF3B4	5	-0.0530870134285157	0.3327878678295157	2077	17969	-0.3858748812580314
K562	xgboost	FMR1-FXR2	4	-0.073684704982732	0.3343120733918291	2408	5455	-0.4079967783745611
HepG2	xgboost	RBFOX2-SF3B4	1	-0.2198181176665723	0.2417757596905536	486	12059	-0.46159387735712587
K562	xgboost	EWSR1-HNRNPK	3	-0.2579563221111578	0.2125192821535091	3	5426	-0.47047560426466695
K562	xgboost	APOBEC3C-PCBP1	2	-0.4694060863637657	0.0356474280441024	361	4752	-0.505053514407868
K562	xgboost	RBM22-TIA1	6	-0.329774553399897	0.2330782164545431	91	6705	-0.5628527698544401
K562	xgboost	EWSR1-NONO	5	-0.1608701852732807	0.4399137848804422	610	2962	-0.6007839701537229
K562	xgboost	EWSR1-NONO	1	-0.2292311369908368	0.3725180482632289	295	1831	-0.6017491852540657
K562	xgboost	CSTF2T-TAF15	1	-0.2579563221111578	0.3561922919143782	3	1915	-0.614148614025536
K562	xgboost	GTF2F1-PCBP1	3	-0.5699275022598855	0.067719108442557	112	5565	-0.6376466107024426
K562	xgboost	RBFOX2-SF3B4	3	-0.3951743994211099	0.2755840146064469	879	24604	-0.6707584140275568
HepG2	xgboost	RBFOX2-SF3B4	3	-0.531393389639016	0.1607639426141304	1524	18342	-0.6921573322531464
HepG2	xgboost	HNRNPK-U2AF2	1	-0.4600730333300855	0.2566672480997044	93	15007	-0.7167402814297898
K562	xgboost	HNRNPK-PCBP1	6	-0.5584288643368254	0.205841102231885	618	3829	-0.7642699665687104
K562	xgboost	HNRNPK-U2AF2	5	-0.6604270809612651	0.1086976144561789	23	14618	-0.769124695417444
K562	xgboost	APOBEC3C-PCBP1	1	-0.4694060863637657	0.3011429447240875	361	1512	-0.7705490310878531
K562	xgboost	RBFOX2-SF3B4	4	-0.5346104725373153	0.3049755947175803	543	23020	-0.8395860672548956
HepG2	xgboost	HNRNPK-LARP4	3	-0.6575225701603193	0.2021665760106129	61	5255	-0.8596891461709322
K562	xgboost	HNRNPK-PCBP1	2	-0.6108958177838502	0.2824084342107648	638	4052	-0.8933042519946149
HepG2	xgboost	PTBP1-QKI	4	-1.0133744419757909	-0.0960865593945736	36	6302	-0.9172878825812173
K562	xgboost	RBM22-TIA1	5	-0.7595181663689823	0.1580632066139895	738	8956	-0.9175813729829718
HepG2	xgboost	RBFOX2-SF3B4	4	-0.7681313018124127	0.1649425089075809	609	14227	-0.9330738107199936
K562	xgboost	HNRNPK-PCBP1	5	-0.7107307467868214	0.2438862674361295	414	3336	-0.9546170142229509
HepG2	xgboost	PCBP2-QKI	5	-1.001589989705436	-0.0097704365348232	85	6741	-0.9918195531706127
K562	xgboost	MBNL1-RBFOX2	4	-0.7577797582743195	0.2391616376744202	218	3315	-0.9969413959487398
K562	xgboost	EWSR1-RBM15	3	-0.9489946232464994	0.0582069422505887	91	5359	-1.007201565497088
HepG2	xgboost	QKI-RBFOX2	1	-0.7400761531285545	0.3083920521582555	24	3500	-1.04846820528681
K562	xgboost	FXR1-FXR2	4	-0.8108420614631147	0.2938293793915869	1711	4897	-1.1046714408547016
HepG2	xgboost	HNRNPK-LARP4	4	-0.8392639473850623	0.2816498882223737	81	5573	-1.120913835607436
K562	xgboost	RBFOX2-SF3B4	2	-0.9212535336750662	0.2112567066019355	595	43745	-1.1325102402770018
K562	xgboost	PUM2-QKI	6	-1.2555234154641126	0.0096189602141815	55	4999	-1.265142375678294
K562	xgboost	U2AF1-U2AF2	1	-1.1700676946533024	0.1195082943444927	1394	5369	-1.2895759889977951
K562	xgboost	RBM22-TIA1	4	-1.261088778492721	0.1911226979201664	260	7541	-1.4522114764128873
K562	xgboost	CSTF2T-NONO	2	-1.336110663948166	0.1847870324213356	692	5045	-1.5208976963695016
K562	xgboost	IGF2BP2-PCBP1	4	-1.8619110873834892	-0.0608369372322261	322	5675	-1.801074150151263
K562	xgboost	PTBP1-ZC3H8	3	-1.6381750289149468	0.2408214512139048	896	1643	-1.8789964801288517
HepG2	xgboost	PCBP2-QKI	3	-1.7923760068728378	0.2408251996588913	232	6931	-2.033201206531729
K562	xgboost	MBNL1-RBFOX2	2	-2.0983202677682256	-0.0069151568730689	163	2947	-2.0914051108951566
K562	xgboost	HNRNPK-PCBP1	1	-2.083814235227275	0.0443037741235314	72	2743	-2.128118009350806
HepG2	xgboost	HNRNPK-QKI	3	-1.839682951841279	0.3656805389267002	231	7107	-2.2053634907679793
K562	xgboost	MBNL1-RBFOX2	3	-2.0261436306760485	0.2974434404535423	291	4945	-2.323587071129591
HepG2	xgboost	PCBP2-RBFOX2	3	-2.3090764060582285	0.1311436399607582	683	10666	-2.440220046018987
HepG2	xgboost	PCBP1-RBFOX2	3	-2.3632196825893343	0.1359787731198116	198	8383	-2.499198455709146
K562	xgboost	CSTF2T-NONO	3	-2.494291730451606	0.1975774872742506	372	4996	-2.6918692177258565
K562	xgboost	IGF2BP2-PCBP1	3	-2.501683475638383	0.3500108074369135	504	3970	-2.8516942830752963
K562	xgboost	PCBP1-RBFOX2	4	-2.9372135099162517	0.3510590845121287	427	4473	-3.2882725944283804
HepG2	xgboost	QKI-RBFOX2	5	-3.316866637692409	0.0585651185245328	254	9496	-3.375431756216942
K562	xgboost	CSTF2T-EWSR1	2	-3.673098822656698	0.0976819140285639	445	3573	-3.770780736685262
HepG2	xgboost	HNRNPK-LARP4	5	-3.723819004188442	0.3270111666634596	160	5684	-4.050830170851901
K562	xgboost	IGF2BP2-PCBP1	1	-4.350738577455505	0.3399949144598948	88	4073	-4.690733491915401
K562	xgboost	RBFOX2-SF3B4	1	-5.115894125976208	0.2038863694207339	221	22532	-5.319780495396942
K562	xgboost	PCBP1-QKI	5	-5.817312982405754	-0.2262627496261973	5	3422	-5.591050232779557
K562	xgboost	GTF2F1-PCBP1	4	-5.796397355165813	-0.1274657203168245	409	3270	-5.668931634848988
K562	xgboost	HNRNPK-QKI	5	-5.817312982405754	-0.1354651413439045	5	4782	-5.68184784106185
HepG2	xgboost	RBFOX2-SF3B4	6	-5.828768031625698	0.1499329604603209	508	13755	-5.978700992086019
K562	xgboost	PCBP1-RBFOX2	3	-5.788402466800209	0.3167498865333613	409	6400	-6.10515235333357
HepG2	xgboost	HNRNPK-U2AF2	4	-6.531366292143405	0.1936474596638866	10	41496	-6.725013751807292
K562	xgboost	DDX42-U2AF2	4	-7.343394597580755	0.1059804810689766	21	14210	-7.449375078649731
K562	xgboost	MBNL1-RBFOX2	5	-9.68622766372706	-0.3732254104846026	212	3746	-9.313002253242457
HepG2	xgboost	HNRNPK-U2AF2	2	-10.600890090588624	0.2066022155188939	23	32664	-10.807492306107518
K562	xgboost	IGF2BP1-PTBP1	2	-10.589100021846926	0.305807130058855	17	10088	-10.894907151905782
K562	xgboost	CPSF6-RBM15	4	-11.056353112544368	0.1490219506393229	32	9310	-11.205375063183691
K562	xgboost	CPSF6-RBM15	5	-13.430357697227477	0.2653984322067595	40	10793	-13.695756129434237
K562	xgboost	HNRNPK-QKI	3	-14.280776087075797	0.1939464897228805	90	4831	-14.474722576798678
K562	xgboost	EWSR1-NONO	2	-14.829044081065067	0.0735268123828936	447	3698	-14.902570893447962
K562	xgboost	PCBP1-QKI	3	-15.605592198357606	0.0316090190725201	90	4130	-15.637201217430126
K562	xgboost	MBNL1-RBFOX2	1	-16.66088939591122	-0.6829501672851472	43	1515	-15.977939228626072
K562	xgboost	HNRNPK-U2AF2	1	-18.3030350312532	0.1536540540033095	44	7501	-18.456689085256507
HepG2	xgboost	CSTF2T-SFPQ	5	-18.39966004360057	0.2279087915545989	16	3397	-18.627568835155166
HepG2	xgboost	U2AF1-U2AF2	1	-18.95549648103004	0.2527455081067796	546	13764	-19.20824198913682
K562	xgboost	RBM22-TIA1	1	-19.786089951170528	0.209668517344279	349	7451	-19.995758468514808
HepG2	xgboost	IGF2BP1-PTBP1	3	-22.932600127145744	0.2600844405672913	5	3874	-23.192684567713034
HepG2	xgboost	FUBP3-RBFOX2	6	-26.99034409145824	0.088429425810232	29	4956	-27.078773517268473
K562	xgboost	RBFOX2-SF3B4	6	-35.526956572535546	0.1787471375549818	153	36741	-35.705703710090525
K562	xgboost	FXR1-FXR2	6	-37.346565098588016	0.3694420149962218	1363	6161	-37.71600711358424
K562	xgboost	DDX42-RBFOX2	3	-38.16361153950669	0.2612208971901792	25	4566	-38.42483243669687
HepG2	xgboost	HNRNPK-IGF2BP3	2	-39.54784424653944	-0.0216714047227959	3	2963	-39.526172841816646
HepG2	xgboost	PCBP1-RBFOX2	6	-41.97132690803858	0.2227037894676532	219	3384	-42.19403069750623
HepG2	xgboost	HNRNPK-LARP4	6	-51.47560529324143	0.1171957230120068	43	6657	-51.59280101625344
HepG2	xgboost	HNRNPK-PCBP1	6	-54.99728791662999	0.1894592588483465	188	2382	-55.18674717547834
HepG2	xgboost	HNRNPK-IGF2BP3	5	-58.275595264788485	0.3248776568295394	19	3857	-58.60047292161803
HepG2	xgboost	HNRNPK-IGF2BP3	6	-59.13947234421502	0.1513373221191166	28	3724	-59.29080966633414
K562	xgboost	HNRNPK-U2AF2	3	-72.71764960733879	0.1514189015293605	7	11096	-72.86906850886814
K562	xgboost	CPSF6-RBM15	3	-94.66890684552452	0.1804791486639533	11	4050	-94.84938599418847
HepG2	xgboost	RBM22-TIA1	4	-102.0440530020734	0.3749864741711537	31	3830	-102.41903947624455
K562	xgboost	CPSF6-RBM15	6	-117.1828619727384	0.2386066060034839	46	13903	-117.42146857874188
HepG2	xgboost	HNRNPK-U2AF2	5	-148.09506414141046	0.2652352138961603	43	31893	-148.3602993553066
K562	xgboost	EWSR1-RBM15	2	-156.5948822283305	0.2410402706423058	43	16539	-156.83592249897282
HepG2	xgboost	RBM22-TIA1	5	-197.96516256306347	0.1052613037472421	21	9369	-198.07042386681073
HepG2	xgboost	RBM15-SRSF9	6	-232.4076253322261	0.0155768396068785	123	3152	-232.42320217183297
HepG2	xgboost	HNRNPK-PCBP1	5	-234.81880712761435	0.3559509620334821	110	3068	-235.17475808964784
HepG2	xgboost	RBM22-TIA1	6	-239.1063295666891	0.0919286229081496	33	6093	-239.19825818959725
HepG2	xgboost	SF3B4-TAF15	3	-256.25256336470613	-0.1030693278129122	20	13202	-256.1494940368932
K562	xgboost	PUM2-RBFOX2	2	-335.30635348760643	0.2859961160579677	13	6850	-335.5923496036644
HepG2	xgboost	HNRNPK-IGF2BP3	3	-364.5097395220528	0.0688728808729879	28	4718	-364.57861240292584
K562	xgboost	CPEB4-CSTF2T	6	-393.5907246473034	0.1883286302096667	4	2148	-393.779053277513
K562	xgboost	EWSR1-RBM15	6	-477.1339757065906	0.2320394334083914	3	13981	-477.366015139999
K562	xgboost	CSTF2T-TAF15	6	-508.2264391905528	0.1404976532462072	7	2040	-508.366936843799
K562	xgboost	CSTF2T-TAF15	5	-508.2264391905528	0.2506939763717106	7	3430	-508.47713316692455
HepG2	xgboost	FUBP3-U2AF2	4	-509.86372312338654	0.2080364430643047	80	39650	-510.07175956645085
K562	xgboost	QKI-RBFOX2	1	-596.3631198713219	-0.1005390510902541	38	1662	-596.2625808202317
HepG2	xgboost	SRSF9-TAF15	4	-685.4220693648624	0.0049789462931127	4	1201	-685.4270483111555
HepG2	xgboost	SRSF1-TAF15	4	-685.4220693648624	0.2888859898398291	4	3793	-685.7109553547023
K562	xgboost	EWSR1-RBM15	1	-740.3048587107667	0.2813033360686784	7	7525	-740.5861620468354
HepG2	xgboost	SRSF9-TRA2A	2	-847.6553789276605	0.3493388054444492	6	3726	-848.0047177331049
K562	xgboost	PUM2-RBFOX2	3	-1089.6527934477224	0.3214568948019217	4	5583	-1089.9742503425243
K562	xgboost	PCBP1-RBFOX2	6	-1172.906142467009	0.1743879826748565	105	3486	-1173.080530449684
K562	xgboost	DDX42-U2AF2	5	-1192.3414728648925	0.0990000499770923	3	11964	-1192.4404729148696
K562	xgboost	QKI-RBFOX2	3	-1284.0275668301206	0.2230197493382253	62	5768	-1284.2505865794587
HepG2	xgboost	SRSF9-TRA2A	1	-1357.348040190934	0.1589681317356004	4	2190	-1357.5070083226694
HepG2	xgboost	RBM22-TIA1	2	-1633.6799110384748	0.0359465611712216	28	10604	-1633.715857599646
K562	xgboost	DDX42-U2AF2	2	-1881.64992933294	0.0741561775539829	5	13690	-1881.724085510494
K562	xgboost	CSTF2T-TAF15	3	-1987.95589710461	0.0630229651847837	35	3567	-1988.0189200697946
K562	xgboost	CSTF2T-TAF15	4	-1987.95589710461	0.1061356113027298	35	2087	-1988.0620327159127
HepG2	xgboost	PCBP1-RBFOX2	2	-2039.814242841586	-0.1719572527811841	89	4452	-2039.642285588805
HepG2	xgboost	HNRNPK-IGF2BP3	4	-2165.5325485368194	0.156375113641647	33	3569	-2165.688923650461
HepG2	xgboost	HNRNPK-PCBP1	4	-2177.352474310542	0.1056574116308317	33	2496	-2177.458131722173
HepG2	xgboost	PCBP1-RBFOX2	5	-2338.568199808896	0.2284075485792244	8	6647	-2338.7966073574753
HepG2	xgboost	PCBP2-RBFOX2	1	-2377.9161504855333	0.2760201792029354	49	3141	-2378.1921706647363
K562	xgboost	IGF2BP2-PTBP1	3	-2593.337501809704	0.1049521946092404	11	4566	-2593.4424540043133
K562	xgboost	DDX42-U2AF2	6	-2682.027652111969	0.1819990276055271	3	15414	-2682.2096511395744
K562	xgboost	APOBEC3C-PCBP1	6	-4271.075629862284	0.2148156581203137	7	4786	-4271.290445520404
HepG2	xgboost	PCBP1-PTBP1	5	-4392.029427604065	0.274907350536646	14	1512	-4392.3043349546015
K562	xgboost	QKI-RBFOX2	5	-6224.621632851367	-0.2168288961574263	5	5397	-6224.40480395521
HepG2	xgboost	FUBP3-LARP4	6	-6975.241179008557	0.0706868132596623	4	6977	-6975.311865821816
K562	xgboost	HNRNPK-U2AF2	6	-9107.490071507318	0.188955189525918	13	17486	-9107.679026696844
HepG2	xgboost	PCBP1-RBFOX2	4	-11014.966732727116	0.1256468417621116	11	5705	-11015.092379568878
K562	xgboost	PTBP1-ZC3H8	4	-52916.10071366984	0.4533179607211467	3	836	-52916.55403163056
