Data Partition	Model	Cell Line	RBP Pair	Position	RBP 1 Same Pos. PPI Mean	RBP 1 Single Binders Mean	RBP 1 PPI - Single: Mean	RBP 2 Same Pos. PPI Mean	RBP 2 Single Binders Mean	RBP 2 PPI - Single: Mean	Same Pos. PPI Rows	Single Binders Rows
test	xgboost	HepG2	CSTF2T-SFPQ	5	0.00912821726875	0.03876057889658523	-0.029632361627835224	0.0025904481875000007	0.000503689614996173	0.0020867585725038275	16	3397
test	xgboost	HepG2	FUBP3-LARP4	6	0.26509837574999995	0.029437303700554054	0.2356610720494459	0.009078336150000001	0.028270784165764652	-0.01919244801576465	4	6977
test	xgboost	HepG2	FUBP3-RBFOX2	6	0.12915926117241383	0.039844903552443495	0.08931435761997034	0.04165405351724137	0.019810002970788942	0.02184405054645243	29	4956
test	xgboost	HepG2	FUBP3-U2AF2	4	0.2923757835000003	0.0027580362983139974	0.2896177472016863	0.016815985470000024	0.020782536809551402	-0.003966551339551379	80	39650
test	xgboost	HepG2	HNRNPK-IGF2BP3	2	0.025466602	0.018741848861437392	0.006724753138562609	0.13058783	0.10519319197114753	0.02539463802885246	3	2963
test	xgboost	HepG2	HNRNPK-IGF2BP3	3	0.2405016964285714	0.0753777606103264	0.16512393581824497	0.0	0.0	0.0	28	4718
test	xgboost	HepG2	HNRNPK-IGF2BP3	4	0.08564483090909088	0.026107265137702444	0.05953756577138843	0.45783518969696946	0.19145570691773042	0.26637948277923906	33	3569
test	xgboost	HepG2	HNRNPK-IGF2BP3	5	0.15111510315789475	0.020523561944660876	0.13059154121323388	0.10523128999999998	0.01664259291072751	0.08858869708927247	19	3857
test	xgboost	HepG2	HNRNPK-IGF2BP3	6	0.2866399259285714	0.13383549685998117	0.15280442906859024	4.186774699999999e-06	7.856664300067134e-05	-7.437986830067134e-05	28	3724
test	xgboost	HepG2	HNRNPK-LARP4	3	0.029802042704918055	0.06965583397165748	-0.03985379126673942	0.006605327599999993	0.001623169328530352	0.004982158271469641	61	5255
test	xgboost	HepG2	HNRNPK-LARP4	4	0.04402643434567897	0.01666637226250314	0.02736006208317583	0.9247785493827165	0.6902774998659609	0.23450104951675566	81	5573
test	xgboost	HepG2	HNRNPK-LARP4	5	0.01908269685625	0.014507526566023046	0.004575170290226955	0.23640223662499998	0.08729884709992682	0.14910338952507318	160	5684
test	xgboost	HepG2	HNRNPK-LARP4	6	0.32619208116279075	0.07446565217243531	0.25172642899035547	0.005857385627906976	0.02939164237195433	-0.023534256744047355	43	6657
test	xgboost	HepG2	HNRNPK-PCBP1	1	0.05811721999999998	0.05071000779588036	0.00740721220411962	0.04414027369999998	0.015407639662493226	0.028732634037506755	20	1772
test	xgboost	HepG2	HNRNPK-PCBP1	2	0.04070204983333333	0.025689983962212046	0.015012065871121284	0.27623796166666653	0.14157083185367228	0.13466712981299425	42	2075
test	xgboost	HepG2	HNRNPK-PCBP1	3	0.13835962583999997	0.07834939197189934	0.06001023386810063	0.10610007933333326	0.010098085002138277	0.09600199433119498	75	4491
test	xgboost	HepG2	HNRNPK-PCBP1	4	0.08533923290909087	0.03714724078602564	0.048191992123065235	0.34208602	0.05476757272628848	0.28731844727371153	33	2496
test	xgboost	HepG2	HNRNPK-PCBP1	5	0.1538083608181817	0.021081884267309326	0.13272647655087236	0.00014028194981818192	5.5197420167209924e-05	8.5084529650972e-05	110	3068
test	xgboost	HepG2	HNRNPK-PCBP1	6	0.2450840347127659	0.19271347679149456	0.05237055792127135	0.00010187828874468085	4.039496405486986e-05	6.148332468981099e-05	188	2382
test	xgboost	HepG2	HNRNPK-QKI	3	0.0834612851731602	0.048778583632146766	0.03468270154101344	0.18946870653679637	0.09016933310688702	0.09929937342990935	231	7107
test	xgboost	HepG2	HNRNPK-U2AF2	1	0.06345220050537641	0.005978965615714666	0.057473234889661745	0.06263587755161291	0.028899616178903176	0.03373626137270974	93	15007
test	xgboost	HepG2	HNRNPK-U2AF2	2	0.16859427608695657	0.002061258630270968	0.1665330174566856	0.014533097565217392	0.047049474109466506	-0.03251637654424912	23	32664
test	xgboost	HepG2	HNRNPK-U2AF2	3	0.14799387739071024	0.01290569877834678	0.13508817861236347	0.05805434780792343	0.05340723199073166	0.004647115817191766	366	26768
test	xgboost	HepG2	HNRNPK-U2AF2	4	0.032587174	0.002621197680594274	0.029965976319405722	8.901690999999999e-05	0.020053257980963586	-0.019964241070963586	10	41496
test	xgboost	HepG2	HNRNPK-U2AF2	5	0.12217006776744185	0.0028763485943534882	0.11929371917308837	0.14433894753488372	0.12909494528932305	0.015244002245560662	43	31893
test	xgboost	HepG2	IGF2BP1-PTBP1	3	0.52101773	0.24796212894576664	0.2730556010542333	0.19085906	0.18998644469131648	0.0008726153086835164	5	3874
test	xgboost	HepG2	PCBP1-PTBP1	3	0.1057533177777777	0.016158521059945672	0.08959479671783203	0.21764022652777765	0.2562099412806356	-0.038569714752857975	72	2816
test	xgboost	HepG2	PCBP1-PTBP1	5	0.00014033876000000002	5.2157871932539715e-05	8.818088806746031e-05	0.014098230714285717	0.011221572457195768	0.002876658257089949	14	1512
test	xgboost	HepG2	PCBP1-RBFOX2	2	0.2507745680898879	0.06377734633486523	0.18699722175502267	0.006782876743820231	0.028667527846729157	-0.021884651102908926	89	4452
test	xgboost	HepG2	PCBP1-RBFOX2	3	0.04799374232828282	0.005423358567423059	0.04257038376085976	0.125087409520202	0.10416061919228202	0.020926790327919984	198	8383
test	xgboost	HepG2	PCBP1-RBFOX2	4	0.29158944454545455	0.025458323838366347	0.2661311207070882	0.1776231781818182	0.09681182884466781	0.08081134933715038	11	5705
test	xgboost	HepG2	PCBP1-RBFOX2	5	0.00014033876000000002	4.5852534339401225e-05	9.44862256605988e-05	0.00020593536000000002	0.010188609125798255	-0.009982673765798256	8	6647
test	xgboost	HepG2	PCBP1-RBFOX2	6	0.00012405479579908683	4.181562608971632e-05	8.223916970937051e-05	0.041541100424657515	0.026583595292317963	0.014957505132339552	219	3384
test	xgboost	HepG2	PCBP2-QKI	3	0.014571524074999993	0.006955861511945751	0.007615662563054242	0.1898493666810344	0.0923568456143962	0.0974925210666382	232	6931
test	xgboost	HepG2	PCBP2-QKI	5	0.08717464329411756	0.03465558056040202	0.05251906273371554	0.033562748035294146	0.07751253165269144	-0.04394978361739729	85	6741
test	xgboost	HepG2	PCBP2-RBFOX2	1	0.009272924999999991	0.013630463114731617	-0.004357538114731626	0.2599238383673471	0.1269888340229863	0.1329350043443608	49	3141
test	xgboost	HepG2	PCBP2-RBFOX2	3	0.008591966262518302	0.004895321859588544	0.003696644402929758	0.05158099005270863	0.08162307487445435	-0.030042084821745717	683	10666
test	xgboost	HepG2	PCBP2-RBFOX2	5	0.07357429957692316	0.027691663283663667	0.04588263629325949	0.0014417094737179462	0.007485009110369944	-0.006043299636651998	78	9223
test	xgboost	HepG2	PTBP1-QKI	2	0.0	0.0	0.0	0.26554126	0.1633388430241685	0.10220241697583149	13	1792
test	xgboost	HepG2	PTBP1-QKI	4	0.0011055191000000002	0.015900147743506825	-0.014794628643506825	0.4524108499999999	0.3161797253298001	0.13623112467019982	36	6302
test	xgboost	HepG2	QKI-RBFOX2	1	0.04544549933333334	0.013280542426556855	0.03216495690677648	0.2610933645833333	0.11577754863528571	0.1453158159480476	24	3500
test	xgboost	HepG2	QKI-RBFOX2	3	0.14670594816151203	0.05915247945078292	0.08755346871072911	0.07645763058075603	0.07939255415025114	-0.00293492356949511	291	11125
test	xgboost	HepG2	QKI-RBFOX2	4	0.5043163543030303	0.19738761995045193	0.3069287343525784	0.13546079202727257	0.05537812937869866	0.08008266264857392	330	9405
test	xgboost	HepG2	QKI-RBFOX2	5	0.1283980502559056	0.052256154265252736	0.07614189599065285	0.0013655026456692906	0.007160771234486625	-0.005795268588817334	254	9496
test	xgboost	HepG2	RBFOX2-SF3B4	1	0.18495886265432093	0.028797826373198773	0.15616103628112216	0.05019383223662553	0.03708965762701706	0.013104174609608471	486	12059
test	xgboost	HepG2	RBFOX2-SF3B4	2	0.0665140695804196	0.007799940867042386	0.05871412871337721	0.02852701108881119	0.035410484220707285	-0.006883473131896096	143	19719
test	xgboost	HepG2	RBFOX2-SF3B4	3	0.12302129626968507	0.04134664088637407	0.081674655383311	0.3083793997506561	0.14703553681582826	0.16134386293482783	1524	18342
test	xgboost	HepG2	RBFOX2-SF3B4	4	0.1371485014113301	0.034723193529881916	0.10242530788144817	0.5930091418883416	0.4470647059354678	0.14594443595287382	609	14227
test	xgboost	HepG2	RBFOX2-SF3B4	5	0.020610465954795383	0.0018604448042367633	0.01875002115055862	0.16807520926509387	0.10004526874360427	0.0680299405214896	2077	17969
test	xgboost	HepG2	RBFOX2-SF3B4	6	0.026351062297244095	0.00642241952867321	0.019928642768570884	0.015655466966141743	0.01076456477876008	0.004890902187381663	508	13755
test	xgboost	HepG2	RBM15-SRSF9	6	0.2163931560162607	0.07300944349498827	0.1433837125212724	0.0007088156399999993	0.0003219024031627538	0.0003869132368372455	123	3152
test	xgboost	HepG2	RBM22-TIA1	2	0.2077740782142857	0.2371901991491937	-0.029416120934908002	0.005088298340357142	0.0018668426888660504	0.0032214556514910918	28	10604
test	xgboost	HepG2	RBM22-TIA1	4	0.2864522987096774	0.21442367282539165	0.07202862588428577	0.3198705767741935	0.04198503395681723	0.27788554281737626	31	3830
test	xgboost	HepG2	RBM22-TIA1	5	0.33456161047619054	0.22784173280799447	0.10671987766819607	0.0005663232419047616	0.002248679208195717	-0.0016823559662909556	21	9369
test	xgboost	HepG2	RBM22-TIA1	6	0.007867900099999997	0.004805331495374364	0.0030625686046256324	0.0	0.0	0.0	33	6093
test	xgboost	HepG2	SF3B4-TAF15	3	0.4337924700000001	0.23610418337186487	0.19768828662813523	8.112207000000002e-05	2.866873405714286e-05	5.245333594285716e-05	20	13202
test	xgboost	HepG2	SF3B4-TAF15	5	0.18395405406250004	0.13076464640574906	0.05318940765675098	0.0	0.0	0.0	32	15860
test	xgboost	HepG2	SRSF1-TAF15	4	0.21928255	0.0782369049738993	0.14104564502610067	1.9727799e-05	8.406479708515687e-07	1.888715102914843e-05	4	3793
test	xgboost	HepG2	SRSF9-TAF15	4	0.0	0.0	0.0	1.9727799e-05	8.227366425978349e-07	1.8905062357402163e-05	4	1201
test	xgboost	HepG2	SRSF9-TRA2A	1	0.01936463	0.008820439202936988	0.010544190797063013	0.10896717	0.018879111524913242	0.09008805847508676	4	2190
test	xgboost	HepG2	SRSF9-TRA2A	2	0.2716769566666667	0.08085337347914116	0.19082358318752551	0.049962944333333335	0.10925539278970181	-0.059292448456368475	6	3726
test	xgboost	HepG2	U2AF1-U2AF2	1	0.24355113460073247	0.00700249762302165	0.2365486369777108	0.02687715827307693	0.030566649628849172	-0.003689491355772241	546	13764
test	xgboost	HepG2	U2AF1-U2AF2	2	0.010299012572417192	0.0002960947598395894	0.010002917812577602	0.0728430208856802	0.04197882882402727	0.03086419206165293	5072	27866
test	xgboost	HepG2	U2AF1-U2AF2	3	0.06215614030525223	0.005593298691712317	0.056562841613539916	0.054597493261154435	0.0591274183872049	-0.004529925126050466	1923	22636
test	xgboost	HepG2	U2AF1-U2AF2	4	0.023398284665702856	0.0032259769557831702	0.020172307709919686	0.02209399010309329	0.019954046559229485	0.0021399435438638065	5499	35401
test	xgboost	HepG2	U2AF1-U2AF2	5	0.00470411010528846	0.0031966797716884115	0.0015074303336000488	0.22720279491229398	0.127409735226566	0.09979305968572796	1456	29738
test	xgboost	HepG2	U2AF1-U2AF2	6	0.3299878342256591	0.012592564199406908	0.3173952700262522	0.03147195634253075	0.02856000941082865	0.0029119469317020995	2845	26694
test	xgboost	K562	APOBEC3C-PCBP1	1	0.005153324473684212	0.004488540001904762	0.0006647844717794496	0.09086878842105262	0.07033019863511973	0.020538589785932884	361	1512
test	xgboost	K562	APOBEC3C-PCBP1	2	0.5716080626592793	0.1354220696223969	0.43618599303688244	0.08290870944598332	0.15668995472717423	-0.07378124528119091	361	4752
test	xgboost	K562	APOBEC3C-PCBP1	6	7.655354571428571e-05	0.0014559663139126619	-0.0013794127681983762	0.0010136340085714287	0.003546163440445612	-0.0025325294318741835	7	4786
test	xgboost	K562	CPEB4-CSTF2T	6	0.0	0.0	0.0	0.0002952617	0.0016684677101117317	-0.0013732060101117316	4	2148
test	xgboost	K562	CPSF6-RBM15	2	0.005980064061403514	0.0007252436683555298	0.005254820393047985	0.03807051434210527	0.05572830800934584	-0.017657793667240573	114	16357
test	xgboost	K562	CPSF6-RBM15	3	3.4841851090909094e-05	0.00013684567727471604	-0.00010200382618380695	0.030820786563636363	0.027463634163612343	0.0033571524000240195	11	4050
test	xgboost	K562	CPSF6-RBM15	4	0.045538532968750024	0.0012641130681661653	0.04427441990058386	0.24501008187499987	0.27344584051331194	-0.028435758638312075	32	9310
test	xgboost	K562	CPSF6-RBM15	5	0.08886952089999992	0.007377568164214028	0.08149195273578588	0.056993600799999974	0.02392743124632811	0.033066169553671865	40	10793
test	xgboost	K562	CPSF6-RBM15	6	0.06789109626086956	0.0029171166376857228	0.06497397962318384	0.06823331769565219	0.06994984321597497	-0.0017165255203227814	46	13903
test	xgboost	K562	CSTF2T-EWSR1	1	0.004047986769538014	0.00011137410982801496	0.003936612659709999	0.059457997865497096	0.0049273853772091375	0.05453061248828796	171	2539
test	xgboost	K562	CSTF2T-EWSR1	2	0.030801742335505613	0.01604245287225301	0.014759289463252601	0.010119987879213482	0.0033465836206038983	0.006773404258609584	445	3573
test	xgboost	K562	CSTF2T-EWSR1	3	0.003858314447065091	0.001799642583099697	0.002058671863965394	0.15734101839053255	0.036374924587735356	0.12096609380279719	845	3824
test	xgboost	K562	CSTF2T-EWSR1	4	0.27173313150234746	0.1942688821842334	0.07746424931811405	0.026521384266431924	0.021559637722033346	0.004961746544398578	426	2759
test	xgboost	K562	CSTF2T-EWSR1	5	0.07138659120477574	0.0071515791171714044	0.06423501208760433	6.351448645730828e-05	2.2780753424806202e-05	4.0733733032502073e-05	691	3483
test	xgboost	K562	CSTF2T-EWSR1	6	0.001039816316008403	0.0015647392174079873	-0.0005249229013995842	0.0007041031828781503	6.24611522855915e-05	0.0006416420305925589	476	1978
test	xgboost	K562	CSTF2T-NONO	1	0.0009397621462478386	0.0002639167485555556	0.000675845397692283	0.0020840705451873206	0.011775666158642806	-0.009691595613455485	347	2682
test	xgboost	K562	CSTF2T-NONO	2	0.04332473983092485	0.017190747905272547	0.026133991925652304	0.08182877513554916	0.0859549979110216	-0.004126222775472435	692	5045
test	xgboost	K562	CSTF2T-NONO	3	0.005428955110403226	0.0014788521401616775	0.003950102970241548	0.0012877940312096773	0.004111896799925881	-0.0028241027687162037	372	4996
test	xgboost	K562	CSTF2T-NONO	4	0.2264029744221107	0.17858970291290607	0.04781327150920461	0.27542330336683446	0.15898471537020778	0.11643858799662668	199	3417
test	xgboost	K562	CSTF2T-NONO	5	0.011697913068753422	0.013968827952545108	-0.0022709148837916863	0.006142877414493141	0.0031629583740386334	0.0029799190404545075	730	4711
test	xgboost	K562	CSTF2T-NONO	6	0.001216554144094293	0.0010277448399402017	0.0001888093041540913	0.018589483222580642	0.011438425958842929	0.007151057263737713	403	3077
test	xgboost	K562	CSTF2T-TAF15	1	0.102809384	0.0003310211046073108	0.1024783628953927	4.569099499999999e-05	0.00010687807274516973	-6.118707774516974e-05	3	1915
test	xgboost	K562	CSTF2T-TAF15	2	0.0028716542	0.02122947016547884	-0.01835781596547884	0.0	0.0	0.0	7	3143
test	xgboost	K562	CSTF2T-TAF15	3	0.002105371267142857	0.001960934690687693	0.00014443657645516394	0.002517814977142858	0.0001551931922167088	0.0023626217849261493	35	3567
test	xgboost	K562	CSTF2T-TAF15	4	0.36648588857142833	0.30470776689487306	0.061778121676555275	0.00010932006657142845	5.574965765884042e-06	0.00010374510080554442	35	2087
test	xgboost	K562	CSTF2T-TAF15	5	0.08513477085714286	0.02136653415251895	0.0637682367046239	0.0	0.0	0.0	7	3430
test	xgboost	K562	CSTF2T-TAF15	6	0.0004912124657142857	0.001753651478517647	-0.0012624390128033612	0.0	0.0	0.0	7	2040
test	xgboost	K562	DDX42-RBFOX2	3	0.0	0.0	0.0	0.11017716743999997	0.12236118826334429	-0.012184020823344313	25	4566
test	xgboost	K562	DDX42-U2AF2	2	0.0	0.0	0.0	0.018550966000000002	0.021093428795849523	-0.0025424627958495205	5	13690
test	xgboost	K562	DDX42-U2AF2	4	0.0	0.0	0.0	0.04496903623809524	0.05127168178232442	-0.006302645544229178	21	14210
test	xgboost	K562	DDX42-U2AF2	5	0.0	0.0	0.0	0.04743729933333333	0.025356593193941825	0.022080706139391504	3	11964
test	xgboost	K562	DDX42-U2AF2	6	0.6394129	0.001811632081157519	0.6376012679188424	0.014344551000000002	0.05226309280234787	-0.03791854180234787	3	15414
test	xgboost	K562	EWSR1-HNRNPK	3	0.15502429	0.05073449473442682	0.10428979526557319	0.011278321	0.020800207363450056	-0.009521886363450057	3	5426
test	xgboost	K562	EWSR1-NONO	1	0.023083308557288126	0.008468416537884216	0.01461489201940391	0.08612959904538978	0.002570875767711634	0.08355872327767815	295	1831
test	xgboost	K562	EWSR1-NONO	2	0.015498533001118567	0.002477652343734846	0.01302088065738372	0.07360385154362416	0.12348548489653163	-0.049881633352907476	447	3698
test	xgboost	K562	EWSR1-NONO	3	0.1359787944404762	0.06557462967348597	0.07040416476699023	0.005859901418616071	0.006347505507721565	-0.0004876040891054938	672	2708
test	xgboost	K562	EWSR1-NONO	4	0.04541849994130926	0.03792854757139304	0.007489952369916224	0.1681316565665914	0.21611529704469326	-0.04798364047810186	443	2412
test	xgboost	K562	EWSR1-NONO	5	6.597385990655738e-05	2.205613554743417e-05	4.3917724359123206e-05	0.006918727987213114	0.004860036418065495	0.0020586915691476184	610	2962
test	xgboost	K562	EWSR1-NONO	6	0.00083016121	0.001638006912131534	-0.000807845702131534	0.004694838386216224	0.020353057849634978	-0.015658219463418756	370	2001
test	xgboost	K562	EWSR1-RBM15	1	0.022770854000000004	0.0030586411362215292	0.019712212863778476	0.11080574	0.07856106577157147	0.03224467422842853	7	7525
test	xgboost	K562	EWSR1-RBM15	2	0.014039061565116258	0.0015399064406607297	0.012499155124455529	0.12763448023255802	0.05519289518074612	0.0724415850518119	43	16539
test	xgboost	K562	EWSR1-RBM15	3	0.10791236208791201	0.05040207140527897	0.05751029068263304	0.010048268340659354	0.020900023682746783	-0.010851755342087429	91	5359
test	xgboost	K562	EWSR1-RBM15	6	0.00022852419	0.0002637422636154424	-3.521807361544238e-05	0.041741524	0.06966167500469518	-0.02792015100469518	3	13981
test	xgboost	K562	FMR1-FXR2	1	0.15383910399477058	0.03657559237635702	0.11726351161841356	0.009743636002470114	0.0035694731301917355	0.006174162872278378	1874	3025
test	xgboost	K562	FMR1-FXR2	2	0.0207646592339746	0.007353272794049362	0.01341138643992524	0.003975951329338094	0.0032355906753546745	0.0007403606539834197	3150	7680
test	xgboost	K562	FMR1-FXR2	3	0.028139916827902775	0.020791067627759164	0.007348849200143611	0.22467203831319446	0.14009156320185595	0.08458047511133851	1440	2919
test	xgboost	K562	FMR1-FXR2	4	0.5948696377574749	0.35440858345171805	0.24046105430575687	0.6326690105107973	0.42004143936401683	0.21262757114678044	2408	5455
test	xgboost	K562	FMR1-FXR2	5	0.004949269424966598	0.005729092734239562	-0.0007798233092729647	0.031677221258941415	0.012629760278510491	0.019047460980430926	1946	4527
test	xgboost	K562	FMR1-FXR2	6	0.011325665345647455	0.005703584142284328	0.005622081203363128	0.006263818967752841	0.002861290339390457	0.0034025286283623844	3342	5596
test	xgboost	K562	FXR1-FXR2	1	0.09230338668734513	0.012822467018835876	0.07948091966850925	0.006161478736035398	0.004413191770723494	0.0017482869653119041	1130	4716
test	xgboost	K562	FXR1-FXR2	2	0.029688906434039392	0.009809303913355145	0.01987960252068425	0.004380994271032481	0.0031671644039412334	0.0012138298670912478	2894	6434
test	xgboost	K562	FXR1-FXR2	3	0.012248646304606932	0.0015045472547455916	0.01074409904986134	0.19565653406710676	0.1839242083592135	0.01173232570789326	909	3026
test	xgboost	K562	FXR1-FXR2	4	0.8749390137171245	0.3440237182396324	0.530915295477492	0.6091437019403856	0.5617725766259138	0.04737112531447174	1711	4897
test	xgboost	K562	FXR1-FXR2	5	0.1405748694791386	0.04792837279994676	0.09264649667919185	0.034971527706056514	0.021935503070234	0.013036024635822513	743	4188
test	xgboost	K562	FXR1-FXR2	6	0.03021651105796038	0.009918113772026131	0.02029839728593425	0.00905736141959648	0.0044622497556305795	0.004595111663965901	1363	6161
test	xgboost	K562	GTF2F1-PCBP1	3	0.28875357328571444	0.07257106118424618	0.21618251210146827	0.16306251803571453	0.08943764926825822	0.07362486876745632	112	5565
test	xgboost	K562	GTF2F1-PCBP1	4	1.3352497491442537e-05	0.0018812601854371563	-0.0018679076879457139	0.2949122913447433	0.05664823487730275	0.23826405646744053	409	3270
test	xgboost	K562	HNRNPK-LARP4	2	0.028600335403433486	0.10458322562245873	-0.07598289021902524	0.0	0.0	0.0	233	1999
test	xgboost	K562	HNRNPK-PCBP1	1	0.026552594555555562	0.012092418199008387	0.014460176356547175	0.12147870104166664	0.04760712908841962	0.07387157195324702	72	2743
test	xgboost	K562	HNRNPK-PCBP1	2	0.05087296137931035	0.04554141070013574	0.00533155067917461	0.3524504638557994	0.13536869690055528	0.21708176695524414	638	4052
test	xgboost	K562	HNRNPK-PCBP1	3	0.057032321664400476	0.014620957266181395	0.04241136439821908	0.21389752647589608	0.07257313730170183	0.14132438917419426	809	4719
test	xgboost	K562	HNRNPK-PCBP1	4	0.135513338995585	0.15023249374855904	-0.014719154752974056	0.19959300756070647	0.03226499141629941	0.16732801614440707	906	3921
test	xgboost	K562	HNRNPK-PCBP1	5	0.0002229290312077295	0.000490271648886523	-0.0002673426176787935	0.0005525811399758454	0.0005778242608420265	-2.5243120866181093e-05	414	3336
test	xgboost	K562	HNRNPK-PCBP1	6	0.009318355402750812	0.004137659873290676	0.005180695529460136	0.004545704794983822	0.003280594487273962	0.00126511030770986	618	3829
test	xgboost	K562	HNRNPK-QKI	3	0.08555391059999985	0.021453119707431172	0.06410079089256868	0.0005863768609999996	0.0014980561022946597	-0.0009116792412946601	90	4831
test	xgboost	K562	HNRNPK-QKI	5	0.00018600386	0.00014876921054736512	3.7234649452634876e-05	0.011086586	0.006108225038299037	0.004978360961700964	5	4782
test	xgboost	K562	HNRNPK-U2AF2	1	0.008423599000000002	0.004974782100440075	0.003448816899559927	0.002681834999999997	0.016737472354788157	-0.01405563735478816	44	7501
test	xgboost	K562	HNRNPK-U2AF2	3	0.01557240214285714	0.01072356841936013	0.004848833723497011	0.09815791942857144	0.03232161270222252	0.06583630672634891	7	11096
test	xgboost	K562	HNRNPK-U2AF2	5	0.0002414440500000001	8.010605448490833e-05	0.00016133799551509175	0.030228873999999996	0.020835380190700505	0.009393493809299491	23	14618
test	xgboost	K562	HNRNPK-U2AF2	6	0.007400376299999998	0.0015012281970067482	0.00589914810299325	0.10918387276923078	0.046666889381894255	0.06251698338733652	13	17486
test	xgboost	K562	IGF2BP1-PTBP1	2	0.03451396117647059	0.065712739880681	-0.031198778704210416	0.0011661721	0.0010537636530140763	0.00011240844698592379	17	10088
test	xgboost	K562	IGF2BP2-PCBP1	1	0.0025159035272727275	0.0053132836329594915	-0.002797380105686764	0.15755881728409085	0.03088870580101399	0.12667011148307686	88	4073
test	xgboost	K562	IGF2BP2-PCBP1	2	0.011181848292978212	0.020646105187624733	-0.00946425689464652	0.22677822020338972	0.07638374694319032	0.1503944732601994	413	8959
test	xgboost	K562	IGF2BP2-PCBP1	3	0.21438758627579363	0.10528963252843164	0.10909795374736199	0.182293184436508	0.10661338956689168	0.07567979486961632	504	3970
test	xgboost	K562	IGF2BP2-PCBP1	4	1.1875273577639753	0.7791603871667312	0.40836697059724414	0.09140071370807455	0.048979912806646694	0.04242080090142786	322	5675
test	xgboost	K562	IGF2BP2-PCBP1	5	0.0533864969543333	0.05004670290520787	0.003339794049125426	0.0005551208412666667	0.0005362541926093304	1.8866648657336264e-05	300	3151
test	xgboost	K562	IGF2BP2-PCBP1	6	0.019162033511035646	0.03553807313840431	-0.016376039627368666	0.004313029536162988	0.0019321382912011937	0.002380891244961794	589	7039
test	xgboost	K562	IGF2BP2-PTBP1	2	0.05408308652631579	0.026406407977553534	0.027676678548762258	0.0011398069999999998	0.001569266908904803	-0.0004294599089048031	19	6912
test	xgboost	K562	IGF2BP2-PTBP1	3	0.045604452000000004	0.11497152720795156	-0.06936707520795156	0.25805467	0.11173038286810993	0.14632428713189005	11	4566
test	xgboost	K562	MBNL1-RBFOX2	1	0.02128925579069768	0.06458962101255776	-0.04330036522186008	0.0004962410627906977	0.003064551767397227	-0.0025683107046065292	43	1515
test	xgboost	K562	MBNL1-RBFOX2	2	0.4307696358895705	0.029905880899039703	0.4008637549905308	0.10472464628834353	0.022227741312185953	0.08249690497615758	163	2947
test	xgboost	K562	MBNL1-RBFOX2	3	2.9389352958762887e-05	9.453905923518708e-06	1.993544703524418e-05	0.15824175305841923	0.10447064250626088	0.053771110552158344	291	4945
test	xgboost	K562	MBNL1-RBFOX2	4	0.00029741183995412825	8.651779915016592e-05	0.00021089404080396233	0.12095305385321092	0.16294951830995172	-0.041996464456740795	218	3315
test	xgboost	K562	MBNL1-RBFOX2	5	2.9784705933962265e-05	5.603087357410571e-05	-2.6246167640143445e-05	0.00015411653175471693	0.003817641768897473	-0.0036635252371427563	212	3746
test	xgboost	K562	PCBP1-QKI	3	0.015217963322222233	0.12438817385180022	-0.10917021052957798	0.0005866716859999996	0.0016697692263864879	-0.0010830975403864883	90	4130
test	xgboost	K562	PCBP1-QKI	5	0.0021521617	0.0005468947120058446	0.0016052669879941554	0.011086586	0.008398081984272646	0.0026885040157273547	5	3422
test	xgboost	K562	PCBP1-RBFOX2	3	0.27120055217603917	0.0634738040858825	0.20772674809015668	0.04305695250855747	0.08578992193807812	-0.04273296942952065	409	6400
test	xgboost	K562	PCBP1-RBFOX2	4	0.28408556748243563	0.0413994658124592	0.24268610166997642	0.1809990435362998	0.1099011977578426	0.07109784577845721	427	4473
test	xgboost	K562	PCBP1-RBFOX2	6	0.012655672397142857	0.004015572016676133	0.008640100380466724	0.2661480400000004	0.08937243942177284	0.17677560057822758	105	3486
test	xgboost	K562	PTBP1-ZC3H8	3	0.16220311043526794	0.21848939035976875	-0.056286279924500804	0.08853842117131695	0.00041315056111990264	0.08812527061019705	896	1643
test	xgboost	K562	PTBP1-ZC3H8	4	0.32837762	0.20232730055622009	0.1260503194437799	0.0	0.0	0.0	3	836
test	xgboost	K562	PTBP1-ZC3H8	5	0.00010043859819999994	2.9380944005072977e-05	7.105765419492696e-05	0.0	0.0	0.0	50	1439
test	xgboost	K562	PTBP1-ZC3H8	6	0.0	0.0	0.0	0.0	0.0	0.0	50	678
test	xgboost	K562	PUM2-QKI	6	0.06495992572727277	0.05899128993264252	0.00596863579463025	0.0	0.0	0.0	55	4999
test	xgboost	K562	PUM2-RBFOX2	2	0.8992921615384618	0.41564551854144016	0.48364664299702165	0.01568178046153847	0.012343752794451095	0.0033380276670873753	13	6850
test	xgboost	K562	PUM2-RBFOX2	3	0.40127465	0.08704003535438808	0.3142346146456119	0.08699173	0.10075360814555794	-0.013761878145557932	4	5583
test	xgboost	K562	QKI-RBFOX2	1	0.0047700009999999985	0.004645882305499399	0.0001241186945005997	0.0021151719	0.002772066094328818	-0.0006568941943288177	38	1662
test	xgboost	K562	QKI-RBFOX2	3	6.30909652258064e-05	0.001217574127865135	-0.0011544831626393286	0.15883458000000003	0.09611993772557732	0.06271464227442271	62	5768
test	xgboost	K562	QKI-RBFOX2	5	0.01191181	0.005507468149630164	0.006404341850369836	6.884071e-05	0.0030957669466307076	-0.0030269262366307077	5	5397
test	xgboost	K562	RBFOX2-SF3B4	1	0.0002951431672398192	0.00025990313207547005	3.5240035164349156e-05	0.05430755242986428	0.07233409189295713	-0.01802653946309285	221	22532
test	xgboost	K562	RBFOX2-SF3B4	2	0.025518949230252098	0.002999213656587625	0.022519735573664473	0.02802347509663863	0.03525654548183495	-0.007233070385196317	595	43745
test	xgboost	K562	RBFOX2-SF3B4	3	0.10112101034159274	0.020986991684152453	0.08013401865744028	0.11527038883276455	0.20893475142607462	-0.09366436259331007	879	24604
test	xgboost	K562	RBFOX2-SF3B4	4	0.22313573313075508	0.02349659347864813	0.19963913965210695	0.15597399712338858	0.6435749660626039	-0.48760096893921534	543	23020
test	xgboost	K562	RBFOX2-SF3B4	5	0.003968490957651577	0.0015330265870310176	0.0024354643706205594	0.08929256075116988	0.10100589269273116	-0.01171333194156128	983	41572
test	xgboost	K562	RBFOX2-SF3B4	6	0.4304776694117647	0.008340423899903948	0.4221372455118607	0.012788108492810459	0.021995953075131486	-0.009207844582321028	153	36741
test	xgboost	K562	RBM22-TIA1	1	0.003002167832664756	0.003689507149691585	-0.0006873393170268288	0.06712522296561603	0.060220259541701786	0.006904963423914244	349	7451
test	xgboost	K562	RBM22-TIA1	2	0.001257636918581907	0.003419639831677857	-0.00216200291309595	0.06968366694963322	0.010129516747120615	0.05955415020251261	409	12063
test	xgboost	K562	RBM22-TIA1	3	0.0014132969094139479	0.0003535507848876355	0.0010597461245263123	0.06228979472813238	0.046662624770441884	0.0156271699576905	423	7287
test	xgboost	K562	RBM22-TIA1	4	0.5631667162307692	0.150860904074632	0.41230581215613715	0.0772800864	0.05647270110073074	0.02080738529926926	260	7541
test	xgboost	K562	RBM22-TIA1	5	0.1026023136693767	0.03706751799919049	0.0655347956701862	0.045759834699999995	0.02612422026392651	0.019635614436073486	738	8956
test	xgboost	K562	RBM22-TIA1	6	0.03477804230549449	0.020238332407919463	0.01453970989757503	0.002492345640659342	0.0022595876570322146	0.00023275798362712733	91	6705
test	xgboost	K562	U2AF1-U2AF2	1	0.1858642982403156	0.03392422983294796	0.15194006840736765	0.024831687453939745	0.017086973798922888	0.007744713655016857	1394	5369
test	xgboost	K562	U2AF1-U2AF2	2	0.0011692239773695347	0.0012706188543245502	-0.00010139487695501543	0.019941316107441473	0.0198949378844836	4.637822295787408e-05	4254	10517
test	xgboost	K562	U2AF1-U2AF2	3	0.16142888336728317	0.014748205038243404	0.14668067832903978	0.03940053156427341	0.04442761513042511	-0.0050270835661517035	1741	6516
test	xgboost	K562	U2AF1-U2AF2	4	0.014478562253868088	0.0023153629824081983	0.01216319927145989	0.053135673881797234	0.04801784164760113	0.005117832234196103	3472	11490
test	xgboost	K562	U2AF1-U2AF2	5	0.08484189598276787	0.006192394693402865	0.078649501289365	0.020984325369151784	0.023372682110004536	-0.002388356740852752	2240	11026
test	xgboost	K562	U2AF1-U2AF2	6	0.12536059096815177	0.011552123059949945	0.11380846790820183	0.0429207925749094	0.05215994380093848	-0.009239151226029085	4691	11607
