Feature	Statistic	P-Val
APEX1_5_left_shap	4194304.0	0.0
RYBP_3_right_shap	4194304.0	0.0
SAFB_3_right_shap	4194304.0	0.0
SBDS_3_right_shap	4194304.0	0.0
SAFB2_3_right_shap	4194304.0	0.0
SDAD1_3_right_shap	4194304.0	0.0
SERBP1_3_right_shap	4194304.0	0.0
SF3B1_3_right_shap	4194304.0	0.0
RNF187_3_right_shap	4194304.0	0.0
RPS10_3_right_shap	4194304.0	0.0
RPS11_3_right_shap	4194304.0	0.0
AKAP1_5_left_shap	4194304.0	0.0
RPS6_3_right_shap	4194304.0	0.0
PTBP1_3_right_shap	4194304.0	0.0
PUS1_3_right_shap	4194304.0	0.0
QKI_3_right_shap	4194304.0	0.0
NSUN2_3_right_shap	4194304.0	0.0
ABCF1_5_left_shap	4194304.0	0.0
NPM1_3_right_shap	4194304.0	0.0
PPIL4_3_right_shap	4194304.0	0.0
HNRNPUL1_5_left_shap	4194304.0	0.0
KHDRBS1_5_left_shap	4194304.0	0.0
LARP4_5_left_shap	4194304.0	0.0
HNRNPA1_5_left_shap	4194304.0	0.0
SBDS_center_left_shap	4194304.0	0.0
SDAD1_center_left_shap	4194304.0	0.0
SERBP1_center_left_shap	4194304.0	0.0
SF3B1_center_left_shap	4194304.0	0.0
SLBP_center_left_shap	4194304.0	0.0
RPS10_center_left_shap	4194304.0	0.0
RNF187_center_left_shap	4194304.0	0.0
RPS11_center_left_shap	4194304.0	0.0
TROVE2_center_left_shap	4194304.0	0.0
SRSF7_center_left_shap	4194304.0	0.0
SRSF9_center_left_shap	4194304.0	0.0
SSB_center_left_shap	4194304.0	0.0
SUPV3L1_center_left_shap	4194304.0	0.0
SAFB2_center_left_shap	4194304.0	0.0
UTP3_center_left_shap	4194304.0	0.0
WDR3_center_left_shap	4194304.0	0.0
WDR43_center_left_shap	4194304.0	0.0
WRN_center_left_shap	4194304.0	0.0
TBRG4_center_left_shap	4194304.0	0.0
HNRNPUL1_center_left_shap	4194304.0	0.0
GARS_center_left_shap	4194304.0	0.0
GNL3_center_left_shap	4194304.0	0.0
HNRNPA1_center_left_shap	4194304.0	0.0
XRN2_center_left_shap	4194304.0	0.0
AARS_center_right_shap	4194304.0	0.0
UTP18_5_left_shap	4194304.0	0.0
SLBP_5_left_shap	4194304.0	0.0
SSB_5_left_shap	4194304.0	0.0
SUPV3L1_5_left_shap	4194304.0	0.0
RYBP_5_left_shap	4194304.0	0.0
SAFB_5_left_shap	4194304.0	0.0
YWHAG_3_left_shap	4194304.0	0.0
TAF15_3_left_shap	4194304.0	0.0
UTP18_3_left_shap	4194304.0	0.0
UTP3_3_left_shap	4194304.0	0.0
UTP3_5_left_shap	4194304.0	0.0
WDR3_5_left_shap	4194304.0	0.0
TBRG4_5_left_shap	4194304.0	0.0
APEX1_3_right_shap	4194304.0	0.0
CPEB4_3_right_shap	4194304.0	0.0
ZC3H11A_3_left_shap	4194304.0	0.0
ZC3H8_3_left_shap	4194304.0	0.0
AARS_3_right_shap	4194304.0	0.0
WDR3_3_left_shap	4194304.0	0.0
WDR43_3_left_shap	4194304.0	0.0
WRN_3_left_shap	4194304.0	0.0
DDX51_3_right_shap	4194304.0	0.0
DGCR8_3_right_shap	4194304.0	0.0
EEF2_3_right_shap	4194304.0	0.0
DDX1_3_right_shap	4194304.0	0.0
DDX21_3_right_shap	4194304.0	0.0
ABCF1_3_right_shap	4194304.0	0.0
ADAT1_3_right_shap	4194304.0	0.0
AARS_5_right_shap	4194304.0	0.0
ADAT1_5_right_shap	4194304.0	0.0
AKAP1_5_right_shap	4194304.0	0.0
ABCF1_5_right_shap	4194304.0	0.0
APEX1_5_right_shap	4194304.0	0.0
WDR43_5_left_shap	4194304.0	0.0
XRCC6_5_left_shap	4194304.0	0.0
YWHAG_5_left_shap	4194304.0	0.0
RPS10_3_left_shap	4194304.0	0.0
RPS11_3_left_shap	4194304.0	0.0
DDX21_5_right_shap	4194304.0	0.0
DDX42_5_right_shap	4194304.0	0.0
DDX47_5_right_shap	4194304.0	0.0
CPEB4_5_right_shap	4194304.0	0.0
SLTM_3_left_shap	4194304.0	0.0
SDAD1_3_left_shap	4194304.0	0.0
SLBP_3_left_shap	4194304.0	0.0
SAFB_3_left_shap	4194304.0	0.0
RYBP_3_left_shap	4194304.0	0.0
RNF187_3_left_shap	4194304.0	0.0
SBDS_5_left_shap	4194304.0	0.0
SDAD1_5_left_shap	4194304.0	0.0
SERBP1_5_left_shap	4194304.0	0.0
SF3B1_5_left_shap	4194304.0	0.0
SRSF9_3_left_shap	4194304.0	0.0
SUPV3L1_3_left_shap	4194304.0	0.0
TBRG4_3_left_shap	4194304.0	0.0
SBDS_3_left_shap	4194304.0	0.0
GARS_3_left_shap	4194304.0	0.0
EIF3G_3_left_shap	4194304.0	0.0
EEF2_3_left_shap	4194304.0	0.0
DDX51_3_left_shap	4194304.0	0.0
APOBEC3C_3_left_shap	4194304.0	0.0
DDX21_3_left_shap	4194304.0	0.0
DHX30_5_right_shap	4194304.0	0.0
EEF2_5_right_shap	4194304.0	0.0
GNL3_3_left_shap	4194304.0	0.0
HLTF_3_left_shap	4194304.0	0.0
HNRNPA1_3_left_shap	4194304.0	0.0
HNRNPC_3_left_shap	4194304.0	0.0
NIPBL_3_left_shap	4194304.0	0.0
NPM1_3_left_shap	4194304.0	0.0
LARP7_3_left_shap	4194304.0	0.0
HNRNPU_3_left_shap	4194304.0	0.0
HNRNPUL1_3_left_shap	4194304.0	0.0
LARP4_3_left_shap	4194304.0	0.0
HNRNPA1_5_right_shap	4194304.0	0.0
GNL3_5_right_shap	4194304.0	0.0
ZC3H11A_5_left_shap	4194304.0	0.0
ZC3H8_5_left_shap	4194304.0	0.0
ZRANB2_5_left_shap	4194304.0	0.0
NSUN2_3_left_shap	4194304.0	0.0
PHF6_3_left_shap	4194304.0	0.0
PUS1_3_left_shap	4194304.0	0.0
METTL1_3_left_shap	4194304.0	0.0
WDR3_center_right_shap	4194304.0	0.0
WDR43_center_right_shap	4194304.0	0.0
UTP3_center_right_shap	4194304.0	0.0
SUPV3L1_center_right_shap	4194304.0	0.0
SSB_center_right_shap	4194304.0	0.0
TBRG4_center_right_shap	4194304.0	0.0
LARP7_5_right_shap	4194304.0	0.0
MATR3_5_right_shap	4194304.0	0.0
METTL1_5_right_shap	4194304.0	0.0
HNRNPL_5_right_shap	4194304.0	0.0
HNRNPU_5_right_shap	4194304.0	0.0
LARP4_5_right_shap	4194304.0	0.0
AARS_3_left_shap	4194304.0	0.0
NPM1_5_right_shap	4194304.0	0.0
PUS1_5_right_shap	4194304.0	0.0
NSUN2_5_right_shap	4194304.0	0.0
DDX42_3_left_shap	4194304.0	0.0
ABCF1_3_left_shap	4194304.0	0.0
AKAP1_3_left_shap	4194304.0	0.0
WRN_center_right_shap	4194304.0	0.0
ZC3H8_center_right_shap	4194304.0	0.0
ZRANB2_center_right_shap	4194304.0	0.0
RPS6_5_right_shap	4194304.0	0.0
RYBP_5_right_shap	4194304.0	0.0
SAFB_5_right_shap	4194304.0	0.0
SAFB2_5_right_shap	4194304.0	0.0
RNF187_5_right_shap	4194304.0	0.0
RPS10_center_right_shap	4194304.0	0.0
RPS6_center_right_shap	4194304.0	0.0
SDAD1_5_right_shap	4194304.0	0.0
SERBP1_5_right_shap	4194304.0	0.0
SBDS_5_right_shap	4194304.0	0.0
SF3B1_5_right_shap	4194304.0	0.0
SLBP_5_right_shap	4194304.0	0.0
RPS10_5_right_shap	4194304.0	0.0
RPS11_5_right_shap	4194304.0	0.0
RYBP_center_right_shap	4194304.0	0.0
SBDS_center_right_shap	4194304.0	0.0
SDAD1_center_right_shap	4194304.0	0.0
TAF15_5_right_shap	4194304.0	0.0
SUPV3L1_5_right_shap	4194304.0	0.0
SSB_5_right_shap	4194304.0	0.0
TBRG4_5_right_shap	4194304.0	0.0
SERBP1_center_right_shap	4194304.0	0.0
SLBP_center_right_shap	4194304.0	0.0
SF3B1_center_right_shap	4194304.0	0.0
SRSF9_center_right_shap	4194304.0	0.0
LSM11_center_left_shap	4194304.0	0.0
METTL1_center_left_shap	4194304.0	0.0
MORC2_center_left_shap	4194304.0	0.0
NPM1_center_left_shap	4194304.0	0.0
LARP4_center_left_shap	4194304.0	0.0
LARP7_center_left_shap	4194304.0	0.0
HNRNPC_center_left_shap	4194304.0	0.0
HNRNPU_center_left_shap	4194304.0	0.0
DDX21_center_right_shap	4194304.0	0.0
ABCF1_center_right_shap	4194304.0	0.0
APEX1_center_right_shap	4194304.0	0.0
AKAP1_center_right_shap	4194304.0	0.0
DDX42_center_right_shap	4194304.0	0.0
DDX47_center_right_shap	4194304.0	0.0
DDX51_center_right_shap	4194304.0	0.0
CPEB4_center_right_shap	4194304.0	0.0
DDX21_center_left_shap	4194304.0	0.0
DDX42_center_left_shap	4194304.0	0.0
DDX47_center_left_shap	4194304.0	0.0
EEF2_center_right_shap	4194304.0	0.0
ZC3H8_5_right_shap	4194304.0	0.0
ABCF1_center_left_shap	4194304.0	0.0
WRN_5_right_shap	4194304.0	0.0
ZC3H11A_5_right_shap	4194304.0	0.0
AARS_center_left_shap	4194304.0	0.0
UTP18_5_right_shap	4194304.0	0.0
UTP3_5_right_shap	4194304.0	0.0
NCBP2_center_right_shap	4194304.0	0.0
METTL1_center_right_shap	4194304.0	0.0
ADAT1_center_left_shap	4194304.0	0.0
AKAP1_center_left_shap	4194304.0	0.0
APEX1_center_left_shap	4194304.0	0.0
APOBEC3C_center_left_shap	4194304.0	0.0
CPEB4_center_left_shap	4194304.0	0.0
NPM1_center_right_shap	4194304.0	0.0
LARP7_center_right_shap	4194304.0	0.0
NIPBL_center_right_shap	4194304.0	0.0
RPS11_center_right_shap	4194304.0	0.0
NSUN2_center_right_shap	4194304.0	0.0
PPIL4_center_right_shap	4194304.0	0.0
PUS1_center_right_shap	4194304.0	0.0
MORC2_center_right_shap	4194304.0	0.0
EXOSC5_center_left_shap	4194304.0	0.0
DHX30_center_left_shap	4194304.0	0.0
DDX1_center_left_shap	4194304.0	0.0
EEF2_center_left_shap	4194304.0	0.0
EIF4E_center_left_shap	4194304.0	0.0
HNRNPU_center_right_shap	4194304.0	0.0
GNL3_center_right_shap	4194304.0	0.0
FASTKD2_center_right_shap	4194304.0	0.0
WDR3_5_right_shap	4194304.0	0.0
LARP4_center_right_shap	4194304.0	0.0
HNRNPA1_center_right_shap	4194304.0	0.0
DDX55_5_left_shap	4194304.0	0.0
DDX52_5_left_shap	4194304.0	0.0
DDX1_5_left_shap	4194304.0	0.0
DDX21_5_left_shap	4194304.0	0.0
AARS_5_left_shap	4194304.0	0.0
ADAT1_5_left_shap	4194304.0	0.0
TBRG4_3_right_shap	4194304.0	0.0
UTP18_3_right_shap	4194304.0	0.0
SLBP_3_right_shap	4194304.0	0.0
SRSF9_3_right_shap	4194304.0	0.0
SSB_3_right_shap	4194304.0	0.0
DHX30_5_left_shap	4194304.0	0.0
EEF2_5_left_shap	4194304.0	0.0
DDX47_5_left_shap	4194304.0	0.0
ZC3H8_3_right_shap	4194304.0	0.0
ZRANB2_3_right_shap	4194304.0	0.0
UTP3_3_right_shap	4194304.0	0.0
WDR3_3_right_shap	4194304.0	0.0
WDR43_3_right_shap	4194304.0	0.0
WRN_3_right_shap	4194304.0	0.0
TAF15_3_right_shap	4194304.0	0.0
SUPV3L1_3_right_shap	4194304.0	0.0
RYBP_center_left_shap	4194304.0	0.0
PUS1_center_left_shap	4194304.0	0.0
NSUN2_center_left_shap	4194304.0	0.0
PHF6_center_left_shap	4194304.0	0.0
YWHAG_3_right_shap	4194304.0	0.0
LSM11_5_left_shap	4194304.0	0.0
MATR3_5_left_shap	4194304.0	0.0
MORC2_5_left_shap	4194304.0	0.0
EXOSC5_3_right_shap	4194304.0	0.0
FASTKD2_3_right_shap	4194304.0	0.0
EIF4G2_3_right_shap	4194304.0	0.0
DDX47_3_right_shap	4194304.0	0.0
RPS10_5_left_shap	4194304.0	0.0
RPS11_5_left_shap	4194304.0	0.0
PHF6_5_left_shap	4194304.0	0.0
PPIL4_5_left_shap	4194304.0	0.0
PUS1_5_left_shap	4194304.0	0.0
NPM1_5_left_shap	4194304.0	0.0
NSUN2_5_left_shap	4194304.0	0.0
LARP7_5_left_shap	4194304.0	0.0
NIPBL_3_right_shap	4194304.0	0.0
HNRNPU_3_right_shap	4194304.0	0.0
ILF3_3_right_shap	4194304.0	0.0
LARP7_3_right_shap	4194304.0	0.0
HNRNPUL1_3_right_shap	4194304.0	0.0
GNL3_3_right_shap	4194304.0	0.0
HNRNPA1_3_right_shap	4194304.0	0.0
GNL3_5_left_shap	4194304.0	0.0
EXOSC5_5_left_shap	4194304.0	0.0
FASTKD2_5_left_shap	4194304.0	0.0
MATR3_3_right_shap	4194304.0	0.0
METTL1_3_right_shap	4194304.0	0.0
MORC2_3_right_shap	4194304.0	0.0
YBX3_center_right_shap	394307.00521573133	0.0
UCHL5_center_right_shap	393009.99166496267	0.0
DDX43_center_right_shap	386650.5466275034	0.0
ZNF622_center_right_shap	385772.30043620686	0.0
SND1_center_right_shap	383567.66085249255	0.0
AQR_center_right_shap	378956.7136204851	0.0
ZNF800_center_right_shap	371066.5569389538	0.0
DDX24_center_right_shap	345087.4337580261	0.0
RPS3_center_right_shap	344323.13606719766	0.0
FXR2_center_right_shap	334587.2642074315	0.0
FXR1_center_right_shap	334340.41234909574	0.0
LIN28B_center_right_shap	320199.32300388993	0.0
SF3B4_center_right_shap	320124.0557019942	0.0
BUD13_center_right_shap	304043.29671819863	0.0
GRWD1_center_right_shap	286702.6057615544	0.0
DDX3X_center_right_shap	271320.2534987523	0.0
IGF2BP1_center_right_shap	249972.58227348974	0.0
METAP2_center_right_shap	244519.82075661802	0.0
GPKOW_center_right_shap	234007.887717512	0.0
PABPC4_center_right_shap	211515.35781515052	0.0
SRSF1_center_right_shap	206653.68394138312	0.0
FMR1_center_right_shap	205107.0103283257	0.0
ZNF622_center_left_shap	195684.39049403984	0.0
EFTUD2_center_right_shap	193916.1066516927	0.0
PRPF8_center_right_shap	181939.1293631227	0.0
PRPF8_center_left_shap	181143.1912763032	0.0
PABPC4_center_left_shap	179375.43728075328	0.0
YBX3_center_left_shap	178675.6964903652	0.0
PUM2_center_right_shap	177511.73869987013	0.0
AQR_center_left_shap	172255.82927541932	0.0
IGF2BP2_center_right_shap	169971.00939772258	0.0
MTPAP_center_right_shap	159345.87444947084	0.0
CPEB4_5_left_shap	157783.5326132146	0.0
SF3B4_center_left_shap	135319.99110320865	0.0
AGGF1_center_right_shap	132957.81998775605	0.0
EXOSC10_center_right_shap	119096.41406371616	0.0
SRSF9_5_left_shap	113027.52159344587	0.0
UCHL5_center_left_shap	111061.02670796958	0.0
DGCR8_center_right_shap	106966.28292697719	0.0
EIF3G_center_left_shap	98175.88590121361	0.0
HNRNPL_3_right_shap	95794.83522575113	0.0
DDX43_center_left_shap	95303.18158328555	0.0
DDX6_5_right_shap	95207.13374450359	0.0
DDX24_center_left_shap	93276.15607998746	0.0
SF3B4_5_right_shap	91511.80914183984	0.0
ZNF800_center_left_shap	91456.41451603206	0.0
ADAT1_center_right_shap	91243.78237730646	0.0
EXOSC10_center_left_shap	90243.69398486409	0.0
GARS_5_left_shap	87854.48881342444	0.0
SLTM_center_left_shap	83239.640384806	0.0
FAM120A_5_left_shap	82715.51581020025	0.0
RBM15_center_right_shap	77790.97274526462	0.0
METAP2_center_left_shap	76141.9011498955	0.0
KHSRP_5_right_shap	72847.4510705824	0.0
MTPAP_3_right_shap	70414.30912608244	0.0
DDX55_center_left_shap	67897.25291995451	0.0
U2AF2_5_right_shap	67478.34440991755	0.0
EWSR1_center_left_shap	66791.11495420455	0.0
DDX3X_5_left_shap	65801.49321495967	0.0
UCHL5_5_left_shap	65458.040013964805	0.0
EWSR1_center_right_shap	65331.52039548336	0.0
FXR2_5_left_shap	61765.52675748997	0.0
ZC3H8_center_left_shap	61414.34841645575	0.0
CPSF6_center_left_shap	61175.36670517789	0.0
DDX52_center_left_shap	60489.127193442386	0.0
SRSF7_center_right_shap	60291.30869355738	0.0
TIA1_center_right_shap	58996.05157352707	0.0
RBFOX2_3_left_shap	58555.38316557882	0.0
SRSF1_center_left_shap	57561.49649177591	0.0
EFTUD2_3_right_shap	56645.37058407906	0.0
ELAC2_center_right_shap	56094.752189783525	0.0
TRA2A_center_right_shap	55272.11856183218	0.0
PRPF8_5_right_shap	54927.43455429411	0.0
HLTF_center_right_shap	53957.85319170912	0.0
SERBP1_3_left_shap	53574.11986872889	0.0
DDX24_3_left_shap	52417.55667103348	0.0
RBM15_3_right_shap	52372.461985250964	0.0
AGGF1_center_left_shap	52176.851056007945	0.0
DDX55_center_right_shap	52075.873523008624	0.0
FUS_center_left_shap	51329.69676514429	0.0
EXOSC10_3_left_shap	49745.29626889431	0.0
RBM22_center_right_shap	49288.77716500861	0.0
NOLC1_center_right_shap	49212.56583029082	0.0
DDX3X_3_right_shap	47629.11018768849	0.0
TRA2A_5_left_shap	47607.92192126986	0.0
AQR_5_right_shap	47510.02263609951	0.0
EFTUD2_center_left_shap	46849.45656450673	0.0
EIF4G2_center_right_shap	46105.50594919912	0.0
CSTF2T_5_right_shap	45387.02893032537	0.0
PCBP1_3_left_shap	44714.54679464311	0.0
FMR1_3_left_shap	44451.49582998219	0.0
METAP2_5_right_shap	44396.12051537457	0.0
GTF2F1_center_left_shap	44105.41879643206	0.0
IGF2BP2_center_left_shap	43907.89676798681	0.0
U2AF2_center_right_shap	43199.23582632852	0.0
PCBP1_center_right_shap	42970.01676630658	0.0
YWHAG_5_right_shap	42776.61949211093	0.0
METAP2_3_right_shap	42412.56120296705	0.0
PRPF8_3_left_shap	42242.38987903185	0.0
XRN2_3_left_shap	42132.63480416236	0.0
PUM1_center_right_shap	41488.490005938904	0.0
AATF_center_right_shap	41382.426863089306	0.0
HNRNPC_5_right_shap	40573.28370411261	0.0
U2AF2_3_left_shap	39975.27962030804	0.0
FAM120A_3_left_shap	39592.667448911954	0.0
ZNF622_5_left_shap	39264.67539176592	0.0
DDX24_5_left_shap	39141.57249291836	0.0
PCBP1_center_left_shap	38411.52175545414	0.0
HNRNPUL1_5_right_shap	37981.471217956525	0.0
FMR1_center_left_shap	37801.425272082495	0.0
DDX6_center_left_shap	37655.28494871311	0.0
AATF_5_left_shap	37610.93773383821	0.0
FTO_center_left_shap	37415.3007221466	0.0
BUD13_5_right_shap	37385.25983828083	0.0
MTPAP_3_left_shap	37311.360677900484	0.0
SLTM_5_left_shap	37211.66999923165	0.0
LSM11_center_right_shap	36747.43681856782	0.0
NIPBL_5_left_shap	36354.24706441072	0.0
SF3B4_3_left_shap	34962.45723166554	0.0
BUD13_3_left_shap	34730.37987786942	0.0
U2AF1_3_right_shap	34269.9089006563	0.0
METAP2_5_left_shap	33918.53516808534	0.0
SND1_5_right_shap	33866.933552894465	0.0
PUM2_5_right_shap	33482.75033523081	0.0
RPS3_3_left_shap	33294.57920002623	0.0
ELAVL1_3_right_shap	33206.762095460996	0.0
SND1_center_left_shap	33091.8646111346	0.0
MBNL1_3_right_shap	33051.72346207099	0.0
FUS_5_left_shap	32654.763592656018	0.0
XRN2_center_right_shap	32434.923496428473	0.0
GPKOW_center_left_shap	32258.298607666442	0.0
SRSF7_5_right_shap	32061.787531815116	0.0
TIA1_5_right_shap	31794.10416594941	0.0
FMR1_3_right_shap	31775.493933391015	0.0
ADAT1_3_left_shap	31559.612329572676	0.0
PUM1_5_right_shap	31368.08900031858	0.0
ELAC2_3_left_shap	31034.89929175153	0.0
SF3B4_5_left_shap	30956.158003158318	0.0
DDX43_5_left_shap	30683.605297790575	0.0
SMNDC1_5_right_shap	30565.96838244385	0.0
GPKOW_3_left_shap	30334.491709060763	0.0
EIF4G2_5_left_shap	30130.58291690393	0.0
FXR2_center_left_shap	30033.217194157765	0.0
KHSRP_center_left_shap	29923.258982038	0.0
LSM11_5_right_shap	29611.494464130516	0.0
IGF2BP1_5_left_shap	29434.370771452242	0.0
TIA1_center_left_shap	29393.973781906217	0.0
FXR2_3_left_shap	29249.247654609175	0.0
SRSF1_5_left_shap	29056.124202442796	0.0
LIN28B_3_right_shap	28514.257492882818	0.0
U2AF1_3_left_shap	28479.79414602377	0.0
GEMIN5_5_left_shap	28447.911671980582	0.0
ZNF622_5_right_shap	28210.096912385223	0.0
U2AF2_3_right_shap	27733.824795876535	0.0
FXR2_3_right_shap	27718.05115715339	0.0
RNF187_5_left_shap	27702.65115094944	0.0
DDX3X_center_left_shap	27684.783958431137	0.0
SMNDC1_3_right_shap	27666.53295657817	0.0
GRWD1_5_left_shap	27559.941850304484	0.0
PHF6_center_right_shap	26757.426360708276	0.0
APEX1_3_left_shap	26151.64007183847	0.0
RBM22_center_left_shap	26031.65567628287	0.0
U2AF1_5_left_shap	25428.655971973618	0.0
XRCC6_3_left_shap	25259.356255186492	0.0
MATR3_center_left_shap	24847.334557244936	0.0
IGF2BP1_5_right_shap	24567.17406272585	0.0
XRN2_5_left_shap	24503.704204827536	0.0
DHX30_3_left_shap	24486.20722149574	0.0
DROSHA_3_right_shap	24220.39221211159	0.0
ELAC2_3_right_shap	23601.984925151944	0.0
TRA2A_5_right_shap	23583.92437906079	0.0
HLTF_center_left_shap	23391.204170261804	0.0
KHSRP_center_right_shap	23309.50015579742	0.0
PPIL4_3_left_shap	23296.60463702288	0.0
SLTM_5_right_shap	23291.40139320847	0.0
RBFOX2_center_right_shap	23240.46606704978	0.0
HNRNPM_center_left_shap	23213.93656793539	0.0
HNRNPM_center_right_shap	23161.242950742835	0.0
SMNDC1_center_left_shap	23129.942415559854	0.0
DDX43_3_right_shap	22875.492735493524	0.0
DDX43_5_right_shap	22795.370741310177	0.0
EWSR1_5_right_shap	22783.93616162712	0.0
EXOSC10_3_right_shap	22341.288150411056	0.0
AQR_5_left_shap	22311.602813687954	0.0
UCHL5_3_left_shap	22251.624424330763	0.0
EIF4E_center_right_shap	22141.585869920338	0.0
NIPBL_5_right_shap	22046.82406764277	0.0
RBFOX2_center_left_shap	21980.021068875376	0.0
NCBP2_3_left_shap	21808.230658713714	0.0
AATF_5_right_shap	21586.401219745112	0.0
RBM22_3_right_shap	21514.145787425336	0.0
EXOSC5_center_right_shap	21406.30659916084	0.0
EXOSC5_3_left_shap	20438.6870496951	0.0
EIF4E_3_right_shap	20298.496056503354	0.0
MTPAP_center_left_shap	20166.566610405964	0.0
TROVE2_5_right_shap	20143.172228782376	0.0
SRSF7_3_right_shap	19953.389624836807	0.0
SND1_3_right_shap	19845.322030340943	0.0
BUD13_center_left_shap	19824.74426276943	0.0
TIA1_3_left_shap	19665.85126675606	0.0
BUD13_5_left_shap	19643.16197147981	0.0
HNRNPK_center_right_shap	19576.604531241403	0.0
FXR2_5_right_shap	19369.36855422831	0.0
ILF3_5_right_shap	19157.513967494222	0.0
HNRNPK_center_left_shap	18975.50414808248	0.0
METAP2_3_left_shap	18861.610029600237	0.0
UPF1_3_left_shap	18533.5746781653	0.0
CPSF6_3_left_shap	18529.751393917843	0.0
IGF2BP2_5_left_shap	18489.73493922754	0.0
AKAP8L_center_left_shap	18257.199307600793	0.0
KHSRP_3_left_shap	18095.650647128674	0.0
PRPF8_3_right_shap	17988.392425373702	0.0
EIF4E_5_left_shap	17976.16506156031	0.0
DDX55_5_right_shap	17842.740818933253	0.0
DDX6_3_right_shap	17725.18833657006	0.0
NOLC1_5_right_shap	17565.730364167335	0.0
ZC3H11A_3_right_shap	17538.214052956748	0.0
NONO_center_left_shap	17352.235179717853	0.0
RBM22_3_left_shap	17350.43924592301	0.0
HNRNPK_5_right_shap	17198.44781283713	0.0
XRN2_5_right_shap	17123.187139583893	0.0
FAM120A_center_left_shap	17089.086885216493	0.0
DDX1_center_right_shap	16745.235346337537	0.0
DDX51_5_left_shap	16508.93502291892	0.0
QKI_3_left_shap	16331.981614334516	0.0
APOBEC3C_5_right_shap	16108.542799532193	0.0
WRN_5_left_shap	15954.34979643725	0.0
ELAVL1_center_left_shap	15919.46320045508	0.0
APOBEC3C_5_left_shap	15734.922659198553	0.0
DROSHA_center_left_shap	15691.845136282429	0.0
HNRNPL_3_left_shap	15555.576755130334	0.0
HLTF_5_left_shap	15466.135183531193	0.0
MATR3_3_left_shap	15402.945574819048	0.0
DROSHA_5_left_shap	15380.884346240293	0.0
SLTM_3_right_shap	15263.952867346956	0.0
EFTUD2_5_right_shap	15248.48777095733	0.0
HNRNPL_5_left_shap	15152.520490474486	0.0
AKAP8L_center_right_shap	15059.672078492336	0.0
U2AF1_center_left_shap	14778.690531168222	0.0
GPKOW_5_right_shap	14768.360292893194	0.0
GPKOW_3_right_shap	14624.352619729341	0.0
RPS3_5_right_shap	14338.25673463784	0.0
SMNDC1_center_right_shap	14313.501169764886	0.0
FAM120A_5_right_shap	13953.315623644348	0.0
UCHL5_3_right_shap	13901.915397665072	0.0
RPS6_3_left_shap	13820.750164822119	0.0
ZNF800_5_left_shap	13759.665419905004	0.0
DDX1_3_left_shap	13399.83509923173	0.0
TARDBP_center_left_shap	13310.143981216464	0.0
PRPF8_5_left_shap	13085.068822226549	0.0
DDX3X_3_left_shap	12956.251181850124	0.0
MBNL1_3_left_shap	12834.404116750105	0.0
ZNF622_3_left_shap	12770.901009927982	0.0
QKI_center_right_shap	12653.224027200478	0.0
XRCC6_center_right_shap	12451.019158578774	0.0
RPS3_5_left_shap	12404.694328269085	0.0
APOBEC3C_center_right_shap	12397.279671219161	0.0
UPF1_3_right_shap	12356.863211134072	0.0
RBM22_5_left_shap	12193.885963614952	0.0
DDX6_center_right_shap	11891.933656664649	0.0
SRSF1_3_left_shap	11776.076136503616	0.0
SAFB_center_left_shap	11741.041286242935	0.0
HNRNPM_3_right_shap	11662.884740280771	0.0
IGF2BP1_3_right_shap	11640.930688676217	0.0
PPIL4_5_right_shap	11615.45428899416	0.0
SLTM_center_right_shap	11596.787385977294	0.0
IGF2BP1_3_left_shap	11460.874263206093	0.0
PUM2_3_right_shap	11421.946717678376	0.0
RPS3_center_left_shap	11416.60000833326	0.0
TROVE2_3_right_shap	11358.364695883414	0.0
HNRNPK_5_left_shap	11255.340957753186	0.0
PTBP1_center_left_shap	11177.640324044729	0.0
ZNF800_3_left_shap	11121.468601555544	0.0
HNRNPC_3_right_shap	11073.091920265586	0.0
APOBEC3C_3_right_shap	11046.891925569453	0.0
TAF15_center_right_shap	11046.386512043002	0.0
TROVE2_3_left_shap	11009.719263618405	0.0
ILF3_5_left_shap	10753.121513995045	0.0
DDX3X_5_right_shap	10738.105580459029	0.0
PUM1_3_right_shap	10736.490997535408	0.0
LIN28B_3_left_shap	10625.431983408362	0.0
NCBP2_5_right_shap	10531.650886425481	0.0
UPF1_center_right_shap	10437.770711047935	0.0
EIF3G_5_left_shap	10285.482231842305	0.0
RBFOX2_5_right_shap	10274.265552025943	0.0
CSTF2T_center_left_shap	10241.058985386788	0.0
SRSF7_3_left_shap	10185.876161842914	0.0
HLTF_3_right_shap	10076.931302771074	0.0
NOLC1_3_right_shap	10021.784857236806	0.0
DDX55_3_left_shap	10008.437200320872	0.0
HNRNPK_3_right_shap	10001.276541559984	0.0
YBX3_3_right_shap	9930.246924598456	0.0
FASTKD2_5_right_shap	9746.74872025089	0.0
CPSF6_3_right_shap	9502.827162847518	0.0
ELAVL1_5_right_shap	9494.004433947352	0.0
WDR43_5_right_shap	9393.883990731802	0.0
DDX52_5_right_shap	9153.197493356734	0.0
MBNL1_center_right_shap	9137.063621712932	0.0
PABPC4_3_right_shap	9083.686337700352	0.0
PCBP1_5_left_shap	9038.888628088467	0.0
KHSRP_3_right_shap	8995.422028111247	0.0
TAF15_5_left_shap	8988.301440864967	0.0
UTP18_center_right_shap	8913.480352663952	0.0
FTO_3_right_shap	8691.486239858	0.0
HNRNPM_5_left_shap	8682.84431029522	0.0
YBX3_3_left_shap	8667.612352251015	0.0
TAF15_center_left_shap	8596.943539759352	0.0
LARP4_3_right_shap	8580.32676638075	0.0
CPSF6_5_left_shap	8559.655273156244	0.0
TROVE2_center_right_shap	8528.470574918463	0.0
DDX24_5_right_shap	8527.251034167808	0.0
SND1_3_left_shap	8523.540164825174	0.0
EXOSC5_5_right_shap	8448.739200222873	0.0
SF3B1_3_left_shap	8384.475611774775	0.0
ELAVL1_center_right_shap	8356.032550736842	0.0
NCBP2_center_left_shap	8318.4229921565	0.0
YWHAG_center_right_shap	8251.997701546255	0.0
YBX3_5_left_shap	8250.542660593946	0.0
GEMIN5_3_left_shap	8173.4870523349355	0.0
ELAC2_5_left_shap	8140.93159586586	0.0
NONO_5_left_shap	7928.811059414633	0.0
PUM1_center_left_shap	7866.07409181289	0.0
FXR1_3_left_shap	7773.413110891792	0.0
HNRNPC_5_left_shap	7502.551278036214	0.0
HNRNPL_center_left_shap	7324.842631306933	0.0
ELAVL1_3_left_shap	7296.91535214199	0.0
YWHAG_center_left_shap	7153.863245358679	0.0
NONO_center_right_shap	7113.114663728305	0.0
PTBP1_5_right_shap	7077.290784224311	0.0
ZNF800_3_right_shap	7024.571889952461	0.0
EIF3G_center_right_shap	6943.481148538414	0.0
AQR_3_left_shap	6904.73960925322	0.0
TIA1_5_left_shap	6752.5896949403095	0.0
UTP18_center_left_shap	6489.223627673369	0.0
CSTF2T_3_left_shap	6395.465926037648	0.0
RBM15_5_right_shap	6355.944827382533	0.0
U2AF1_center_right_shap	6321.289913802512	0.0
LIN28B_5_left_shap	6315.102365536259	0.0
SRSF1_5_right_shap	6230.9182353680735	0.0
SF3B4_3_right_shap	6169.514887174833	0.0
RBM22_5_right_shap	6146.180848104559	0.0
SRSF7_5_left_shap	6091.523656357044	0.0
AGGF1_5_right_shap	6056.70258698198	0.0
GEMIN5_5_right_shap	5990.423162219301	0.0
NONO_3_right_shap	5988.332468489271	0.0
HNRNPM_3_left_shap	5958.591851125117	0.0
DROSHA_3_left_shap	5944.456457208943	0.0
NOLC1_5_left_shap	5784.980044365274	0.0
ELAC2_center_left_shap	5733.595969577034	0.0
HNRNPU_5_left_shap	5691.35231424476	0.0
HNRNPM_5_right_shap	5603.046488803082	0.0
U2AF2_5_left_shap	5549.510234435492	0.0
PTBP1_3_left_shap	5399.441205746501	0.0
IGF2BP1_center_left_shap	5366.061013328841	0.0
FUS_3_right_shap	5343.470509703983	0.0
TARDBP_5_left_shap	5339.622499482175	0.0
FTO_center_right_shap	5306.40548603457	0.0
SAFB2_5_left_shap	5240.97019401965	0.0
DGCR8_5_left_shap	5211.885658960819	0.0
PUM2_3_left_shap	4901.151417081248	0.0
DDX52_3_right_shap	4876.355912655152	0.0
RPS3_3_right_shap	4803.221494336072	0.0
ZC3H11A_center_left_shap	4782.625590565571	0.0
GRWD1_center_left_shap	4768.002708845101	0.0
MBNL1_5_left_shap	4688.686051761528	0.0
FAM120A_center_right_shap	4533.19265037064	0.0
EIF3G_3_right_shap	4531.89674834204	0.0
U2AF2_center_left_shap	4498.396449007297	0.0
EFTUD2_3_left_shap	4497.777732281621	0.0
GRWD1_3_left_shap	4481.654704651776	0.0
RPS6_center_left_shap	4462.653699995974	0.0
EIF4G2_5_right_shap	4386.660843747679	0.0
ILF3_3_left_shap	4375.46856517874	0.0
PCBP1_3_right_shap	4360.462857288658	0.0
DGCR8_5_right_shap	4275.886642777244	0.0
GARS_center_right_shap	4260.441650448635	0.0
NONO_5_right_shap	4202.708764332252	0.0
IGF2BP2_3_right_shap	4174.711886797553	0.0
PABPC4_3_left_shap	4130.220634578441	0.0
XRCC6_3_right_shap	4090.4778942662665	0.0
DDX42_5_left_shap	4015.0684216189975	0.0
PCBP1_5_right_shap	4008.6962674729307	0.0
GEMIN5_center_left_shap	3996.342960734184	0.0
MTPAP_5_left_shap	3938.535938037375	0.0
KHDRBS1_center_left_shap	3904.2919608269212	0.0
AKAP8L_3_right_shap	3769.766295003226	0.0
NONO_3_left_shap	3749.9350675174373	0.0
DDX51_center_left_shap	3747.4426434223337	0.0
EIF4E_3_left_shap	3677.609657532222	0.0
CPEB4_3_left_shap	3672.1771530828587	0.0
AATF_3_right_shap	3628.213573136778	0.0
GTF2F1_5_left_shap	3568.2508122924105	0.0
YBX3_5_right_shap	3518.0853193349803	0.0
TRA2A_3_left_shap	3409.514351548252	0.0
CSTF2T_center_right_shap	3407.849892876741	0.0
SSB_3_left_shap	3374.2234103524515	0.0
MATR3_center_right_shap	3359.4852088473112	0.0
NOLC1_center_left_shap	3327.691166805277	0.0
FTO_5_right_shap	3300.2109369237633	0.0
DHX30_3_right_shap	3289.5883524636097	0.0
MORC2_3_left_shap	3289.4482887722247	0.0
DDX47_3_left_shap	3282.092206105549	0.0
GEMIN5_center_right_shap	3178.166951828782	0.0
GPKOW_5_left_shap	3175.548698556901	0.0
ZRANB2_5_right_shap	3099.777186520781	0.0
PABPC4_5_left_shap	3066.5346254613232	0.0
EIF4G2_center_left_shap	3038.63090446532	0.0
AKAP8L_3_left_shap	3020.09230396061	0.0
DGCR8_center_left_shap	2953.746896249927	0.0
ELAVL1_5_left_shap	2941.880709368017	0.0
AKAP1_3_right_shap	2912.2173846625956	0.0
PABPC4_5_right_shap	2835.566782233831	0.0
QKI_5_left_shap	2815.855426688243	0.0
IGF2BP2_3_left_shap	2803.023551463013	0.0
XRCC6_5_right_shap	2798.9229206066098	0.0
ZC3H11A_center_right_shap	2730.5173404595603	0.0
LIN28B_center_left_shap	2687.058568389537	0.0
FAM120A_3_right_shap	2635.639469089107	0.0
PUM2_5_left_shap	2632.4284418113393	0.0
CSTF2T_3_right_shap	2628.813999731218	0.0
DHX30_center_right_shap	2593.457840223418	0.0
DDX43_3_left_shap	2539.3186519781516	0.0
RBFOX2_3_right_shap	2488.8850846528753	0.0
PTBP1_center_right_shap	2473.3094176892137	0.0
GEMIN5_3_right_shap	2466.569215112246	0.0
UPF1_5_right_shap	2442.8234895128153	0.0
FTO_5_left_shap	2439.351771672298	0.0
AATF_3_left_shap	2430.171462992238	0.0
KHDRBS1_3_left_shap	2407.0425990033555	0.0
ZNF622_3_right_shap	2322.772684756508	0.0
SMNDC1_5_left_shap	2321.9330854655745	0.0
NIPBL_center_left_shap	2315.899990370054	0.0
SAFB_center_right_shap	2297.3673097701258	0.0
DROSHA_5_right_shap	2274.847446917119	0.0
FUS_center_right_shap	2249.5277809156264	0.0
RBM15_5_left_shap	2218.124519371933	0.0
TRA2A_center_left_shap	2204.8434045937497	0.0
FXR1_center_left_shap	2194.7081736547098	0.0
UCHL5_5_right_shap	2175.356883324602	0.0
QKI_5_right_shap	2173.037773380561	0.0
FMR1_5_right_shap	2171.9601302104816	0.0
EIF4E_5_right_shap	2128.8297605305524	0.0
EFTUD2_5_left_shap	2114.6052695146122	0.0
PHF6_5_right_shap	2066.4298397523753	0.0
ELAC2_5_right_shap	2065.9105556694562	0.0
GTF2F1_5_right_shap	2050.802912706195	0.0
EIF3G_5_right_shap	2002.8703568841008	0.0
TRA2A_3_right_shap	1965.4539767914712	0.0
PUM1_3_left_shap	1945.6045616672366	0.0
FXR1_3_right_shap	1911.0778839316008	0.0
SND1_5_left_shap	1804.3278211715497	0.0
RBM15_center_left_shap	1779.555012332296	0.0
HNRNPK_3_left_shap	1778.2015897390008	0.0
DDX55_3_right_shap	1721.079201577873	0.0
TARDBP_3_right_shap	1688.8391955099557	0.0
DDX42_3_right_shap	1605.8958595716779	0.0
AGGF1_5_left_shap	1598.3873740154588	0.0
AKAP8L_5_left_shap	1564.8965058794415	0.0
DDX52_center_right_shap	1547.548750109915	0.0
LIN28B_5_right_shap	1453.9403939858628	0.0
NCBP2_5_left_shap	1449.2152485465265	0.0
DDX24_3_right_shap	1425.7023425696982	2.58624636173713e-310
DGCR8_3_left_shap	1376.1948905389058	1.455715505002754e-299
ZNF800_5_right_shap	1339.072714654947	1.6751533842879668e-291
AKAP8L_5_right_shap	1331.007439304361	9.449457345428931e-290
XRN2_3_right_shap	1265.492287197929	1.5916273356900917e-275
NCBP2_3_right_shap	1263.4026237620226	4.5248692981647475e-275
KHDRBS1_3_right_shap	1255.698038532071	2.1312552413667197e-273
MORC2_5_right_shap	1251.6814271584533	1.587930689010792e-272
UPF1_5_left_shap	1247.9980276470496	1.0015475741202971e-271
TIA1_3_right_shap	1215.0638449601367	1.4198369915769764e-264
HNRNPUL1_center_right_shap	1192.487448163727	1.1340723495673384e-259
GARS_5_right_shap	1189.5029983428922	5.0431955255257586e-259
KHDRBS1_center_right_shap	1182.4334749881182	1.7291525022939746e-257
DDX6_3_left_shap	1180.1066150425434	5.534832912149181e-257
LSM11_3_right_shap	1157.0591749750433	5.594902677018494e-252
FASTKD2_3_left_shap	1088.3151668250991	4.7354825229839836e-237
GARS_3_right_shap	1060.1703648820394	6.122521617120695e-231
RBFOX2_5_left_shap	1039.8609352470646	1.574225480830574e-226
KHSRP_5_left_shap	1038.4746171383854	3.148488345896049e-226
PTBP1_5_left_shap	1035.9289500493205	1.1243115569937053e-225
HNRNPC_center_right_shap	1020.4530990115385	2.5788437483064703e-222
ILF3_center_right_shap	976.3112886244523	9.924242443066316e-213
FUS_3_left_shap	962.4476787828412	1.0165810083655075e-209
BUD13_3_right_shap	955.1464166766367	3.91373047350724e-208
EXOSC10_5_left_shap	951.1794975449257	2.8444379112048217e-207
MBNL1_5_right_shap	941.1692661702892	4.243171473339808e-205
RNF187_center_right_shap	940.240253126696	6.751856475191449e-205
EWSR1_3_right_shap	932.203599677405	3.754571030296322e-203
PUM2_center_left_shap	924.823146303103	1.5038530885206119e-201
SAFB2_3_left_shap	917.9876065778674	4.586949975645365e-200
EXOSC10_5_right_shap	916.081436790954	1.1897165795817383e-199
FXR1_5_right_shap	915.4444592665023	1.6359176039261374e-199
EWSR1_5_left_shap	902.864635838314	8.819325566131352e-197
XRCC6_center_left_shap	873.680878825662	1.9169363412714469e-190
FTO_3_left_shap	843.7457077958346	6.066629706052245e-184
RBM15_3_left_shap	824.5255830356625	9.047832453248976e-180
SAFB2_center_right_shap	819.6263537528893	1.0480902268290531e-178
HNRNPL_center_right_shap	816.7624258657992	4.388263628548681e-178
LSM11_3_left_shap	774.4575117386961	6.740437586606768e-169
DDX6_5_left_shap	771.7035039335392	2.671242329727338e-168
DDX1_5_right_shap	725.8181419520405	2.458063185902335e-158
FXR1_5_left_shap	698.1495893057883	2.504626150797933e-152
AGGF1_3_right_shap	697.0915327152298	4.2510575083564835e-152
MBNL1_center_left_shap	673.0961399668245	6.902879799046397e-147
SMNDC1_3_left_shap	671.434121787356	1.5846486066131677e-146
FASTKD2_center_left_shap	626.3858838277716	9.594747624487158e-137
AGGF1_3_left_shap	574.7063924646787	1.5998988234721093e-125
UPF1_center_left_shap	573.6405006535455	2.726138931972915e-125
GTF2F1_center_right_shap	539.7252198300826	6.31186413384787e-118
ZRANB2_center_left_shap	537.5598209568159	1.8636657879834163e-117
GRWD1_3_right_shap	533.870335454059	1.1790429620389417e-116
CSTF2T_5_left_shap	528.796778453495	1.4901793287301795e-115
HLTF_5_right_shap	519.4968449264023	1.558452037745829e-113
DROSHA_center_right_shap	492.20839873336814	1.3131194731495235e-107
KHDRBS1_5_right_shap	481.26354912052216	3.1257060826481496e-105
TROVE2_5_left_shap	475.1190628429822	6.748486448502329e-104
ZRANB2_3_left_shap	445.54126881617464	1.786252075754403e-97
QKI_center_left_shap	427.82067946631776	1.2586930431491612e-93
ILF3_center_left_shap	420.5914783564517	4.67434654839325e-92
AQR_3_right_shap	416.7748180084023	3.1513611110538395e-91
RPS6_5_left_shap	409.81193458321104	1.0243988829142534e-89
EIF4G2_3_left_shap	406.4181152471432	5.590203288135144e-89
FUS_5_right_shap	394.6740226023806	1.984380344323386e-86
TARDBP_3_left_shap	358.7432961444139	1.2585863936232305e-78
GTF2F1_3_left_shap	334.90524001845796	1.8890834782977558e-73
DDX52_3_left_shap	301.00175933059575	4.348089148176064e-66
AATF_center_left_shap	296.8797299374822	3.4149610106523318e-65
CPSF6_center_right_shap	281.3401278972063	8.086627868387921e-62
NOLC1_3_left_shap	268.90123316473466	4.062928033838818e-59
FMR1_5_left_shap	263.3406553443233	6.550934567256915e-58
GRWD1_5_right_shap	241.31778369319017	3.967428223301129e-53
IGF2BP2_5_right_shap	215.74248976843793	1.4194287280843456e-47
PPIL4_center_left_shap	212.22175220283947	8.25338376260966e-47
PUM1_5_left_shap	196.36431396503784	2.2910311870309606e-43
EWSR1_3_left_shap	184.8792252209516	7.144738432755784e-41
TARDBP_center_right_shap	167.2021623237767	4.926196941441467e-37
SRSF9_5_right_shap	157.40582713285883	6.603268068421167e-35
PHF6_3_right_shap	156.59861965769952	9.886482557887226e-35
MTPAP_5_right_shap	137.0844382402374	1.7080180610618712e-30
METTL1_5_left_shap	132.38624360059816	1.7893383175765386e-29
TARDBP_5_right_shap	129.01759788312089	9.642387609281791e-29
U2AF1_5_right_shap	70.120645703229	5.936018582232778e-16
DDX51_5_right_shap	67.7322020019008	1.9594726755562284e-15
GTF2F1_3_right_shap	55.208253179784265	1.027259447923681e-12
CPSF6_5_right_shap	49.6606577167061	1.6456034643616486e-11
SRSF1_3_right_shap	22.346003879584657	1.4048401515547862e-05
