Parameter Name	Beta_K562	Beta_HepG2	Raw_P_K562	Raw_P_HepG2	FDR_K562	FDR_HepG2
APOBEC3C-PCBP1_1_interaction	-0.24741506274898392		2.0926229647783513e-34		5.147547000951127e-34	
APOBEC3C-PCBP1_2_interaction	0.44883110008787197		7.252358638037762e-150		5.683825258183084e-149	
APOBEC3C_1	-0.05354547224503864		2.11931350091257e-15		3.6439216826915105e-15	
APOBEC3C_2	-0.06766530309504769		7.856026951846566e-54		2.5703699832740706e-53	
CPSF6-RBM15_2_interaction	-0.03504142521359543		0.00401331084385662		0.0048131165636287575	
CPSF6-RBM15_4_interaction	-0.0478987940308118		0.01732418089915699		0.020131892975916915	
CPSF6-RBM15_5_interaction	0.22144332539568204		3.9461667750181886e-19		7.347282890503478e-19	
CPSF6-RBM15_6_interaction	0.21787662715970643		7.99120030719815e-30		1.795356335683851e-29	
CPSF6_2	-0.02183718984653519		2.805715570769453e-08		4.202338432663581e-08	
CPSF6_4	0.1331413723008022		4.0436683274014436e-148		2.962426578987579e-147	
CPSF6_5	0.02374764061312546		0.0004425108307717737		0.000546249633590065	
CPSF6_6	0.023555026473231346		6.992137571517688e-05		8.993703670234584e-05	
CSTF2T-EWSR1_1_interaction	0.057596922708116574		7.680100017385735e-08		1.1253016112430402e-07	
CSTF2T-EWSR1_2_interaction	0.13340670838907964		7.503914969811167e-60		2.7191605858347995e-59	
CSTF2T-EWSR1_3_interaction	0.021331390191870418		0.0025461645836259636		0.0030865376427408266	
CSTF2T-EWSR1_4_interaction	0.05143069559383087		7.802387743099222e-11		1.228693770759083e-10	
CSTF2T-EWSR1_5_interaction	0.09246775037645855		4.028091765263009e-31		9.297718663655027e-31	
CSTF2T-EWSR1_6_interaction	-0.1684301911233169		9.222170303829784e-47		2.679199476198825e-46	
CSTF2T-NONO_1_interaction	-0.16486352350075237		1.2003531531284607e-52		3.816217100040484e-52	
CSTF2T-NONO_2_interaction	0.11174993713006229		4.6944397122299e-47		1.3756749417578056e-46	
CSTF2T-NONO_3_interaction	0.057786902955666665		2.3387541675836536e-12		3.789231511902362e-12	
CSTF2T-NONO_4_interaction	0.16423291886459118		6.674328417365839e-89		3.3077186421357173e-88	
CSTF2T-NONO_5_interaction	0.061422287339379274		2.1923448491115783e-14		3.7126643927165924e-14	
CSTF2T-NONO_6_interaction	-0.1233712735386741		1.7127874119320553e-31		3.980754191869674e-31	
CSTF2T-TAF15_3_interaction	-0.19934630636878253		7.053704149366006e-07		9.9045762430681e-07	
CSTF2T-TAF15_4_interaction	0.5100209442216332		5.784582228252517e-55		1.969095162546564e-54	
CSTF2T_1	-0.0029369484009527345		0.48883504044161386		0.5037841242471678	
CSTF2T_2	-0.10597684141857047		1.5514713276514894e-209		1.6338932419329746e-208	
CSTF2T_3	0.028061177945851827		8.242793515325736e-19		1.517935199270368e-18	
CSTF2T_4	-0.18948633390610556		0.0		0.0	
CSTF2T_5	-0.08096254722296		6.188981089962895e-183		6.320262507022714e-182	
CSTF2T_6	0.0790360220545385		8.6495846455757e-78		3.886546700745348e-77	
DDX42-RBFOX2_3_interaction	0.026919638015911584		0.27277342217896616		0.2872645102322237	
DDX42-U2AF2_4_interaction	0.13022922309187226		0.019582260720271017		0.022600074872367575	
DDX42_3	-0.21778205752157745		3.627855392075686e-73		1.5475788191512738e-72	
DDX42_4	0.09239738759215696		9.8283867717078e-06		1.3409580332249104e-05	
EWSR1-NONO_1_interaction	-0.013431970112836632		0.22085538025195034		0.2347894736432406	
EWSR1-NONO_2_interaction	-0.13137424998981675		5.23317423867475e-53		1.695749729262876e-52	
EWSR1-NONO_3_interaction	0.0029130214993331035		0.7206198937025264		0.729275988521776	
EWSR1-NONO_4_interaction	-0.038763532728779325		1.4106670281766694e-05		1.8940031414164843e-05	
EWSR1-NONO_5_interaction	-0.1706505457848936		2.0110485331040069e-84		9.545399375437328e-84	
EWSR1-NONO_6_interaction	0.20401928311836176		1.6031173565704343e-60		6.002783879602626e-60	
EWSR1-RBM15_2_interaction	-0.19587890666342642		2.0234397270780242e-52		6.372889607713029e-52	
EWSR1-RBM15_3_interaction	0.035820663438607354		0.017785862341191356		0.020597373226740507	
EWSR1_1	-0.0004857508047668673		0.9460559016659496		0.9488715442304315	
EWSR1_2	0.03637279187111091		1.5052262982337902e-12		2.4744451829501818e-12	
EWSR1_3	-0.06879286759335464		2.7302846407001954e-47		8.071104595754086e-47	
EWSR1_4	0.03487801242278813		3.597088407818328e-10		5.586261720897588e-10	
EWSR1_5	0.05628997068569213		1.0566184689487774e-21		2.0582683470273875e-21	
EWSR1_6	0.04998183761419105		4.0760852755233744e-09		6.243821535688078e-09	
FMR1-FXR2_1_interaction	-0.11215547829190006		1.9533237844530794e-70		8.027684333666924e-70	
FMR1-FXR2_2_interaction	0.03011742642229893		6.118832750129869e-13		1.0157865205880618e-12	
FMR1-FXR2_3_interaction	-0.015366629211353936		0.016675787787334605		0.019445468803916132	
FMR1-FXR2_4_interaction	-0.12795854139516216		1.660932180572468e-147		1.1909237124530247e-146	
FMR1-FXR2_5_interaction	-0.02521562467509956		1.1406443614407731e-05		1.543763653837512e-05	
FMR1-FXR2_6_interaction	-0.05007419230502738		3.300278387993056e-27		7.17544397905587e-27	
FMR1_1	0.01686458699666388		9.98782952568235e-06		1.357217157320545e-05	
FMR1_2	-0.03944491306009026		1.1171919819451578e-54		3.691114685446256e-54	
FMR1_3	0.005406689365388354		0.16194556095237908		0.17395404631893682	
FMR1_4	0.16633301860790425		0.0		0.0	
FMR1_5	-0.041794243712813345		3.5269514035955695e-33		8.489875878655049e-33	
FMR1_6	0.058910715624133546		1.652278974657477e-93		8.566430991685688e-93	
FUBP3-RBFOX2_6_interaction		0.3037056205067423		2.7369603940321702e-06		3.7801461179870546e-06
FUBP3-U2AF2_4_interaction		0.6250964357695391		2.001767276685466e-51		6.188950204064239e-51
FUBP3_4		-0.22805219767082047		3.482750756101287e-56		1.1976398008225854e-55
FUBP3_6		0.006959561872969054		0.15343319168842237		0.1657275179455075
FXR1-FXR2_1_interaction	-0.03605928988682741		1.1661639318593292e-07		1.70128677505019e-07	
FXR1-FXR2_2_interaction	-0.006934068922436793		0.1696821140721387		0.18153292838828808	
FXR1-FXR2_3_interaction	-0.023483161057718915		0.0014345879729230236		0.0017580223522729416	
FXR1-FXR2_4_interaction	-0.15215520023230866		1.988325247829898e-163		1.8109881311315558e-162	
FXR1-FXR2_5_interaction	-0.0032613049861916605		0.630900931048148		0.6423372017015887	
FXR1-FXR2_6_interaction	-0.01270940872160048		0.01556408044515593		0.01827559271783118	
FXR1_1	-0.015599491212188324		0.0001814014466513238		0.0002281055504533437	
FXR1_2	0.03476326819641319		8.0148437423771115e-22		1.570350198361097e-21	
FXR1_3	0.014659094042480728		0.0023788575726342255		0.002894133581147054	
FXR1_4	0.15501801004318375		0.0		0.0	
FXR1_5	0.041816530823102445		1.2210982009701903e-22		2.4494648436128224e-22	
FXR1_6	0.055039514747651855		8.677202394200021e-49		2.610908220397685e-48	
FXR2_1	0.0897422730145605		1.6159234960548464e-180		1.6016653475602448e-179	
FXR2_2	-0.024960741497749517		1.617666891929764e-27		3.563096356734186e-27	
FXR2_3	0.0580361875664007		3.3384939594540927e-60		1.23634336740223e-59	
FXR2_4	0.18452043261642098		0.0		0.0	
FXR2_5	0.004213718749470966		0.19253118646897457		0.20532598050646972	
FXR2_6	-0.02692902105924173		3.533498781361163e-24		7.30545453569762e-24	
GTF2F1-PCBP1_3_interaction	0.25844342586709307		3.046999888442915e-34		7.440862046414945e-34	
GTF2F1-PCBP1_4_interaction	-0.11320773405758235		7.420437378889929e-07		1.0333418994569859e-06	
GTF2F1_3	-0.06091265614552227		1.5469481903489844e-88		7.555384639820403e-88	
GTF2F1_4	0.08848093086151405		6.527639274044331e-128		4.31336163794694e-127	
HNRNPK-IGF2BP3_3_interaction		0.6630666880916769		3.69482307706281e-21		7.156065384886018e-21
HNRNPK-IGF2BP3_4_interaction		0.1574678813796819		0.00017908747977423206		0.0002260392534978135
HNRNPK-IGF2BP3_6_interaction		-0.16173645656961563		5.6729713168012654e-12		9.14732695579917e-12
HNRNPK-LARP4_2_interaction	-0.3226833637013008		6.4320572724708334e-40		1.680312636296644e-39	
HNRNPK-LARP4_3_interaction		0.38113904377075414		2.059105107852909e-103		1.1964110712869488e-102
HNRNPK-LARP4_4_interaction		0.1110923291314276		1.9533918116315563e-12		3.1955972840768664e-12
HNRNPK-LARP4_5_interaction		-0.32504852627213077		1.1138937478630052e-40		2.9557652994475017e-40
HNRNPK-LARP4_6_interaction		-0.04135020100428298		0.14524478446788108		0.15738743525940813
HNRNPK-PCBP1_1_interaction	-0.13010915692967145	-0.03867953908132546	2.968959635271314e-38	0.022972946086225805	7.579843917321462e-38	0.026332934799517333
HNRNPK-PCBP1_2_interaction	0.09918024850561628	-0.21937174282749936	8.696163645095395e-34	4.2987535979942785e-33	2.1083504664727684e-33	1.0201971567070929e-32
HNRNPK-PCBP1_3_interaction	0.14478001788830244	-0.21338323577203094	1.0236801085048721e-58	1.6982112307570374e-45	3.6313704901699145e-58	4.769143206376013e-45
HNRNPK-PCBP1_4_interaction	0.10837128453596208	-0.008810338406389456	2.0129362232650563e-39	0.612759413784691	5.178316849162779e-39	0.6257573407437602
HNRNPK-PCBP1_5_interaction	-0.1336848755377126	0.177267067512075	2.350275097563163e-51	7.85947003201243e-23	7.200388253443509e-51	1.5955671089085473e-22
HNRNPK-PCBP1_6_interaction	-0.015389715870233871	0.17603856076447244	0.09504167456993462	1.070782837430919e-16	0.10467007951002603	1.899230611653788e-16
HNRNPK-QKI_3_interaction	0.2879875093166092	0.16246401217524328	0.00031791003127013603	1.6533669301469917e-09	0.0003953346145314976	2.555892914952001e-09
HNRNPK-U2AF2_1_interaction	0.20068532868635464	0.21011850429132606	2.8532843583656553e-08	7.511697674892478e-24	4.25467623349215e-08	1.543562266121198e-23
HNRNPK-U2AF2_2_interaction		0.25160216178021655		1.2333455462855564e-16		2.1761122989436255e-16
HNRNPK-U2AF2_3_interaction		-0.025642175063722565		0.006765232781337924		0.00805612525551548
HNRNPK-U2AF2_5_interaction	0.23023881061052612	0.08768688889618995	2.234431291770545e-25	9.267367344517487e-12	4.70627090829171e-25	1.480143504787864e-11
HNRNPK_1	0.008128691532699073	-0.03832516015950042	0.02949432383224263	1.262273850354914e-22	0.033242766325972464	2.517078624672225e-22
HNRNPK_2	0.019151447828180103	0.02944502148035148	1.7213263499854723e-07	4.245405971903512e-14	2.47900418779959e-07	7.117919465330764e-14
HNRNPK_3	-0.033879309117884865	-0.021208920441479064	4.929937453008308e-38	2.679799846472236e-14	1.2398424788535819e-37	4.515462741305718e-14
HNRNPK_4	-0.13213918836864508	-0.08774346432963696	0.0	5.426973782885676e-162	0.0	4.812868854822298e-161
HNRNPK_5	0.05375041546315175	0.07791905008183135	5.749634143223172e-69	1.2891624064446229e-141	2.3344900075496494e-68	9.050994395246623e-141
HNRNPK_6	0.05441843951715634	0.01635261580597795	1.9769830771184676e-44	7.49073461657877e-05	5.46101063105675e-44	9.598393786262531e-05
IGF2BP2-PCBP1_1_interaction	0.1022082369915429		6.623177558919796e-16		1.1564822991481716e-15	
IGF2BP2-PCBP1_2_interaction	0.06328333313556685		1.4419138541407852e-17		2.6266214532186196e-17	
IGF2BP2-PCBP1_3_interaction	-0.1144931904538686		2.1412458303399134e-26		4.567087625471841e-26	
IGF2BP2-PCBP1_4_interaction	-0.04981221033240018		5.7779412318374315e-09		8.810706765290563e-09	
IGF2BP2-PCBP1_5_interaction	-0.05160313302283431		2.5945619295033417e-05		3.4423912214276615e-05	
IGF2BP2-PCBP1_6_interaction	0.11485097461391003		6.15213007760623e-48		1.834750297480796e-47	
IGF2BP2_1	-0.05048029621913432		1.594708245304965e-45		4.516106543426666e-45	
IGF2BP2_2	-0.009264568009320786		4.1870188331491885e-05		5.469090491361537e-05	
IGF2BP2_3	0.06576600210137727		7.314768285781884e-60		2.6794314264222773e-59	
IGF2BP2_4	0.1998300443861927		0.0		0.0	
IGF2BP2_5	-0.09061333157000201		9.099732490570213e-153		7.301452022195623e-152	
IGF2BP2_6	-0.00455317440348479		0.05907796132861459		0.065491029499155	
IGF2BP3_3		0.09260382121582061		1.0961186392797367e-26		2.3528151683902627e-26
IGF2BP3_4		0.14333538916710345		2.453350071121995e-148		1.8372866088180273e-147
IGF2BP3_6		-0.009771154893560553		0.015957226649281443		0.018672171461138354
LARP4_2	0.11702852581673069		6.252636503241894e-53		2.0067985729452555e-52	
LARP4_3		0.05143782113532161		1.5471736236618344e-31		3.62081604981971e-31
LARP4_4		0.2216854780591		0.0		0.0
LARP4_5		-0.0357706537588665		6.571608633458272e-23		1.3422012784699623e-22
LARP4_6		-0.03826900791462868		2.0063618217053431e-56		6.9705560197391815e-56
MBNL1-RBFOX2_1_interaction	-0.6007380877386096		1.9902539241210786e-30		4.5318619758702936e-30	
MBNL1-RBFOX2_2_interaction	0.41691897512105175		1.128403329029213e-49		3.425873170115719e-49	
MBNL1-RBFOX2_3_interaction	-0.06259374510086507		0.0002666675099030816		0.0003328405586568093	
MBNL1-RBFOX2_4_interaction	0.207495203896694		3.51789088297089e-26		7.456158663906855e-26	
MBNL1-RBFOX2_5_interaction	0.1706304212186947		1.680367606623179e-15		2.9040199150359557e-15	
MBNL1_1	-0.025207437702351333		0.02348109168828105		0.02682416236932445	
MBNL1_2	-0.1774015073989886		2.79164476603367e-72		1.1759803576916836e-71	
MBNL1_3	0.004136261551163494		0.5679010589883429		0.5834837099971694	
MBNL1_4	-0.1007790133045627		7.619346870243562e-28		1.6892894047842636e-27	
MBNL1_5	-0.13387174093885568		1.1049225379477159e-54		3.686721735528517e-54	
NONO_1	0.033039083457934056		4.7739241603438573e-11		7.588737934131509e-11	
NONO_2	-0.09817006566798664		3.0410062951752585e-149		2.3291343669865048e-148	
NONO_3	-0.00567049711234113		0.16208181170369781		0.17395404631893682	
NONO_4	-0.21283375148483255		0.0		0.0	
NONO_5	-0.023882942411345864		3.447051066369504e-10		5.378038006326495e-10	
NONO_6	-0.04845818949660695		3.0850891917765857e-24		6.417747269313021e-24	
PCBP1-PTBP1_3_interaction		-0.0010184425955144262		0.9638076355714025		0.9638076355714025
PCBP1-QKI_3_interaction	0.07142655338996179		0.41135161966933276		0.4278564686066825	
PCBP1-RBFOX2_2_interaction		0.12290027863402912		7.146795896493084e-08		1.051733719265576e-07
PCBP1-RBFOX2_3_interaction	0.1630774719953928	-0.05542533306598807	3.3942807075587716e-15	0.0004874681689297489	5.806459890595462e-15	0.0005995502661654211
PCBP1-RBFOX2_4_interaction	-0.11883150504848776		1.019600832654607e-13		1.701017230715854e-13	
PCBP1-RBFOX2_6_interaction	0.3133472568370817	0.17198156220181215	1.9991928961722197e-22	6.567717005374724e-17	3.963105917706106e-22	1.171069116831366e-16
PCBP1_1	0.0381240965457763	0.17850071200510514	6.4459849373052e-13	2.2292020644697222e-85	1.0648514332705157e-12	1.0732015653232804e-84
PCBP1_2	-0.09521576124100334	-0.06291116007540219	3.00144852588548e-154	7.854336331961358e-25	2.528720383058517e-153	1.6440443129633401e-24
PCBP1_3	-0.11088302702220786	0.024259312990739655	1.0759937645170802e-98	0.007999798375614223	5.944424567905836e-98	0.009492718495007017
PCBP1_4	0.0963994104228318	0.028847113676579793	1.85497588020678e-90	5.295621590315715e-05	9.471619267116437e-90	6.863940292063061e-05
PCBP1_5	0.06058405892605425	-0.051974510559133054	1.7655602658779593e-27	8.491710279531639e-09	3.86359616623943e-27	1.2890569208117847e-08
PCBP1_6	-0.07523296352517324	-0.013954512854202267	8.706829583913015e-84	0.03565580347330157	4.0752799580259526e-83	0.039788098577823276
PCBP2-QKI_3_interaction		-0.22601528823391015		3.088317969850084e-17		5.595500837846658e-17
PCBP2-QKI_5_interaction		0.25795155334832504		4.806875098862872e-19		8.900642353388944e-19
PCBP2-RBFOX2_1_interaction		-0.08402489422264538		2.3457188150388773e-09		3.6096221035073133e-09
PCBP2-RBFOX2_3_interaction		0.08958567595575274		5.8051400819908796e-27		1.2540591074557221e-26
PCBP2-RBFOX2_5_interaction		0.03437411485877056		7.712014790278376e-05		9.844503728499292e-05
PCBP2_1		0.0031289804996201937		0.39344883879066506		0.4117772008461308
PCBP2_3		-0.0295369431295679		9.890159334368454e-31		2.267335847402836e-30
PCBP2_5		-0.0672039289825814		5.6886614594706954e-120		3.617130022342688e-119
PTBP1-QKI_4_interaction		0.40077572869823086		1.766666421885533e-108		1.0631546145989726e-107
PTBP1-ZC3H8_3_interaction	-0.04823949496956386		0.00014582126485637		0.0001847434821676567	
PTBP1-ZC3H8_5_interaction	0.09125267342287798		1.4019071684571765e-06		1.94420870687271e-06	
PTBP1-ZC3H8_6_interaction	0.24432150496644645		4.779156522186249e-05		6.218439181377474e-05	
PTBP1_3	-0.12433771534069397	-0.05865051410699868	0.0	5.79791801926328e-63	0.0	2.1953914297659835e-62
PTBP1_4		-0.15466162151475016		8.250893347469829e-272		9.93053949320476e-271
PTBP1_5	-0.05486008190241799		4.039263845796307e-38		1.0234826436341017e-37	
PTBP1_6	-0.08942742557973524		1.3684417358046495e-67		5.425468999601963e-67	
PUM2-QKI_6_interaction	0.12379015855931308		1.676482592491932e-07		2.4247838354926227e-07	
PUM2_6	0.03295467500605809		1.1536473503939553e-42		3.110233256662104e-42	
QKI-RBFOX2_1_interaction	0.17722400224004822	0.10842146350527096	3.7254785066175235e-05	4.339522239842165e-07	4.885160532023756e-05	6.170544281969661e-07
QKI-RBFOX2_3_interaction	-0.5851497258239254	-0.015363635524688812	1.0874814620383929e-41	0.11280194369576808	2.9085813706899875e-41	0.12342290592686313
QKI-RBFOX2_4_interaction		-0.04614643801142323		3.4858083107210496e-05		4.5887398465351314e-05
QKI-RBFOX2_5_interaction		0.0511493529623069		0.00014167807533036243		0.00018017174108049864
QKI_1	-0.024163131655888685	-0.052288584160116426	6.0399470653888965e-05	1.730051534414846e-40	7.798705597839303e-05	4.554901305451587e-40
QKI_3	-0.10073764711524062	-0.08986996325545457	1.170140597153875e-160	2.17832899009986e-261	1.0111214903611688e-159	2.531368516081561e-260
QKI_4		-0.16135336563786065		0.0		0.0
QKI_5		-0.0559977518904884		8.074728901058503e-74		3.534004726826903e-73
QKI_6	0.020318753861886137		0.011964614058485366		0.01414763136038445	
RBFOX2-SF3B4_1_interaction	-0.0011478433055836705	-0.0088303950817465	0.8884306902458865	0.22335291983949024	0.8964106066253406	0.23669790561606355
RBFOX2-SF3B4_2_interaction	-0.003561226219355562	-0.01789864893604655	0.5821244009784952	0.00305490207917708	0.5962794016101911	0.0036899713286117413
RBFOX2-SF3B4_3_interaction	0.012316112174930368	-0.010409291734015828	0.02477944715119174	0.043256833203783936	0.028116746430813522	0.048110735279456064
RBFOX2-SF3B4_4_interaction	0.01109278718630435	0.08730051857202531	0.12448859005415244	8.05878390959195e-44	0.1357691095412601	2.207975754091453e-43
RBFOX2-SF3B4_5_interaction	0.022147438357338043	0.009666322149862185	3.1397491342013724e-05	0.023952003218870026	4.1493939538269115e-05	0.027269679340402697
RBFOX2-SF3B4_6_interaction	0.11526005902740853	-0.005788738242586115	1.8008022704109683e-39	0.4478818139619146	4.66823357791151e-39	0.4644189886312776
RBFOX2_1	0.009016200689001434	0.05681866311219855	0.02492659483417928	3.128351885766248e-79	0.02818880019838395	1.4246683587881429e-78
RBFOX2_2	-0.01469329041542475	0.024247498574944876	1.6946152265880185e-05	3.8013213989888665e-19	2.2662116323815964e-05	7.116918396995822e-19
RBFOX2_3	-0.0063303854743360305	-0.046248917792530916	0.035592356919397064	7.106648556038076e-115	0.039788098577823276	4.354437387972421e-114
RBFOX2_4	-0.06303950428921558	-0.0448087957174397	7.67844513118461e-83	1.3505689752859517e-70	3.5447068619304295e-82	5.6190338848316757e-70
RBFOX2_5	-0.02927489044243845	-0.029726923815265056	1.1176002054610028e-18	3.478754710893803e-43	2.046909071958467e-18	9.454357561058158e-43
RBFOX2_6	0.03220040350486163	0.029696758208858035	6.230192445141105e-11	3.2653958931008127e-19	9.857158939026068e-11	6.147700647904881e-19
RBM15-SRSF9_6_interaction		0.047526377482261205		0.014988342539513274		0.01766108893641949
RBM15_2	-0.021975500415128968		1.4140924719721056e-73		6.109604654546148e-73	
RBM15_3	0.019783541541865624		5.90859852049208e-17		1.0591477135137398e-16	
RBM15_4	0.1153904368835404		0.0		0.0	
RBM15_5	0.0038398444377729457		0.03427181282543067		0.038498669740567114	
RBM15_6	-0.017112473037537674	-0.11013040631720075	5.084699579475256e-33	1.423731448133187e-107	1.1982823484497632e-32	8.417499965278668e-107
RBM22-TIA1_1_interaction	0.26813979444556213		8.52212972101557e-154		7.004774917029871e-153	
RBM22-TIA1_2_interaction	0.04406277623146895	-0.0482806109827022	2.0156715101131603e-12	4.63192460322693e-07	3.2815521686383336e-12	6.558649543224687e-07
RBM22-TIA1_3_interaction	-0.15790654186941744		2.8992188445057644e-98		1.5758657267716816e-97	
RBM22-TIA1_4_interaction	-0.023329356024657594	0.08941909278701723	0.003730985645438754	4.235815214631379e-06	0.004490507723260214	5.826407050329692e-06
RBM22-TIA1_5_interaction	-0.04516030431816927	0.07545132708437309	1.6432545541936933e-14	7.0749571910849575e-12	2.796852448299367e-14	1.1353621778074432e-11
RBM22-TIA1_6_interaction	-0.07907334212397372	-0.06924295970030744	6.214694372543484e-20	1.1555704177648177e-05	1.1832497195181661e-19	1.5577089231469744e-05
RBM22_1	-0.027717725724554988		2.747702595338675e-20		5.2912901407379046e-20	
RBM22_2	-0.09128958526178958	-0.12402606822899036	0.0	0.0	0.0	0.0
RBM22_3	0.07417337735011316		4.605748011748659e-133		3.104274159918596e-132	
RBM22_4	0.16485263445791573	0.15348318854612378	0.0	0.0	0.0	0.0
RBM22_5	-0.07049764737513176	-0.12049873318259509	7.275707574451667e-166	0.0	6.810870701639477e-165	0.0
RBM22_6	0.015263400026601554	-0.032700186650320893	2.2766003133406315e-07	3.524173517678656e-46	3.250908074558444e-07	1.0150824576561598e-45
SF3B4-TAF15_3_interaction		0.29187670501381513		9.512165644492969e-23		1.9195208516132517e-22
SF3B4-TAF15_5_interaction		0.34092966934215824		4.311354740570201e-20		8.255264474841804e-20
SF3B4_1	0.042478125478636906	0.05036422009815825	2.0829332119101302e-299	3.5580603572545747e-259	2.599809231161903e-298	3.996887801315972e-258
SF3B4_2	-0.01711028188038256	-0.037480893007459534	6.946992405888498e-95	8.363631806918985e-229	3.7160895885467046e-94	9.092077157844188e-228
SF3B4_3	0.0736664655937553	0.10853124752189935	0.0	0.0	0.0	0.0
SF3B4_4	0.1558181177893782	0.14835342227655943	0.0	0.0	0.0	0.0
SF3B4_5	-0.05612117037023549	-0.059248537184968454	0.0	0.0	0.0	0.0
SF3B4_6	0.026083663622932636	0.06730564120479111	6.127056337701202e-170	0.0	5.899479959443728e-169	0.0
SRSF9_6		-0.0828496160622156		1.9964148630304461e-94		1.0512372013144692e-93
TAF15_3	0.012736721178036366	-0.1518285171557516	0.3995702880701494	1.617731032837441e-36	0.4168891240855738	4.0383359856756857e-36
TAF15_4	-0.031477718723922285		0.08691208317664573		0.09603072796894954	
TAF15_5		0.010865376569379193		0.6831328994328341		0.6934210455086297
TIA1_1	-0.050380635895985036		8.648622294152572e-90		4.350127930043905e-89	
TIA1_2	-0.023451289803736265	-0.031582555216141756	3.944038724144753e-33	1.5289848242421358e-15	9.42653226976441e-33	2.656020029740205e-15
TIA1_3	-0.013251230117740253		1.2560440128626618e-10		1.968775964347521e-10	
TIA1_4	0.010188840541686272	0.01889989522767855	6.45031518538842e-07	5.319083519432211e-06	9.095214299062333e-07	7.286711975807541e-06
TIA1_5	-0.026788072752121257	-0.0945631559274881	1.8298003920388034e-44	1.2308456863948366e-124	5.096220926587411e-44	7.976826852212691e-124
TIA1_6	-0.04713700267521445	-0.049875636926776316	1.3260959485477676e-99	3.454124936691254e-28	7.448238911009961e-99	7.7088748587082965e-28
U2AF1-U2AF2_1_interaction	-0.12553240730861148	0.0385639717114995	3.848368628681894e-58	0.00025877213842732667	1.3509377373602064e-57	0.0003241866566914836
U2AF1-U2AF2_2_interaction	0.08471087896109424	0.032555115153819134	4.86641435015208e-59	4.615776378551454e-08	1.7446613148949474e-58	6.822441401630877e-08
U2AF1-U2AF2_3_interaction	-0.03937428686364115	-0.05157761735054109	1.3175949645702704e-07	4.4405230339097083e-16	1.9139202718111255e-07	7.794043033476936e-16
U2AF1-U2AF2_4_interaction	-0.08502842474876128	-0.098577708137835	4.816828525915425e-46	1.0136073547679765e-64	1.3756535705368628e-45	3.9262721673196334e-64
U2AF1-U2AF2_5_interaction	-0.01845535542590068	0.059136983638612854	0.006741754205432036	1.8536461462643018e-19	0.00805612525551548	3.5094311870284814e-19
U2AF1-U2AF2_6_interaction	0.018205850809280607	-0.20034102439185178	0.0015121143534234068	2.084882604356043e-134	0.001846313540230754	1.4338886483020133e-133
U2AF1_1	0.03620064950942555	-0.05070585427041856	3.462523346800166e-08	1.3301469576015247e-08	5.1403980963509065e-08	2.0011585924630083e-08
U2AF1_2	-0.08226022393877587	-0.007620012382914062	1.3404859748750292e-75	0.13289503767162844	5.943997020169538e-75	0.14446976675915738
U2AF1_3	-0.022558816039059727	-0.008361046671895325	0.00043415451932986326	0.11255328563378235	0.000537904680199132	0.12342290592686313
U2AF1_4	0.08765289480339666	0.05019180903788389	2.883409394053297e-63	4.603554985006903e-22	1.1042147338590466e-62	9.07250309910717e-22
U2AF1_5	0.006113757014413697	-0.02152054103111067	0.2962685506962219	2.1304189945770536e-05	0.31103583048170336	2.8377517832903835e-05
U2AF1_6	-0.05700361846149976	0.17074856116183787	2.49617831593141e-30	1.2334397710013438e-116	5.6457187414019136e-30	7.697577830138016e-116
U2AF2_1	0.012770465906340324	0.0001477670490320045	2.23426782924979e-07	0.924673651065521	3.204035142370975e-07	0.9301940907733749
U2AF2_2	-0.01845678459836668	-0.02362303164382192	1.1308618164460694e-34	4.611833917865891e-103	2.8022090598700397e-34	2.6342170005437377e-102
U2AF2_3	0.01061875142740084	0.020259064866838462	7.202935225277778e-07	3.516214514359604e-52	1.007215423617681e-06	1.097189158647395e-51
U2AF2_4	0.028503202553716894	-0.01663551055271539	3.910016175219536e-68	6.333582408018387e-55	1.56866125124879e-67	2.1344172715021966e-54
U2AF2_5	-0.03297083734350793	-0.06932778447160193	5.037166280945809e-65	0.0	1.9738663217194625e-64	0.0
U2AF2_6	0.0011924771596902358	0.010129020879940661	0.4763571473391557	3.406849510471103e-17	0.49243054801624375	6.13961649748001e-17
ZC3H8_3	0.021640187858169894		0.021344795390218628		0.024550157155302652	
ZC3H8_5	0.015783954481321746		0.26916126656542044		0.2843490496318078	
ZC3H8_6	0.19263104146067633		1.1631785111629793e-08		1.757807884582619e-08	
const	0.7113951777683497	0.7121150214718002	0.0	0.0	0.0	0.0
