Data Partition	Cell Line	RBP Pair	Position	# Graphs Used in OLS Reg.	# Rows - PPI Interaction	% Rows - PPI Interaction	# Rows - RBP 1 Bound	% Rows - RBP 1 Bound	# Rows - RBP 2 Bound	% Rows - RBP 2 Bound	Intercept Beta Coefficient	Intercept Param P-value	Intercept Param FDR BH	RBP 1 Beta Coefficient	RBP 1 Param P-value	RBP 1 Param FDR BH	RBP 2 Beta Coefficient	RBP 2 Param P-value	RBP 2 Param FDR BH	Interaction Beta Coefficient	Interaction Param P-value	Interaction Param FDR BH
All	K562	FXR1-FXR2	4	2252043	14564	0.6467016837600348	26850	1.1922507696345053	41704	1.8518296497891027	0.715346474129605	0.0	0.0	0.23884541094283002	0.0	0.0	0.21789602771270397	0.0	0.0	-0.1924436186351743	0.0	0.0
All	K562	FMR1-FXR2	4	2252043	20609	0.9151246223984179	38186	1.6956159362854086	41704	1.8518296497891027	0.7149525928942572	0.0	0.0	0.21647981878009143	0.0	0.0	0.2117230411422479	0.0	0.0	-0.17039993338333417	0.0	0.0
All	K562	FXR1-FXR2	3	2252043	7030	0.31216100225439747	14652	0.6506092468039021	22683	1.00721877868229	0.7179082652860054	0.0	0.0	0.2372323802138578	0.0	0.0	0.20848296962104185	0.0	0.0	-0.18162525096728044	1.5480840053350949e-177	4.141627338948435e-177
All	K562	RBM22-TIA1	1	2252043	1312	0.05825821265402126	14686	0.6521189870708508	20687	0.9185881441873002	0.7215413326167652	0.0	0.0	-0.017182726365840426	1.3397184186852948e-08	1.6896856790765554e-08	-0.06667002939096256	1.1654812858653812e-154	2.9763117134909318e-154	0.28799320667661743	8.186440555862852e-169	2.13920518542209e-168
All	K562	CSTF2T-NONO	4	2252043	4284	0.19022727363553893	17177	0.7627296636875939	12761	0.566641045486254	0.7231236699875907	0.0	0.0	-0.15255882860079867	0.0	0.0	-0.23810007673525718	0.0	0.0	0.19647641181904202	3.2727452059552397e-163	8.498136711261926e-163
All	HepG2	RBM15-SRSF9	3	2083000	188	0.009025444071051368	2470	0.1185789726356217	2268	0.10888142102736438	0.7053062840097198	0.0	0.0	0.03749783518396427	4.17426684383986e-07	5.078143522624082e-07	0.18148530252872663	6.168443504512124e-121	1.48910081476113e-120	-0.7149782515096661	2.15125603350277e-144	5.404374913433788e-144
All	K562	CPSF6-TAF15	4	2252043	96	0.004262796047855215	5091	0.22606140291282184	652	0.028951489825016663	0.720659057441341	0.0	0.0	0.1450923940101272	1.3266868365163766e-189	3.619834282415544e-189	0.13382655406945418	1.4602451780482676e-19	2.174533783214047e-19	-0.9656248805209113	2.6629953880059118e-136	6.609362047339974e-136
All	HepG2	RBM15-SRSF9	4	2083000	225	0.010801728276524243	3411	0.16375420067210752	4411	0.21176188190110418	0.7050314177535638	0.0	0.0	0.049546265862246607	2.7686442622492684e-15	3.901988948848456e-15	0.20698446853407515	0.0	0.0	-0.6206754854832106	5.256790488106127e-136	1.3020827742082511e-135
All	K562	SRSF1-TAF15	3	2252043	96	0.004262796047855215	34828	1.546506882861473	714	0.03170454560592316	0.7188219234258647	0.0	0.0	0.14015520141578747	0.0	0.0	0.11071529340263742	2.7993313224916056e-15	3.940744321867453e-15	-0.935947626577589	4.029603749322025e-132	9.941297872578888e-132
All	K562	RBM22-TIA1	3	2252043	2714	0.12051279660290679	15806	0.7018516076291617	32584	1.4468640252428573	0.7204477901908435	0.0	0.0	0.10110999318832402	7.375905727929567e-240	2.125086125809078e-239	0.00333525299630947	0.1006204832904069	0.10833355169594333	-0.183425645071114	1.1498069761229454e-127	2.803079728773098e-127
All	K562	PCBP1-RBFOX2	4	2252043	904	0.0401413294506366	12221	0.5426628177170685	18963	0.8420354318279002	0.7207646652680786	0.0	0.0	0.11682374155352132	9.619058190402242e-277	2.8717767930766112e-276	-0.036062411544167845	1.4267558246158943e-43	2.6242116059899486e-43	-0.274850110321679	4.6338894607517895e-110	1.090949975902707e-109
All	K562	FMR1-FXR2	3	2252043	10029	0.4453289746243744	20356	0.9038903786472994	22683	1.00721877868229	0.717926720332686	0.0	0.0	0.17110896282796528	0.0	0.0	0.20567613252015876	0.0	0.0	-0.12582359153084502	4.723264620745339e-105	1.1035831892705556e-104
All	K562	CSTF2T-NONO	1	2252043	2021	0.08974073763245195	10041	0.4458618241303563	8172	0.3628705135736751	0.7213235855162072	0.0	0.0	-0.02257420895758489	7.190254578409323e-09	9.124388766852078e-09	-0.013998841572126866	0.0016675980062856239	0.0018909643447422304	-0.2089358392912813	9.525289026669361e-102	2.1883377763872363e-101
All	HepG2	CSTF2T-TAF15	4	2083000	121	0.005808929428708593	15295	0.7342774843975036	929	0.044599135861737874	0.7068039994252259	0.0	0.0	-0.16718471644116376	0.0	0.0	-0.3016195934846387	7.021989437073359e-130	1.725482891495561e-129	0.722033368351817	8.135663061017621e-97	1.851874685712298e-96
All	K562	CSTF2T-NONO	2	2252043	5686	0.25248185758442443	18752	0.8326661613477184	16098	0.7148176122747213	0.7226132414314954	0.0	0.0	-0.11245554205907096	6.013483961396029e-296	1.8397688555162108e-295	-0.14468565787406204	0.0	0.0	0.13546077594800848	3.782716083075364e-96	8.578783630607615e-96
All	HepG2	PTBP1-QKI	4	2083000	406	0.019491118578972635	7605	0.36509841574651947	18847	0.9048007681228997	0.7082719489594803	0.0	0.0	-0.1968398750603415	0.0	0.0	-0.2367005862351217	0.0	0.0	0.37043230543942385	3.70407230315202e-92	8.293901026623e-92
All	K562	CSTF2T-EWSR1	4	2252043	5875	0.2608742373036394	17177	0.7627296636875939	11296	0.5015890016309635	0.7224052721641484	0.0	0.0	-0.18726220014150574	0.0	0.0	-0.07615780859655692	4.181806650606036e-58	8.243561435644434e-58	0.1493703961483669	4.800548742943938e-92	1.069095179509677e-91
All	K562	IGF2BP2-PCBP1	6	2252043	2998	0.13312356824447846	31274	1.388694620839833	13994	0.6213913322258944	0.7210521340879811	0.0	0.0	0.003996546772097067	0.05554804689872444	0.06027865317543758	-0.051897441472483555	1.2858215982968226e-54	2.5186616410378333e-54	0.14985309683655	3.387756456042923e-89	7.463934010105263e-89
All	K562	GTF2F1-PCBP1	4	2252043	553	0.024555481400665977	12043	0.5347588833783369	12221	0.5426628177170685	0.7203610873514369	0.0	0.0	0.021992306904431155	1.5561857655140104e-11	2.0749143540186805e-11	0.10723995824335535	1.2179601634757992e-240	3.51728682723385e-240	-0.3095318696782504	1.8702150636964953e-88	4.098556416185936e-88
All	K562	DDX42-RBFOX2	2	2252043	153	0.006793831201269247	655	0.029084702201512137	16181	0.718503154691096	0.7212027472085039	0.0	0.0	-0.3528880061726461	9.783745062197601e-114	2.3121814334371386e-113	-0.022068700540162717	1.4392162212624778e-15	2.0353217957441907e-15	0.6342670313997311	1.0529427806575213e-85	2.3034288086596395e-85
All	HepG2	HNRNPK-PCBP1	3	2083000	1221	0.0586173787806049	21375	1.0261641862698032	3818	0.18329332693230918	0.7058346460077294	0.0	0.0	-0.03700141191029101	2.099738914182556e-49	4.005057558533394e-49	0.09419404093875795	6.931746904976249e-42	1.2636635950664666e-41	-0.2452852602941812	2.4171725965428707e-85	5.278489981143089e-85
All	HepG2	RBFOX2-SF3B4	4	2083000	3850	0.18482957273163705	28995	1.3919827172347576	79134	3.7990398463754205	0.6999278127133647	0.0	0.0	-0.08358122293408271	5.022144074014767e-306	1.5479725874020577e-305	0.1709613669263945	0.0	0.0	0.1214932121254819	1.3165905273621902e-84	2.8649751616543437e-84
All	HepG2	NIP7-QKI	3	2083000	158	0.007585213634181469	4153	0.19937590014402307	23234	1.115410465674508	0.7075439197751123	0.0	0.0	-0.10553127897412322	2.5353764517455887e-79	5.3936752054346774e-79	-0.16952331395089523	0.0	0.0	0.5429948503650717	1.6235773917129544e-79	3.46587505381211e-79
All	HepG2	PCBP1-PTBP1	6	2083000	183	0.008785405664906385	4597	0.22069131060969754	3348	0.16072971675468076	0.7056579582679189	0.0	0.0	0.05099938201301389	1.0853648512880869e-21	1.6440085247451902e-21	-0.15022557280188634	5.928349431820299e-126	1.4395756184145167e-125	-0.5148306745828675	1.164800376758557e-78	2.4694567164212293e-78
All	K562	PTBP1-TARDBP	3	2252043	215	0.009546886982175741	12959	0.5754330623349555	15699	0.697100366200823	0.7222565205072864	0.0	0.0	-0.1544086313045215	0.0	0.0	-0.0610459160123249	1.4964894091343483e-104	3.483353878888992e-104	0.44188872448397987	7.380098962589387e-75	1.5539697304532338e-74
All	K562	PCBP1-RBFOX2	5	2252043	504	0.022379679251239872	8869	0.3938201890461239	21494	0.954422273464583	0.7208698084857057	0.0	0.0	0.05776408272769001	1.229347125587855e-51	2.3630996068842753e-51	-0.004858803245118351	0.044562241790874986	0.048484974342888634	-0.29617984987303025	7.507501672687127e-75	1.5781074944628042e-74
All	HepG2	RBM22-TIA1	3	2083000	1180	0.056649063850216036	19836	0.9522803648583773	11273	0.541190590494479	0.7051945190887206	0.0	0.0	0.09903109197474144	0.0	0.0	-0.09967207779277328	1.6060379093269686e-175	4.2781527067416667e-175	-0.20182938072832565	8.964501503940791e-73	1.8748094515855866e-72
All	K562	CSTF2T-NONO	5	2252043	4866	0.21607047467566118	24146	1.0721820142865834	17984	0.7985637929648768	0.7221867956125644	0.0	0.0	-0.07209639104824055	1.1250324276537738e-179	3.022913218652314e-179	-0.0844654585185016	2.159115726859542e-168	5.630099237127413e-168	0.11355415383086716	5.256263168923148e-71	1.0882313696464006e-70
All	HepG2	RBM15-SRSF9	5	2083000	252	0.012097935669707153	4290	0.20595295247239556	2427	0.11651464234277485	0.7059004413602457	0.0	0.0	-0.24472052556033616	0.0	0.0	0.03079702990411465	4.92773587399796e-05	5.7513517849494605e-05	0.42575122889915834	2.3021189048163733e-69	4.758225696242537e-69
All	HepG2	HNRNPK-IGF2BP3	6	2083000	265	0.01272203552568411	8640	0.414786365818531	8717	0.41848295727316376	0.7051410014385945	0.0	0.0	0.03943732691963287	2.4262957107654848e-24	3.7960778462103026e-24	0.05410882108861852	1.0025963741975673e-44	1.8578847353945927e-44	-0.3709777154845689	1.4892304981664879e-61	2.9881313242431476e-61
All	HepG2	U2AF1-U2AF2	4	2083000	19896	0.9551608257321171	25594	1.22870859337494	166791	8.007249159865578	0.7081036050041088	0.0	0.0	0.01739700924651842	0.00020915973130030842	0.00024115804840222127	-0.0249580112126283	9.83792007020353e-150	2.486639919585187e-149	-0.08742936419601405	5.764808118226754e-59	1.138227289796848e-58
All	HepG2	U2AF1-U2AF2	6	2083000	12661	0.6078252520403264	15035	0.7217954872779645	136699	6.562602016322612	0.7073140555175168	0.0	0.0	0.11270237245214657	2.800540767369987e-54	5.477006943780543e-54	-0.02910956979540537	1.063417801429834e-173	2.814527628623715e-173	-0.12065450843885941	1.175530523686977e-51	2.2631709147618434e-51
All	HepG2	PCBP2-RBFOX2	3	2083000	2287	0.10979356697071532	23464	1.126452232357177	45069	2.1636581853096493	0.7070488542479656	0.0	0.0	-0.06085852983942048	6.517788060336446e-137	1.6209227449850797e-136	-0.04676461087458965	3.10338473933162e-161	8.041474922041682e-161	0.12053231007773657	1.3292349324972173e-51	2.551140336283479e-51
All	K562	U2AF1-U2AF2	2	2252043	23912	1.0617914489199363	31475	1.3976198500650299	86295	3.8318540098923513	0.7219588839696335	0.0	0.0	-0.08224534436895366	3.938353287751732e-93	8.866675161495703e-93	-0.015351450854836352	2.278951311337499e-27	3.716073642233706e-27	0.07190451379681524	1.9473202555058018e-50	3.720073934783881e-50
All	K562	IGF2BP2-PCBP1	2	2252043	3643	0.16176422919100567	35134	1.5600945452640114	17296	0.7680137546219143	0.7212796626901269	0.0	0.0	-0.0012604190967350666	0.5243006811274931	0.5373429866281769	-0.05697419868953574	1.0261310213100017e-80	2.194287097472599e-80	0.10027447197782957	3.151234543652824e-49	6.001426650161619e-49
All	K562	GTF2F1-PCBP1	3	2252043	324	0.014386936661511349	17275	0.767081267986446	9455	0.4198410065882401	0.7213456462127463	0.0	0.0	-0.04825034210089936	5.547245472536161e-72	1.1504019134319959e-71	-0.0078831557954825	0.031139534128270155	0.03409075658329665	0.29337272822683924	3.486877260782677e-49	6.630431222042136e-49
All	HepG2	HNRNPK-U2AF2	1	2083000	350	0.016802688430148822	9578	0.45981757081132985	64558	3.099279884781565	0.7059341971537129	0.0	0.0	-0.00871491887022608	0.01823721302071561	0.020180121122295874	-0.014779247614707188	2.022767973088739e-25	3.2053092496636935e-25	0.2841699693312354	5.667087092058985e-49	1.0759630792296322e-48
All	K562	CSTF2T-EWSR1	5	2252043	6056	0.26891138401886644	24146	1.0721820142865834	10944	0.48595874945549444	0.7217432819660197	0.0	0.0	-0.08598805808541723	3.570547008990358e-239	1.0263246751423448e-238	-0.024532561835082158	8.979756220224211e-07	1.0860057424850415e-06	0.10506143636927943	2.5969468639734733e-48	4.915507387245349e-48
All	K562	PCBP1-PTBP1	5	2252043	478	0.021225171988279088	8869	0.3938201890461239	7682	0.34111249207941413	0.7209569249587412	0.0	0.0	0.05600881214053776	8.433719787327677e-49	1.5987849167388053e-48	-0.04128313262116552	1.1265616029538752e-23	1.7514844544037607e-23	-0.24517842037769005	1.2323645076306026e-47	2.318420900200038e-47
All	K562	PCBP1-PTBP1	3	2252043	196	0.008703208597704395	9455	0.4198410065882401	12959	0.5754330623349555	0.7218521760676293	0.0	0.0	-0.0043064907884444595	0.23556602682150687	0.24906724478304748	-0.153085428437753	0.0	0.0	0.36131525336265646	4.456671911302266e-46	8.346131033893335e-46
All	K562	MBNL1-RBFOX2	2	2252043	207	0.009191653978187806	2427	0.10776881258483964	16181	0.718503154691096	0.7213462842299703	0.0	0.0	-0.22435979774348794	1.4043080739190681e-201	3.9005051221662206e-201	-0.0213262829779265	1.3482304602910808e-14	1.8787067067866694e-14	0.36308134238516854	5.126559266760435e-46	9.586122925440088e-46
All	K562	U2AF1-U2AF2	4	2252043	17856	0.7928800649010699	23373	1.0378576252762493	71444	3.172408342114249	0.7197962975648748	0.0	0.0	0.06583330185510636	1.505838641431995e-44	2.7862523365418346e-44	0.03576711215371522	1.272977952957781e-121	3.079062132790249e-121	-0.07940606417226063	6.992639685128049e-46	1.3055744185526084e-45
All	K562	HNRNPK-PCBP1	4	2252043	3910	0.173620130699103	18911	0.8397264173019787	12221	0.5426628177170685	0.7213612906386637	0.0	0.0	-0.13249688159927356	0.0	0.0	0.10262932420914438	4.481125918169438e-158	1.151490984377843e-157	0.10311419514021508	7.627418745902036e-45	1.4198026460745359e-44
All	K562	SRSF1-TAF15	4	2252043	281	0.0124775592650762	67656	3.004205514725962	652	0.028951489825016663	0.7157501492663048	0.0	0.0	0.17479195834037564	0.0	0.0	0.10915955423775041	1.4563183201324204e-09	1.8750098371704912e-09	-0.38649169743161643	8.352669792221906e-45	1.5524661448400414e-44
All	HepG2	HNRNPK-LARP4	5	2083000	221	0.010609697551608257	16670	0.800288046087374	13762	0.6606817090734517	0.7047922487406149	0.0	0.0	0.06436049610708235	1.86658804094071e-119	4.47112949341612e-119	0.032023680658997696	8.747199124513072e-26	1.3932394481827523e-25	-0.3305497286741161	1.2131173442932283e-42	2.2213526482169338e-42
All	K562	EWSR1-RBM15	2	2252043	798	0.03543449214779647	11644	0.5170416373044386	88384	3.9246142280587004	0.7219203579224021	0.0	0.0	-0.03604395187409838	6.933043910040223e-27	1.1216285697394917e-26	-0.01751952902280703	4.226115262297101e-48	7.97477628122018e-48	-0.1743618895568354	6.055073728388898e-42	1.1054757944296421e-41
All	HepG2	RBM22-TIA1	1	2083000	934	0.044839174267882864	18880	0.9063850216034566	5514	0.2647143542966875	0.7051692195830138	0.0	0.0	0.03158047394199996	1.1108268886835563e-32	1.8937683233281043e-32	0.04032019089732688	1.3219726555623672e-14	1.8441966165633023e-14	-0.17478294652085324	2.3932870106809285e-41	4.3501510958847464e-41
All	K562	FMR1-FXR2	1	2252043	10758	0.4776995821127749	20734	0.9206751380857293	26742	1.1874551240806681	0.7193161378127365	0.0	0.0	0.05282685537091904	1.5465288535194905e-51	2.963580872790838e-51	0.12967967049556745	0.0	0.0	-0.07489056663515792	4.45281367431346e-41	8.08175873928258e-41
All	HepG2	U2AF1-U2AF2	3	2083000	11340	0.5444071051368219	16908	0.8117138742198752	102736	4.932117138742199	0.7063188511041696	0.0	0.0	-0.013311846793823155	0.005048175260360781	0.0056517614327952215	-0.006020812896801866	4.899502929377211e-07	5.95455813245844e-07	-0.07898888100789457	1.0089562065082656e-40	1.8205399580207537e-40
All	K562	IGF2BP2-PCBP1	1	2252043	1084	0.04813407204036513	13206	0.5864008813330829	8129	0.36096113617723996	0.7212442454314718	0.0	0.0	-0.027157502319788848	1.2423084096684031e-17	1.8001092548067366e-17	-0.048809327049642776	9.327468582892523e-32	1.5728173490389028e-31	0.15753208578296357	1.493714198961275e-40	2.6912984692655045e-40
All	K562	HNRNPK-QKI	3	2252043	108	0.004795645553837115	23871	1.059970879774498	8638	0.3835628360559723	0.7221869369024382	0.0	0.0	-0.06631370961633412	6.094975978277191e-187	1.6520592783225017e-186	-0.13578740583562382	3.6136958253585106e-282	1.0947372647409606e-281	0.44700214151246104	7.70029367631471e-40	1.3833667127797938e-39
All	K562	EWSR1-NONO	2	2252043	5248	0.23303285061608503	11644	0.5170416373044386	16098	0.7148176122747213	0.7218186635503409	0.0	0.0	0.04804382863226316	3.600336925815469e-28	5.909716388191128e-28	-0.1204266819835219	4.526071798926548e-282	1.3677811108736463e-281	-0.09509453733323726	1.06253982669141e-38	1.8896391737993997e-38
All	K562	EWSR1-HNRNPK	4	2252043	238	0.01056818186864105	11296	0.5015890016309635	18911	0.8397264173019787	0.7221767870917002	0.0	0.0	-0.08755280445470874	6.835038876521437e-153	1.7382938377326126e-152	-0.08592406926380346	1.6659185107874909e-246	4.844883010196091e-246	-0.29775453522193035	2.2299117309584952e-38	3.9543341455734573e-38
All	HepG2	PCBP2-QKI	5	2083000	148	0.0071051368218915025	18053	0.8666826692270764	13906	0.6675948151704273	0.706555817382016	0.0	0.0	-0.05403571126641568	4.4493887806331084e-92	9.944745990709805e-92	-0.09444508180997883	7.612967072806603e-214	2.148316735613918e-213	0.3776648405592449	6.919582217362488e-38	1.2235484435851266e-37
All	K562	APOBEC3C-PCBP1	2	2252043	691	0.030683250719457843	8089	0.3591849711573003	17296	0.7680137546219143	0.7214551951669896	0.0	0.0	-0.05838909622133429	7.478913323814736e-47	1.4048536273913396e-46	-0.04120846225521657	5.797525964405e-52	1.1196472018757157e-51	0.18138187126903282	1.1255751418662928e-37	1.987444107638197e-37
All	HepG2	FUBP3-U2AF2	4	2083000	80	0.0038406144983197314	664	0.03187710033605377	166791	8.007249159865578	0.7082290584013046	0.0	0.0	-0.24189515429169953	2.4430238350170364e-61	4.886047670034073e-61	-0.033580771845520385	1.698529921774444e-302	5.222345729634857e-302	0.5407781177359641	1.2353437098770074e-37	2.1781523900256507e-37
All	HepG2	PCBP1-RBFOX2	6	2083000	341	0.016370619299087855	4597	0.22069131060969754	14707	0.7060489678348536	0.7053442845259071	0.0	0.0	0.004858370549289303	0.37084902691831245	0.38615787470179797	0.012284317729421632	3.368516709361736e-05	3.9426956939120316e-05	0.25706141429216256	2.4592582271270227e-37	4.329976023830484e-37
All	K562	QKI-RBFOX2	3	2252043	62	0.0027530557809064926	8638	0.3835628360559723	24510	1.0883451159680344	0.7216359417960788	0.0	0.0	-0.12634157379234237	8.584455737128607e-246	2.490701242040131e-245	-0.013895104099754035	5.783573097624408e-10	7.501045486530712e-10	-0.5622218445491302	1.3900278206802106e-36	2.4369849451925395e-36
All	K562	EWSR1-NONO	4	2252043	3939	0.17490785033855927	11296	0.5015890016309635	12761	0.566641045486254	0.7223996182667428	0.0	0.0	-0.046973629412598104	7.836005570109006e-31	1.3070584189817453e-30	-0.23846842352632855	0.0	0.0	0.0982767581045086	3.119394156079313e-36	5.45342457837911e-36
All	HepG2	SRSF9-TRA2A	6	2083000	91	0.004368698991838694	7982	0.38319731156985115	16152	0.7754200672107537	0.7063652429361069	0.0	0.0	-0.1190012839955343	1.8453261199764717e-195	5.068495742868709e-195	-0.05747451384077349	1.7053012814025525e-93	3.8462634741123265e-93	0.4637094559991192	2.6446814847727613e-35	4.610474351451527e-35
All	K562	IGF2BP2-PTBP1	2	2252043	238	0.01056818186864105	35134	1.5600945452640114	3682	0.16349599008544685	0.7211026932885753	0.0	0.0	0.006129152768263906	0.0011251656805953537	0.001280575304986977	-0.11194647958358576	5.0891996586161965e-79	1.0807991027576663e-78	-0.29000595470857105	3.99292087919142e-35	6.941280178172426e-35
All	K562	APOBEC3C-HNRNPK	2	2252043	90	0.0039963712948642635	8089	0.3591849711573003	13004	0.5774312479823875	0.7211802500179291	0.0	0.0	-0.04099472682753601	9.346987072964091e-26	1.4868566309116623e-25	-0.005211572613560113	0.09045064141611159	0.09763929501337461	-0.45722395057682585	6.776266074815167e-35	1.1746795046944665e-34
All	K562	EWSR1-HNRNPK	2	2252043	230	0.010212948864653116	11644	0.5170416373044386	13004	0.5774312479823875	0.7213090926435111	0.0	0.0	-0.05400389726941678	3.7560546189089754e-61	7.49997335859692e-61	-0.012915872039170799	3.0033814368199464e-05	3.518653512710383e-05	0.2873585027520102	1.4528308461497243e-34	2.5114670291483345e-34
All	HepG2	PCBP1-PTBP1	5	2083000	156	0.007489198271723476	2907	0.13955832933269324	5389	0.2587133941430629	0.7055453418543903	0.0	0.0	0.01824200820013727	0.006884102857229731	0.007679378277559519	-0.023270547281490216	2.0166461461543033e-06	2.4223271493165394e-06	-0.3574975720038093	9.772029891848855e-34	1.6822045886246774e-33
All	K562	SF3B4-TAF15	5	2252043	177	0.007859530213233051	227853	10.117613207207855	914	0.04058537070562152	0.7224428207623309	0.0	0.0	-0.014272949981048107	1.673086090516784e-76	3.5409835751348374e-76	-0.10245164030101793	1.5523152613784325e-15	2.192756186358563e-15	0.3496264022880779	5.044660018121782e-33	8.659999697775726e-33
All	K562	RBM22-TIA1	5	2252043	4907	0.2178910438210993	23253	1.0325291302164301	39408	1.7498777776445655	0.7219462415844039	0.0	0.0	-0.04362265606166624	7.272826529525574e-64	1.4760613449086388e-63	-0.020436560705595082	3.439028179697354e-27	5.600314664171186e-27	-0.07048137982020337	9.981467484608623e-33	1.7040184821790412e-32
All	K562	CPSF6-RBM15	2	2252043	1010	0.04484816675347673	8602	0.3819642875380266	88384	3.9246142280587004	0.7217834993068408	0.0	0.0	-0.012489110476483361	0.001842998418664326	0.0020860311771695116	-0.017545127479987963	3.9810911219431053e-48	7.52389698275486e-48	-0.13953589501373564	1.4833166520914657e-32	2.525315953147454e-32
All	K562	RBFOX2-SF3B4	6	2252043	2677	0.11886984395946258	8049	0.35740880613736065	217779	9.670286046936049	0.7188919082435147	0.0	0.0	0.03405634194262348	8.802986235468324e-13	1.2062628588734865e-12	0.01917516458704997	7.201060407992647e-130	1.7659743381505778e-129	0.09818775444607399	2.248649426976533e-32	3.8177619392074106e-32
All	K562	APOBEC3C-PCBP1	6	2252043	181	0.008037146715227018	9176	0.40745225557416087	13994	0.6213913322258944	0.7212368762712801	0.0	0.0	-0.03340252385327922	1.2591852920314999e-19	1.8773860325101735e-19	-0.022715519578316475	2.344510786581211e-14	3.263305554295469e-14	0.3112154213039396	3.532750376339885e-32	5.981478719391914e-32
All	HepG2	SRSF9-TRA2A	2	2083000	282	0.013538166106577052	7607	0.3651944311089774	16555	0.7947671627460394	0.7056001877015419	0.0	0.0	0.01294090444862949	0.0017793725201715037	0.002015861076931236	-0.024933777082729165	3.419287729511839e-19	5.085727597685478e-19	0.25513559273396713	4.729383497508323e-32	7.996604655157712e-32
All	HepG2	PTBP1-TARDBP	4	2083000	122	0.00585693710993759	7605	0.36509841574651947	10502	0.5041766682669228	0.7066541952479769	0.0	0.0	-0.18042995363366354	0.0	0.0	-0.09706334746376848	2.939849243934716e-171	7.714763621026135e-171	-0.3799805662816959	1.176200296759758e-31	1.9806315623910914e-31
All	HepG2	FUBP3-U2AF2	6	2083000	79	0.0037926068170907345	5334	0.25607297167546805	136699	6.562602016322612	0.7075321628132464	0.0	0.0	-0.029866225610574865	9.830630010254654e-10	1.2696613053996606e-09	-0.029776270557362566	1.215390805459257e-198	3.360677931873918e-198	-0.468358021075687	1.6730304139163053e-31	2.813422573606195e-31
All	HepG2	HNRNPK-QKI	4	2083000	52	0.0024963994239078253	14584	0.700144023043687	18847	0.9048007681228997	0.708023392861412	0.0	0.0	-0.06220702209344173	2.17064541762126e-99	4.977583926122222e-99	-0.23412302042193328	0.0	0.0	0.5734316496539623	1.7442085046843557e-31	2.9291327605840537e-31
All	HepG2	PCBP1-RBFOX2	3	2083000	747	0.03586173787806049	3818	0.18329332693230918	45069	2.1636581853096493	0.7064476022920517	0.0	0.0	-0.020674401380289024	0.001211590448325678	0.0013776686238551408	-0.045579489391009524	1.3872938540401834e-158	3.5722816741534723e-158	0.16814363787685088	5.817023827310277e-31	9.742332588828595e-31
All	K562	CSTF2T-EWSR1	2	2252043	5742	0.25496848861234	18752	0.8326661613477184	11644	0.5170416373044386	0.7220042372481853	0.0	0.0	-0.13238959466554942	0.0	0.0	-0.024802356529784093	4.822520398530458e-08	5.990588153350398e-08	0.08275615699835961	5.911012409281174e-31	9.886348224454034e-31
All	HepG2	RBFOX2-SUPV3L1	3	2083000	1151	0.05525684109457513	45069	2.1636581853096493	2634	0.12645223235717715	0.7063321268208177	0.0	0.0	-0.05009997827125216	1.5170655497979436e-189	4.130160836013785e-189	0.11587320021896888	1.8406796064478403e-36	3.2224929087387114e-36	0.16136207086656915	9.686679253435486e-31	1.613576220653135e-30
All	K562	DDX42-U2AF2	5	2252043	508	0.02255729575323384	1451	0.06443038609831163	59370	2.636272930845459	0.7222872990742472	0.0	0.0	-0.2316128558080615	2.0276480941572283e-92	4.5566782625060626e-92	-0.045627314704027595	2.2629321195011747e-215	6.400421280785931e-215	0.21912216277643495	4.999354779883629e-30	8.283113281415771e-30
All	K562	RBM22-TIA1	4	2252043	2451	0.10883451159680343	13063	0.5800510913867986	32827	1.4576542277389908	0.7200361144415214	0.0	0.0	0.1854391965271927	0.0	0.0	-0.0019451544731309077	0.33407825252741896	0.34962443000643023	-0.09074823075099565	2.349264288269415e-29	3.8767565558090747e-29
All	HepG2	PCBP2-RBFOX2	4	2083000	732	0.03514162265962554	21024	1.0093134901584253	28995	1.3919827172347576	0.7065136410594807	0.0	0.0	-0.03236097005611786	1.8986381079707915e-38	3.371719398637785e-38	-0.04677368068726874	5.583774664884356e-108	1.3071108874615652e-107	-0.14829565698275612	3.660467694365272e-28	6.000448369012567e-28
All	K562	DDX42-U2AF2	6	2252043	80	0.0035523300398793453	387	0.017184396567916333	83323	3.699884948910834	0.7218095229091502	0.0	0.0	-0.2376890017364939	7.39123011947359e-33	1.2653130786245647e-32	-0.02165199615014177	3.7830572977682957e-69	7.793098033402689e-69	0.4802189749775036	5.713830507703456e-28	9.35403246029334e-28
All	HepG2	RBM22-TIA1	2	2083000	1702	0.08170907345175228	45053	2.1628900624099856	9879	0.4742678828612578	0.7079690230912858	0.0	0.0	-0.10359061198196132	0.0	0.0	-0.03367178694110097	8.173979227378364e-18	1.1885927441223127e-17	-0.10397278163001869	1.748509448582098e-27	2.8586741778405732e-27
All	K562	HNRNPK-U2AF2	4	2252043	138	0.00612776931879187	18911	0.8397264173019787	71444	3.172408342114249	0.7207542637566583	0.0	0.0	-0.09192658570840337	3.2829025613779394e-283	9.969699179024898e-283	0.030972477331045984	1.8748748342167128e-120	4.508453881501667e-120	0.32201143882358674	3.501575760013119e-27	5.694667946547651e-27
All	K562	U2AF1-U2AF2	3	2252043	10359	0.45998233603887667	13956	0.6197039754569518	41172	1.828206655023905	0.7206375835079842	0.0	0.0	0.0332931921384025	1.0664161460224711e-08	1.3477406508014053e-08	0.02679294905943649	6.920289534761655e-41	1.250508459790264e-40	-0.07589328740491712	4.333767744233468e-27	7.038813313892992e-27
All	K562	PTBP1-QKI	4	2252043	220	0.0097689076096682	7402	0.3286793369398364	7563	0.33582840114509355	0.7223497160414043	0.0	0.0	-0.1843077360915354	0.0	0.0	-0.2336361793397763	0.0	0.0	0.25918510848083515	8.817277614220916e-27	1.4245954419839286e-26
All	K562	CPSF6-NONO	3	2252043	380	0.01687356768942689	3944	0.1751298709660517	15615	0.6933704196589497	0.7217391605579211	0.0	0.0	0.004724503864085349	0.418964800647459	0.43442994429551957	-0.11497188126681347	0.0	0.0	0.20377400631850404	9.324492721412019e-27	1.502617080008508e-26
All	K562	CPSF6-RBM15	6	2252043	348	0.015452635673475152	5212	0.2314343020981393	70428	3.127293750607781	0.7213387086993425	0.0	0.0	0.05378351580725401	6.4601047272031606e-27	1.0464861655076155e-26	-0.016326615377424605	3.2435964561084974e-34	5.591471715132641e-34	0.20732077018119233	1.1833054434001917e-26	1.9043821979721835e-26
All	K562	RBFOX2-SF3B4	5	2252043	8934	0.3967064572035259	21494	0.954422273464583	227853	10.117613207207855	0.7225760937647572	0.0	0.0	-0.027490186121449416	1.3037598627498792e-18	1.9252654604048394e-18	-0.015178017307248375	2.7382143904877165e-83	5.9272031289716595e-83	0.05207106645821189	1.8064329676558972e-26	2.903447526687502e-26
All	K562	PCBP1-RBFOX2	2	2252043	177	0.007859530213233051	17296	0.7680137546219143	16181	0.718503154691096	0.7214214084281053	0.0	0.0	-0.03890683397866858	6.948547175828285e-48	1.3092079739822803e-47	-0.022273039270397716	8.334632423805461e-16	1.1854551985987975e-15	0.2808234365723785	3.0458109370640467e-26	4.8827786228419744e-26
All	HepG2	HNRNPK-U2AF2	2	2083000	163	0.007825252040326452	9177	0.4405664906385022	142906	6.860585693710994	0.707550231476686	0.0	0.0	-0.010146914414340374	0.0065878058782569944	0.00735549057409724	-0.029805441889805606	3.629071729452672e-207	1.0148263931229643e-206	0.2954880143980187	4.428788293413647e-26	7.081477788692455e-26
All	HepG2	PCBP1-PTBP1	3	2083000	326	0.015650504080652904	3818	0.18329332693230918	11406	0.5475756120979357	0.7061318102298628	0.0	0.0	-0.004552342875905867	0.447324694274	0.4630597337710754	-0.12306723441759178	5.462691059538408e-292	1.6671323826146844e-291	0.21879451552990822	5.7053602812872e-26	9.099129429252875e-26
All	K562	CSTF2T-EWSR1	3	2252043	8828	0.3919996199006857	23498	1.0434081409635607	15693	0.6968339414478321	0.7219612176371004	0.0	0.0	-0.05047055642372692	2.3552923100515114e-68	4.8438291101891316e-68	-0.10172399986578734	1.189616883321069e-128	2.9058625845550223e-128	0.06604116601990377	1.2666073981181203e-25	2.0122451723316152e-25
All	K562	CPSF6-RBM15	1	2252043	89	0.003951967169365771	6989	0.3103404331089593	31626	1.4043248730153022	0.7220781297365223	0.0	0.0	-0.05204160799739513	3.484899798546778e-35	6.066670635216644e-35	-0.06745893640804168	5.833064843634249e-255	1.7165876539837932e-254	0.38857971803973285	1.8042415998859989e-25	2.862699123824255e-25
All	HepG2	HNRNPK-PCBP1	5	2083000	546	0.02621219395103216	16670	0.800288046087374	2907	0.13955832933269324	0.7050538692683848	0.0	0.0	0.05585052790351884	1.065478447642282e-88	2.3391320804366972e-88	-0.04530355160636446	5.016872080647115e-10	6.51350198705865e-10	0.1763030005882998	4.123110728972628e-25	6.516834860626814e-25
All	K562	PCBP1-QKI	3	2252043	92	0.004085179545861247	9455	0.4198410065882401	8638	0.3835628360559723	0.7214928882268109	0.0	0.0	-0.0020058114351877918	0.5786224719614956	0.591055682102817	-0.13434293503231268	1.1729697023692383e-276	3.4934712099479004e-276	0.37844281476243874	6.820378756298949e-25	1.0766268381590676e-24
All	K562	PCBP1-PTBP1	1	2252043	127	0.00563932393830846	8129	0.36096113617723996	5059	0.22464047089687011	0.7212083806390581	0.0	0.0	-0.03568469905943143	6.532402253345093e-20	9.774877948104765e-20	-0.050431008376294294	3.58347640179716e-24	5.5923949906834464e-24	0.3254506338832811	6.8908502665390065e-25	1.0863636389594658e-24
All	K562	DDX42-RBFOX2	3	2252043	293	0.0130104087710581	1116	0.04955500405631687	24510	1.0883451159680344	0.7212704811133916	0.0	0.0	-0.32737497686067035	1.23947309444151e-159	3.2049973739115196e-159	-0.01427615894300269	2.36472214320455e-10	3.092906422223094e-10	0.24411956254011186	1.2763700798382675e-24	2.0045659703686132e-24
All	K562	HNRNPK-PCBP1	3	2252043	3031	0.1345889043859287	23871	1.059970879774498	9455	0.4198410065882401	0.7216737944627375	0.0	0.0	-0.07455819945315455	3.583162372770759e-207	1.004260474545274e-206	-0.0023189532423189795	0.5946105976200657	0.6053860779723239	0.08237986763555179	1.5884688205840153e-24	2.4915576932003084e-24
All	HepG2	QKI-RBFOX2	4	2083000	1289	0.06188190110417667	18847	0.9048007681228997	28995	1.3919827172347576	0.7081001602300472	0.0	0.0	-0.22299732961150906	0.0	0.0	-0.038347363002005946	4.451208511810197e-72	9.24654406823093e-72	-0.10482490128602097	7.621153810578071e-24	1.1863660088003144e-23
All	K562	EWSR1-RBM15	5	2252043	256	0.011367456127613905	10944	0.48595874945549444	43792	1.9445454638299535	0.7208009836350531	0.0	0.0	-0.008149832811701584	0.015969387551537297	0.017686525997939156	0.012777009290335392	3.7829303683831075e-14	5.25359768013654e-14	-0.22165081636368397	1.2704477897152095e-23	1.9727053619195967e-23
All	HepG2	GTF2F1-PCBP1	2	2083000	295	0.014162265962554009	19323	0.9276524243879021	4762	0.22861257801248203	0.7065487096993515	0.0	0.0	-0.12014259765395377	0.0	0.0	0.008471326118883316	0.10976383567129684	0.1179722616432373	0.2136090025136925	1.9651429591245932e-23	3.0475742753801724e-23
All	K562	PUM2-QKI	2	2252043	131	0.005816940440302428	15386	0.6832018749197951	3199	0.14204879746967533	0.7205375080196044	0.0	0.0	0.0994400731013423	6.510508999326976e-270	1.9343723853769574e-269	-0.17623812731555633	3.209976385618487e-172	8.459553971480703e-172	0.3111116912327932	2.278249830382992e-23	3.528717782397717e-23
All	K562	HNRNPK-QKI	5	2252043	187	0.008303571468217969	17550	0.7792924024985313	7560	0.3356951887685981	0.7210586683699138	0.0	0.0	0.03261589823723888	1.234566541380594e-34	2.1371488027260703e-34	-0.10413312924065964	1.7913787294667924e-144	4.509458471733106e-144	0.25730883001319976	3.7290757930478057e-23	5.747054464098613e-23
All	K562	HNRNPK-U2AF2	6	2252043	442	0.019626623470333383	11388	0.5056741811768248	83323	3.699884948910834	0.7215192747247864	0.0	0.0	0.05084017164831149	2.9703759725272743e-52	5.74551596563961e-52	-0.020510714258584167	5.585522700236591e-62	1.1225538304865735e-61	-0.1673747502140784	5.909583273679058e-23	9.096195424990431e-23
All	K562	CSTF2T-TAF15	4	2252043	281	0.0124775592650762	17177	0.7627296636875939	652	0.028951489825016663	0.7222261895864609	0.0	0.0	-0.16592629612056212	0.0	0.0	-0.03403211950558874	0.06002651427772315	0.06496740074191402	0.27144574917135234	1.1097747914307922e-22	1.7018382657673191e-22
All	K562	HNRNPK-U2AF2	2	2252043	136	0.006038961067794887	13004	0.5774312479823875	86295	3.8318540098923513	0.7217435061406097	0.0	0.0	-0.012089480651017098	8.854176083951595e-05	0.00010246967827494543	-0.01844345042965561	2.6537298059021046e-52	5.1410815675470234e-52	0.2925320719988965	2.447197060163656e-22	3.748123378391919e-22
All	K562	EWSR1-HNRNPK	5	2252043	243	0.010790202496133511	10944	0.48595874945549444	17550	0.7792924024985313	0.720804278008017	0.0	0.0	-0.018628172971103505	3.561820897846931e-08	4.4379139412689584e-08	0.03171415384036441	9.900913872190007e-33	1.6926043632125658e-32	0.2200027452379574	4.650480745202779e-22	7.105060817145409e-22
All	HepG2	FUBP3-LARP4	2	2083000	45	0.0021603456553048487	769	0.03691790686509842	32602	1.5651464234277483	0.7057290012948394	0.0	0.0	-0.2240473714605923	4.483265669306047e-65	9.159200607045081e-65	-0.011104266214821405	1.925632603155717e-08	2.4187824161590105e-08	0.5245781919361198	5.2006099229744715e-22	7.925960375827925e-22
All	K562	PTBP1-TARDBP	1	2252043	147	0.006527406448278296	5059	0.22464047089687011	7909	0.35119222856757176	0.7210130654754195	0.0	0.0	-0.05177446612688158	2.714291985708396e-25	4.295601657279869e-25	0.019752780955910876	6.342588254655282e-07	7.685724590935224e-07	0.2835460346615286	6.389925849355325e-22	9.70263925037246e-22
All	HepG2	PCBP1-RBFOX2	2	2083000	266	0.012770043206913106	4762	0.22861257801248203	24110	1.157465194431109	0.7054130760701219	0.0	0.0	0.003166105424555835	0.5489450927397064	0.5621343286050349	0.0031053352702506043	0.17784516287381943	0.1888458945979732	0.21585683661854152	6.792753450313776e-22	1.0301648177408378e-21
All	K562	DDX42-RBFOX2	5	2252043	54	0.0023978227769185577	1451	0.06443038609831163	21494	0.954422273464583	0.7212032932254071	0.0	0.0	-0.1865837513499471	7.13615208267133e-89	1.5694455470074315e-88	-0.011476684083608187	1.6273736467751906e-06	1.9623744657698882e-06	0.46279232739333226	1.2321888852420097e-21	1.864119292728426e-21
All	K562	CSTF2T-TAF15	5	2252043	94	0.00417398779685823	24146	1.0721820142865834	914	0.04058537070562152	0.7217141993743361	0.0	0.0	-0.06691283150471562	1.834129420362651e-192	5.026571981304294e-192	-0.06722212620362189	3.419863018155043e-08	4.265338739091456e-08	0.3629101200361293	1.441742435196868e-21	2.1784763446250963e-21
All	K562	IGF2BP2-PCBP1	4	2252043	2797	0.12419833901928161	22649	1.005709038415341	12221	0.5426628177170685	0.7185922629585099	0.0	0.0	0.2122981762919516	0.0	0.0	0.06461237413826844	2.9697713913442933e-72	6.179524309261863e-72	-0.07516584520852568	1.7636992366342687e-21	2.661699946861973e-21
All	HepG2	HNRNPK-PCBP1	2	2083000	443	0.02126740278444551	9177	0.4405664906385022	4762	0.22861257801248203	0.7054342132221041	0.0	0.0	0.0034480858390337904	0.36344277889639165	0.37940479283440887	0.030962985203468105	9.192190998192907e-09	1.1640930403449215e-08	-0.1709999118041027	2.7733222243994627e-21	4.180275938241141e-21
All	K562	EWSR1-NONO	6	2252043	1856	0.0824140569252008	4464	0.19822001622526747	10203	0.453055292461112	0.7213777951547681	0.0	0.0	-0.007528677056613861	0.2705756326688641	0.2851078277738414	-0.10287545898608373	2.4252058266528894e-159	6.257942383597018e-159	0.10659395942240175	2.9156642680177834e-21	4.384137512493893e-21
All	HepG2	RBFOX2-SUPV3L1	1	2083000	396	0.019011041766682668	17777	0.8534325492078733	1454	0.06980316850696111	0.704969956374612	0.0	0.0	0.054197870562854376	5.859552780315359e-90	1.2932870065124614e-89	0.02134384324732454	0.04977801704333491	0.05406470040910541	0.19159944092632697	7.706205027184128e-20	1.1517375348971684e-19
All	K562	GTF2F1-PCBP1	5	2252043	205	0.009102845727190821	17356	0.7706780021518239	8869	0.3938201890461239	0.7211584354698933	0.0	0.0	-0.04369580938394854	4.8655706943752743e-60	9.668561701363086e-60	0.036180784290011404	5.605250489248369e-22	8.532130055062789e-22	0.22486146767279475	1.191577879393269e-19	1.7787321967754595e-19
All	HepG2	RBM15-SRSF9	6	2083000	356	0.017090734517522802	5332	0.25597695631301004	7982	0.38319731156985115	0.7062738893703602	0.0	0.0	-0.14741516750538616	1.6595059655923537e-189	4.5080206010376904e-189	-0.11557260429298138	2.0798246844199456e-178	5.576276160397077e-178	0.1764287700684873	5.607731810494595e-19	8.3207161077686905e-19
All	K562	HNRNPK-PCBP1	5	2252043	3371	0.1496863070554159	17550	0.7792924024985313	8869	0.3938201890461239	0.7205826518229076	0.0	0.0	0.03823655263438706	1.0493968728948346e-38	1.8689546612363336e-38	0.0538163114364648	3.1011961744658964e-30	5.1450717740132185e-30	-0.0721030329510087	1.1628155015196535e-18	1.7191865548783395e-18
All	HepG2	HNRNPK-U2AF2	5	2083000	787	0.03778204512722035	16670	0.800288046087374	122107	5.862073931829093	0.7091179636608542	0.0	0.0	0.05400757937256371	5.411989073527328e-82	1.1674028786875703e-81	-0.0701015648807755	0.0	0.0	0.11393790240642145	1.3769227312411895e-18	2.0284582786818955e-18
All	HepG2	PTBP1-TARDBP	3	2083000	41	0.0019683149303888624	11406	0.5475756120979357	14974	0.7188670187229956	0.7067809378891331	0.0	0.0	-0.11899184857986266	3.680958133603671e-280	1.1069742708355565e-279	-0.09111536499689146	5.624457683292338e-216	1.5944563524195712e-215	0.48026530007785584	4.39220479973483e-18	6.4169800620239356e-18
All	K562	GTF2F1-PCBP1	2	2252043	81	0.003596734165377837	13772	0.6115336163652293	17296	0.7680137546219143	0.7215756554539822	0.0	0.0	-0.051213264101990584	9.270414416919963e-66	1.9002043481447883e-65	-0.037753175058975436	1.952198091691312e-45	3.639391917542175e-45	0.3369154750650357	5.257390798032941e-18	7.671942179892226e-18
All	HepG2	SF3B4-TAF15	3	2083000	171	0.008209313490158425	79767	3.829428708593375	1007	0.04834373499759962	0.7000326770865122	0.0	0.0	0.14362507581563985	0.0	0.0	-0.14450636129705066	2.3596073358787272e-32	4.000651120913727e-32	0.25562638617265804	6.332003952908352e-18	9.218323775965515e-18
All	K562	PCBP1-QKI	5	2252043	162	0.007193468330755674	8869	0.3938201890461239	7560	0.3356951887685981	0.7211638710675843	0.0	0.0	0.037921692272264065	4.23660113129641e-24	6.60332786668646e-24	-0.10294942121628074	1.0126867153251262e-141	2.5389062477522433e-141	0.2365953393579115	2.5783134573321597e-17	3.7316105775908075e-17
All	HepG2	GTF2F1-PCBP1	5	2083000	78	0.003744599135861738	17071	0.8195391262602016	2907	0.13955832933269324	0.706145436236731	0.0	0.0	-0.08062301523984405	2.3743013884856545e-192	6.492558664089091e-192	-0.009842679078721026	0.13917757469394318	0.14893807993221972	0.3434164119279871	3.2075991229664265e-17	4.631533313068345e-17
All	K562	HNRNPK-U2AF2	5	2252043	264	0.011722689131601838	17550	0.7792924024985313	59370	2.636272930845459	0.7219407813414349	0.0	0.0	0.031319516009021164	6.200068568444152e-32	1.0468968238520453e-31	-0.04633791530414119	6.8421067746091965e-223	1.9530817490570362e-222	0.18237686037793752	3.9610002144719516e-17	5.712714428339944e-17
All	K562	PCBP1-RBFOX2	3	2252043	657	0.02917351045250912	9455	0.4198410065882401	24510	1.0883451159680344	0.7211102952808696	0.0	0.0	0.00993289635358742	0.0076832546126406045	0.008563122363592234	-0.012161840159903447	8.504495207005038e-08	1.0490574926006215e-07	-0.11996278222035144	4.6492249809682006e-17	6.689688098343069e-17
All	HepG2	HNRNPK-IGF2BP3	2	2083000	149	0.007153144503120499	9177	0.4405664906385022	9362	0.44944791166586656	0.7053394084112748	0.0	0.0	-0.00781420903156745	0.03627045264009122	0.039602720373809845	0.03585558778975158	2.8649265996586156e-22	4.382486729180753e-22	0.24728364236075015	4.669757919470682e-17	6.711419521471818e-17
All	HepG2	PCBP1-RBFOX2	4	2083000	154	0.007393182909265482	4086	0.19615938550168027	28995	1.3919827172347576	0.7060697441017962	0.0	0.0	0.06487735661032132	1.5066797383219696e-30	2.5064012874373545e-30	-0.05251924307894967	2.554502222554739e-138	6.365654732011406e-138	0.24176370080838652	1.0603740811104486e-16	1.5186817662253934e-16
All	HepG2	PCBP2-QKI	3	2083000	581	0.027892462794047047	23464	1.126452232357177	23234	1.115410465674508	0.7078658339727901	0.0	0.0	-0.04740048851984867	1.5283459961750627e-90	3.3853685506673432e-90	-0.16259580351324784	0.0	0.0	-0.12353563488289586	2.0600336590033186e-16	2.946992595518636e-16
All	K562	DDX42-U2AF2	3	2252043	286	0.012699579892568659	1116	0.04955500405631687	41172	1.828206655023905	0.7208123168303214	0.0	0.0	-0.3211532806857527	5.422055477918641e-155	1.387507364535702e-154	0.016767808395923643	5.819411734252564e-22	8.847223743586924e-22	0.1962112673476123	2.760454797194311e-16	3.9444186466267846e-16
All	HepG2	HNRNPK-QKI	1	2083000	222	0.010657705232837255	9578	0.45981757081132985	8227	0.3949591934709553	0.7056595629357184	0.0	0.0	-0.0020291118882582435	0.579946869979117	0.5919193487152672	-0.04740953170522458	5.411507498685423e-33	9.276869997746439e-33	0.19552007164875848	9.823059777491042e-16	1.3939496997679597e-15
All	K562	HNRNPK-U2AF2	1	2252043	89	0.003951967169365771	10948	0.4861363659574884	33305	1.4788793997272698	0.7213657220345869	0.0	0.0	-0.02260386551004718	1.625454663519958e-11	2.164937461326151e-11	-0.01912469361455973	3.473466162375386e-23	5.359805464039922e-23	0.2943403651798984	2.4221644471635878e-15	3.4175744939431445e-15
All	K562	EWSR1-NONO	3	2252043	6344	0.281699772162432	15693	0.6968339414478321	15615	0.6933704196589497	0.7220531402343594	0.0	0.0	-0.07330781987924448	1.733854994643292e-91	3.854397074422858e-91	-0.10203582818603404	6.239858659170473e-174	1.655035472689851e-173	0.05318331993683791	2.8199343747121013e-15	3.965231953520088e-15
All	K562	IGF2BP1-PTBP1	1	2252043	110	0.0048844538048341	17635	0.783066753165903	5059	0.22464047089687011	0.7207967897144557	0.0	0.0	0.036478702439615374	2.9059253721109296e-43	5.3368852302067e-43	-0.0492575898760992	3.2879111867979034e-23	5.0798227836027607e-23	0.26303209772205455	6.264776295800781e-15	8.779210319285448e-15
All	K562	MBNL1-RBFOX2	1	2252043	44	0.00195378152193364	1641	0.07286716994302507	10513	0.4668205713656445	0.7211329856741251	0.0	0.0	-0.24758038705171215	6.903493392400296e-177	1.8429196183599927e-176	0.008602232589309311	0.011806792941633329	0.013123377766060066	-0.4145980130299105	8.28201472015625e-15	1.1592944727194933e-14
All	K562	RBFOX2-SF3B4	4	2252043	3369	0.14959749880441892	18963	0.8420354318279002	143883	6.388998789099498	0.7100684045330012	0.0	0.0	-0.07391789792789874	1.2571780132235204e-155	3.223800880382306e-155	0.1793963605437942	0.0	0.0	0.05148251842545807	9.149450848395866e-15	1.2792671095720916e-14
All	K562	PUM2-QKI	6	2252043	243	0.010790202496133511	20419	0.9066878385537044	2010	0.08925229225196855	0.720698766557676	0.0	0.0	0.026215314528771665	2.2241940068009107e-26	3.570264665462241e-26	0.03155477051080126	0.00014398538610388976	0.0001663233058172035	0.18550645704473034	1.0598178244570955e-14	1.480152351445164e-14
All	HepG2	IGF2BP1-PTBP1	1	2083000	96	0.004608737397983677	10185	0.48895823331733074	4493	0.2156985117618819	0.7054283773879362	0.0	0.0	0.02967416002904377	4.3318391514338804e-17	6.240271784583072e-17	-0.0474822777745611	6.15235006085126e-19	9.117871313204026e-19	0.2770672403575761	4.19341655011366e-14	5.817130029113899e-14
All	HepG2	PCBP2-RBFOX2	6	2083000	888	0.04263082093134902	17242	0.82774843975036	14707	0.7060489678348536	0.7054035302706374	0.0	0.0	-0.006228466066174402	0.02494649742180489	0.02748116828284389	0.02438440662784508	6.790731344123461e-16	9.669751084489167e-16	-0.09457411047195513	5.088377336471129e-14	7.050711197173e-14
All	HepG2	HNRNPK-PCBP1	6	2083000	340	0.01632261161785886	8640	0.414786365818531	4597	0.22069131060969754	0.7053366871117035	0.0	0.0	0.02316469843048227	2.6388060388326493e-09	3.3763605217361846e-09	0.012075457591130562	0.026118261353818915	0.028720792734270622	0.14949668627845256	1.8622173191474598e-13	2.571732521191352e-13
All	K562	HNRNPK-PCBP1	2	2252043	3186	0.14147154383819494	13004	0.5774312479823875	17296	0.7680137546219143	0.7213135843885352	0.0	0.0	-0.0117639306912366	0.0008548048561048319	0.0009746667916472069	-0.044398134353104975	2.494192282246789e-51	4.772169753648656e-51	0.05652409270854218	2.0930134679935445e-13	2.884018557904148e-13
All	K562	EWSR1-RBM15	1	2252043	45	0.0019981856474321318	5930	0.2633164642060565	31626	1.4043248730153022	0.7220198509210988	0.0	0.0	-0.039028686944902045	9.990819957565044e-18	1.4493724727171824e-17	-0.0669301292529982	2.413095780213458e-251	7.084528228845212e-251	0.37393896527679554	8.03399742878261e-13	1.1021110790205668e-12
All	K562	PTBP1-ZC3H8	1	2252043	391	0.0173620130699103	5059	0.22464047089687011	2026	0.08996275825994442	0.7211493678710977	0.0	0.0	-0.0470391493620968	3.4476731051313e-20	5.17150965769695e-20	-0.09354630976710854	2.2242363357325653e-27	3.6316461175237126e-27	0.14454222936553363	1.0518880462751447e-12	1.4334439087057098e-12
All	K562	RBM22-TIA1	2	2252043	4117	0.1828117846772908	25582	1.1359463385024176	36166	1.605919602778455	0.7221977067205245	0.0	0.0	-0.08574110294695235	2.3081880453144618e-281	6.958342497582133e-281	-0.0199401947856616	2.903701599012744e-24	4.537263181263908e-24	0.04437744576069617	1.2347282833743944e-12	1.6807534782497263e-12
All	K562	QKI-RBFOX2	1	2252043	64	0.0028418640319034763	3307	0.14684444302351243	10513	0.4668205713656445	0.7210274261075548	0.0	0.0	-0.04895804590404581	1.3836256255764638e-15	1.958947621091076e-15	0.00433055073234084	0.20547750189217373	0.21800016509761952	0.3127406940641315	1.4267996133758527e-12	1.9400707614219517e-12
All	HepG2	SF3B4-TAF15	6	2083000	34	0.0016322611617858858	93415	4.4846375420067215	235	0.01128180508881421	0.7029472226076	0.0	0.0	0.056295010823188746	0.0	0.0	0.17298312565110135	4.07494883936763e-12	5.4985117526838335e-12	-0.46212241790540587	1.8443480544355743e-12	2.5050705442663405e-12
All	K562	CPSF6-RBM15	5	2252043	201	0.008925229225196854	3963	0.17597354935052306	43792	1.9445454638299535	0.72063525379351	0.0	0.0	0.07412750537713533	8.986885391968388e-39	1.602855749563193e-38	0.010441436348933377	6.052455450602836e-10	7.841546055498015e-10	0.17815152587342672	1.9308128148524935e-12	2.6196318761335695e-12
All	K562	CSTF2T-NONO	3	2252043	5965	0.26487060859850364	23498	1.0434081409635607	15615	0.6933704196589497	0.722119999594392	0.0	0.0	-0.047617689664531365	1.594242536861726e-72	3.3229068727843055e-72	-0.1090350255011337	2.758723201584947e-206	7.697024553406309e-206	0.044361801908253826	2.2704855520825542e-12	3.0771054192697776e-12
All	HepG2	PCBP2-RBFOX2	2	2083000	799	0.03835813730196831	18158	0.8717234757561209	24110	1.157465194431109	0.7059138308455746	0.0	0.0	-0.0585727397688902	1.3498568857220907e-104	3.147968133495291e-104	0.003938749481304468	0.09100078789187384	0.09806187779804365	0.09123017195766076	2.3586456185351357e-12	3.193084320382725e-12
All	HepG2	RBM15-SRSF9	2	2083000	53	0.002544407105136822	8765	0.4207873259721555	7607	0.3651944311089774	0.7057151735076675	0.0	0.0	-0.07396557525238835	1.914001110092215e-84	4.157654432467447e-84	0.01949709813649955	1.7450761557564695e-06	2.100208499040892e-06	0.34130990738180145	3.005486127806962e-12	4.064311656421668e-12
All	K562	PCBP1-PTBP1	2	2252043	289	0.012832792269064133	17296	0.7680137546219143	3682	0.16349599008544685	0.721438695518506	0.0	0.0	-0.03184402861664687	1.8725088170248273e-32	3.1835225554920034e-32	-0.11644267429835523	4.149201361603494e-84	8.997215584108629e-84	-0.1489339995239378	4.7009831931362114e-12	6.336330672536922e-12
All	HepG2	RBM22-TIA1	5	2083000	1175	0.05640902544407105	47838	2.296591454632741	10217	0.49049447911665867	0.7082374281878648	0.0	0.0	-0.10327673127596383	0.0	0.0	-0.08660117514650428	1.5946734062930064e-119	3.827216175103215e-119	0.07625154206439255	6.0369392355332516e-12	8.128166552417319e-12
All	K562	PCBP1-RBFOX2	6	2252043	116	0.00515087855782505	13994	0.6213913322258944	8049	0.35740880613736065	0.7208609108225756	0.0	0.0	-0.021171186078377053	1.0158251352900066e-12	1.3858276680115321e-12	0.06819278891271104	1.1282832218281722e-67	2.3165416315276095e-67	0.2243416242741242	7.441490447826024e-12	1.0008359296532062e-11
All	K562	IGF2BP2-PCBP1	3	2252043	1731	0.07686354123788933	11493	0.5103366143541664	9455	0.4198410065882401	0.7200461415264773	0.0	0.0	0.21474718975809787	0.0	0.0	-0.025252446549790898	2.0594086160629823e-10	2.6964290778112776e-10	-0.06689443759440518	1.5437703272182817e-11	2.0605832877341212e-11
All	HepG2	GTF2F1-PCBP1	3	2083000	508	0.02438790206433029	15015	0.7208353336533846	3818	0.18329332693230918	0.7057922447842876	0.0	0.0	-0.04532753809097022	2.3704686691970492e-53	4.606759866552756e-53	-0.005318075599986279	0.38755197652695395	0.4028715248000968	0.11506596733186315	1.7809246834826995e-11	2.3669063535318457e-11
All	K562	HNRNPK-LARP4	2	2252043	249	0.011056627249124462	13004	0.5774312479823875	2589	0.11496228091559531	0.7209624091127161	0.0	0.0	-0.006731205663079122	0.029765988931900432	0.03261592404240154	0.06830660798130268	2.8640248719113017e-21	4.3117353735473435e-21	-0.157646245165868	1.8106948184090973e-11	2.4038869984464494e-11
All	HepG2	RBM22-TIA1	4	2083000	340	0.01632261161785886	17371	0.8339414306289006	8215	0.3943831012962074	0.7043086311580488	0.0	0.0	0.14826270933868924	0.0	0.0	-0.020945139094550244	1.5462195978190464e-07	1.895959744944783e-07	0.13092968095076082	3.547979693847958e-11	4.70021747223588e-11
All	K562	FMR1-FXR2	6	2252043	26090	1.1585036342556514	45091	2.002226422852494	49506	2.198270636928336	0.7183839121498344	0.0	0.0	0.10408145809384187	0.0	0.0	0.03743478019728258	4.283489134125625e-60	8.539342854482697e-60	-0.026425370831910117	5.830501867416248e-11	7.707486960563083e-11
All	HepG2	RBFOX2-SUPV3L1	4	2083000	433	0.020787325972155546	28995	1.3919827172347576	2480	0.11905904944791165	0.7060099487903748	0.0	0.0	-0.05540468655383756	2.6371148099649803e-152	6.692964897570258e-152	0.18462024173235947	3.6915415517794716e-123	8.946559525489072e-123	0.12166133205883292	1.0357588387418021e-10	1.3648165508367458e-10
All	K562	CSTF2T-EWSR1	6	2252043	2216	0.09839954210465786	10384	0.46109243917633896	4464	0.19822001622526747	0.720987990368895	0.0	0.0	0.0021321736859490283	0.5813453294529453	0.5928571181549838	0.0289590736880437	8.347121581424594e-05	9.678276055010129e-05	-0.07173492366347123	1.1769606066130858e-10	1.5492261019954997e-10
All	K562	EWSR1-HNRNPK	1	2252043	96	0.004262796047855215	5930	0.2633164642060565	10948	0.4861363659574884	0.7211844728646891	0.0	0.0	-0.03926109267958341	9.024655967541775e-18	1.3107490923480181e-17	-0.021873101688871115	7.197188795469219e-11	9.493837087726741e-11	0.23174138817042936	1.2893410052789194e-10	1.6953462580050472e-10
All	HepG2	CSTF2T-SFPQ	6	2083000	72	0.0034565530484877583	10900	0.5232837253960634	582	0.027940470475276046	0.7058762216461749	0.0	0.0	-0.062189252676844185	2.3268117691036547e-74	4.874473468834097e-74	-0.20430073145007438	7.287930762731043e-39	1.3017171131120766e-38	-0.28613623751923833	1.4973990075390633e-10	1.964740099063994e-10
All	K562	CPSF6-RBM15	3	2252043	171	0.007593105460242101	3944	0.1751298709660517	25671	1.1398983056717833	0.7200546180395128	0.0	0.0	0.003922058345335744	0.49002915941339265	0.5047300341957944	0.07982046039186759	3.972670843528535e-289	1.2094140794584408e-288	0.17487830181978362	1.6230353920507258e-10	2.1273295276507925e-10
All	HepG2	GTF2F1-PCBP1	1	2083000	546	0.02621219395103216	7846	0.37666826692270766	2611	0.12534805568891022	0.7052608028405914	0.0	0.0	0.0019432382552907778	0.6394402028762889	0.6488900580912094	0.19528956035552988	1.0504352694050172e-138	2.622905036332528e-138	-0.1109853596931844	2.3923297146706035e-10	3.1257077455949957e-10
All	HepG2	IGF2BP1-PTBP1	6	2083000	27	0.0012962073931829091	23123	1.1100816130580893	3348	0.16072971675468076	0.7053578891116996	0.0	0.0	0.0367661366936318	1.3534045390636557e-55	2.6552508099725055e-55	-0.17906249615777042	9.734524006630583e-187	2.6270462166365504e-186	0.4324755073894686	2.5601606032567485e-10	3.3414556553593887e-10
All	K562	SRSF1-TAF15	5	2252043	73	0.0032415011613899027	57024	2.532100852425997	914	0.04058537070562152	0.7208583619925103	0.0	0.0	0.005569927238586356	0.0001684925631789873	0.00019445080120376125	-0.05786549635635976	1.5106941597595203e-06	1.8234550600222334e-06	0.2691426865773089	2.6199696021813815e-10	3.4159097344896496e-10
All	HepG2	PTBP1-TARDBP	1	2083000	84	0.004032645223235718	4493	0.2156985117618819	8283	0.3976476236197792	0.7053518394364523	0.0	0.0	-0.04648871854735236	2.8985273608511872e-18	4.244762817549843e-18	0.055917461697826756	2.8291545140054367e-46	5.3062746271786336e-46	0.2455944174130583	3.596144690361764e-10	4.678773512933831e-10
All	K562	PCBP1-QKI	6	2252043	128	0.005683728063806953	13994	0.6213913322258944	2010	0.08925229225196855	0.7210644513580596	0.0	0.0	-0.02119448164797921	9.84009386740244e-13	1.3439067425535265e-12	0.04539835416799825	1.6638805235769326e-08	2.094252878962412e-08	0.2000051136219599	4.10547948874079e-10	5.335828231423361e-10
All	HepG2	HNRNPK-U2AF2	6	2083000	59	0.0028324531925108015	8640	0.414786365818531	136699	6.562602016322612	0.7073378782796271	0.0	0.0	0.025776618865243787	1.6392883000874712e-11	2.1810122054985086e-11	-0.030004286359256643	1.1713314070085129e-201	3.260733376266941e-201	0.2855508061635541	6.505606834637252e-10	8.419822039383921e-10
All	K562	RBFOX2-SF3B4	3	2252043	6980	0.3099407959794729	24510	1.0883451159680344	127986	5.683106406049973	0.7136712899953345	0.0	0.0	-0.055658369287976	4.518522051286559e-99	1.0342394917389235e-98	0.13766275542389267	0.0	0.0	0.030838722149534658	8.228284116786602e-10	1.0638241807895647e-09
All	K562	GTF2F1-PCBP1	6	2252043	56	0.0024866310279155414	6651	0.29533183869046903	13994	0.6213913322258944	0.721098513794145	0.0	0.0	0.0013959517100272005	0.7455489640387927	0.7540904415318721	-0.02013349011786276	1.0982841896897563e-11	1.4723202369376778e-11	0.2858800960422785	1.0949514723953053e-09	1.4126931313993711e-09
All	HepG2	PCBP2-RBFOX2	5	2083000	1982	0.09515122419587134	18053	0.8666826692270764	41555	1.9949591934709552	0.7064868574890386	0.0	0.0	-0.05416111546925773	2.9827904881668954e-83	6.445330495409585e-83	-0.029236522664794748	1.350418663366502e-59	2.6791612647207003e-59	0.05215548296588147	1.3925262114525027e-09	1.794747025396552e-09
All	K562	RBM22-TIA1	6	2252043	1915	0.08503390032961182	15762	0.699897826107228	27025	1.2000214915967413	0.7215463754273193	0.0	0.0	0.026177933087159606	1.3087818877711497e-18	1.9303751948510036e-18	-0.05833781310155411	4.502377082420967e-153	1.1474099121386218e-152	-0.05279119515182604	1.874402741766639e-09	2.408276287758384e-09
All	HepG2	QKI-RBFOX2	3	2083000	1948	0.09351896303408545	23234	1.115410465674508	45069	2.1636581853096493	0.7080855547208352	0.0	0.0	-0.15980104847257848	0.0	0.0	-0.03564942151427675	1.920640778691492e-95	4.347824180334586e-95	-0.051287035452635826	1.9024094655291005e-09	2.441721806224266e-09
All	HepG2	RBFOX2-SF3B4	1	2083000	3020	0.14498319731156983	17777	0.8534325492078733	70027	3.3618338934229475	0.70327585531294	0.0	0.0	0.05903914773646768	9.177711059117918e-91	2.0365620949855916e-90	0.052550901593052986	0.0	0.0	-0.04315414967557017	2.040698878783997e-09	2.6164977325487766e-09
All	K562	CSTF2T-TAF15	1	2252043	125	0.005550515687311477	10041	0.4458618241303563	242	0.01074579837063502	0.7212729069510686	0.0	0.0	-0.06697107153354484	3.9227792079083935e-81	8.417630383636761e-81	0.2351672639890983	3.038964478695856e-13	4.178153610309319e-13	-0.26919309940661773	2.2114570744286606e-09	2.832498387558367e-09
All	HepG2	NIP7-QKI	1	2083000	35	0.0016802688430148825	2416	0.11598655784925586	8227	0.3949591934709553	0.7056811645673209	0.0	0.0	-0.026796662257374232	0.00022127373736819812	0.00025488754835702973	-0.04361933595404868	8.384976224187536e-29	1.381844081746106e-28	0.3580919765012478	3.0033632450545076e-09	3.83883864621238e-09
All	K562	MBNL1-RBFOX2	3	2252043	512	0.02273491225522781	3031	0.1345889043859287	24510	1.0883451159680344	0.721212760009601	0.0	0.0	-0.055916610744004086	8.915844750176819e-16	1.266664840369948e-15	-0.01615790127136937	9.51048257309567e-13	1.3003270420737e-12	0.10111663481830212	3.0890426620620283e-09	3.94427348172383e-09
All	K562	EWSR1-NONO	5	2252043	5072	0.22521772452835045	10944	0.48595874945549444	17984	0.7985637929648768	0.7214605475213707	0.0	0.0	0.03958832850042873	3.7306061416064884e-18	5.45683927932026e-18	-0.07139777645568225	5.261677466739036e-119	1.2579174756072435e-118	-0.043573911080315664	3.2141355445233204e-09	4.099764223974019e-09
All	K562	IGF2BP1-PTBP1	3	2252043	106	0.0047068373028401325	13202	0.586223264831089	12959	0.5754330623349555	0.7207046644007067	0.0	0.0	0.1931506731069393	0.0	0.0	-0.14975722022423923	0.0	0.0	0.2003782978109657	4.2373380302030165e-09	5.39376910950662e-09
All	HepG2	PTBP1-QKI	3	2083000	1008	0.04839174267882861	11406	0.5475756120979357	23234	1.115410465674508	0.7078956692990221	0.0	0.0	-0.11022496339405488	6.439388943149374e-221	1.8338904916434624e-220	-0.16511727912535018	0.0	0.0	0.06913060099815516	6.209427476694537e-09	7.895938643204165e-09
All	HepG2	U2AF1-U2AF2	5	2083000	8083	0.38804608737397983	13651	0.6553528564570331	122107	5.862073931829093	0.709643442394487	0.0	0.0	-0.030999494837026225	6.357572016534472e-11	8.395255355167315e-11	-0.06989069735835442	0.0	0.0	0.03622775932705061	6.745099048527229e-09	8.568286150030479e-09
All	K562	FXR1-FXR2	2	2252043	17351	0.7704559815243315	30638	1.3604535970227922	57271	2.5430686714241246	0.7181889100773107	0.0	0.0	0.11621181995955339	0.0	0.0	0.05541106487259271	1.3563554595583116e-217	3.853920340262237e-217	-0.025234652381656397	8.679630470056537e-09	1.1003100780502441e-08
All	HepG2	HNRNPK-LARP4	1	2083000	47	0.002256361017762842	9578	0.45981757081132985	12731	0.6111857897263562	0.7055188284488385	0.0	0.0	0.00011809317533876965	0.9740666324428692	0.9748553503638755	-0.00691511510921152	0.028213079308455388	0.030941762222937767	0.2976079807190529	9.386045706922501e-09	1.187426048490912e-08
All	HepG2	FUBP3-LARP4	3	2083000	39	0.001872299567930869	775	0.0372059529524724	8543	0.41012962073931836	0.7048606189067874	0.0	0.0	-0.21691360803724358	3.7731089836367326e-62	7.595378996376224e-62	0.1701351477912384	0.0	0.0	0.3275973285186791	1.8517011806768405e-08	2.328283478450229e-08
All	HepG2	RBFOX2-SUPV3L1	6	2083000	252	0.012097935669707153	14707	0.7060489678348536	3160	0.15170427268362938	0.7052804297988015	0.0	0.0	0.015270140937962055	2.3315723157721994e-07	2.844840456361736e-07	0.05252665410767576	1.2450621456483527e-15	1.7647899220428486e-15	0.13136721960001582	2.036354312214146e-08	2.552671328495623e-08
All	K562	FXR1-FXR2	1	2252043	8125	0.360783519675246	18089	0.8032262261422184	26742	1.1874551240806681	0.7192154992671537	0.0	0.0	0.07536649591550555	7.321048359762848e-103	1.6913674341433421e-102	0.107882556273494	0.0	0.0	-0.03250762837921386	2.1709073030070582e-08	2.718583005589386e-08
All	K562	PCBP1-RBFOX2	1	2252043	379	0.016829163563928398	8129	0.36096113617723996	10513	0.4668205713656445	0.7210820570960467	0.0	0.0	-0.0362874764508587	6.120328894972322e-20	9.16936547174035e-20	0.003427415964936682	0.32369206787820337	0.33934130271200963	0.10436771315243132	2.294084576369794e-08	2.8699276684140335e-08
All	HepG2	CSTF2T-SFPQ	3	2083000	538	0.025828132501200193	20574	0.9877100336053768	1268	0.06087373979836774	0.7060194550991018	0.0	0.0	-0.02910290488949212	4.551271604474403e-31	7.632797426228443e-31	-0.3601982222223755	1.3313036309109867e-166	3.464192184854694e-166	-0.11194881125860469	3.242741967420042e-08	4.048514213869871e-08
All	HepG2	FUBP3-LARP4	1	2083000	187	0.00897743638982237	3693	0.1772923667786846	12731	0.6111857897263562	0.7052928136898136	0.0	0.0	0.13378120228280763	7.66894977872747e-111	1.8089354821578534e-110	-0.00971269570513111	0.002172749275686378	0.0024525279495418843	0.14689536422447363	3.943688197627242e-08	4.9087599317898e-08
All	K562	IGF2BP2-PTBP1	4	2252043	162	0.007193468330755674	22649	1.005709038415341	7402	0.3286793369398364	0.719477869670598	0.0	0.0	0.21037371124282464	0.0	0.0	-0.18859934757117408	0.0	0.0	0.15163048270712232	4.632163800032417e-08	5.759913940482965e-08
All	K562	PUM2-RBFOX2	1	2252043	186	0.008259167342719477	15188	0.6744098580710937	10513	0.4668205713656445	0.7207063201091551	0.0	0.0	0.037394866399303055	3.927339613344782e-39	7.024879539933648e-39	0.008093379706849903	0.018650564942075315	0.02061905032952155	-0.14116230815080785	5.41885533567973e-08	6.724603609337497e-08
All	HepG2	RBM15-SRSF9	1	2083000	20	0.0009601536245799329	1569	0.07532405184829573	3059	0.14685549687950072	0.705588532384651	0.0	0.0	-0.1723044781561276	8.08669591714573e-82	1.7413164030648298e-81	0.014236903614043955	0.026644997445978154	0.029273970527314664	0.434204042157441	5.459210550733194e-08	6.767887904419486e-08
All	HepG2	QKI-RBFOX2	6	2083000	61	0.002928468554968795	4865	0.23355736917906864	14707	0.7060489678348536	0.7054081989290961	0.0	0.0	-0.02321325721387163	5.573993059892871e-06	6.61811279733678e-06	0.019419535605936112	3.624818856016923e-11	4.796869492544879e-11	-0.24831119863265047	5.4673000188789604e-08	6.771125073481357e-08
All	K562	HNRNPK-PCBP1	6	2252043	2184	0.09697861008870612	11388	0.5056741811768248	13994	0.6213913322258944	0.7209333661605006	0.0	0.0	0.041157626885993046	1.361305968831388e-29	2.2524420046527388e-29	-0.03277980985229127	2.294419694001469e-24	3.594300052960476e-24	0.04829802010249238	5.820283545738573e-08	7.201071534066943e-08
All	HepG2	HNRNPK-QKI	6	2083000	45	0.0021603456553048487	8640	0.414786365818531	4865	0.23355736917906864	0.7054288250045909	0.0	0.0	0.02810410111526365	2.0037569861157312e-13	2.764111199597147e-13	-0.028987953635298394	1.3369490395098327e-08	1.6879152327213004e-08	0.2836994719598861	9.302524826941652e-08	1.1463530095812444e-07
All	K562	FXR1-FXR2	6	2252043	17504	0.7772498127256007	30118	1.3373634517635764	49506	2.198270636928336	0.7184116914156352	0.0	0.0	0.1519317365215807	0.0	0.0	0.033083074536495054	7.928009102180252e-64	1.606396598408982e-63	-0.02395483885395567	1.1340004336866751e-07	1.396040374538576e-07
All	K562	PTBP1-TARDBP	6	2252043	229	0.010168544739154626	4678	0.20772249908194473	8989	0.39914868410594295	0.7210646377989843	0.0	0.0	-0.1250594680979195	3.688715444392251e-126	8.974906081237839e-126	0.04826138959827546	3.211969404072248e-38	5.687670749904439e-38	-0.12645214881899552	1.2559606801924693e-07	1.5446441798187983e-07
All	HepG2	RBFOX2-SUPV3L1	5	2083000	1009	0.048439750360057605	41555	1.9949591934709552	4007	0.19236677868458954	0.705939430605751	0.0	0.0	-0.032440984396505376	1.1393569845619619e-74	2.390908714632572e-74	0.08242781422412339	3.2186266480743016e-37	5.6589225277664815e-37	0.06815153936841832	1.5773179385903222e-07	1.9321753935556373e-07
All	K562	PCBP1-PTBP1	4	2252043	388	0.017228800693414825	12221	0.5426628177170685	7402	0.3286793369398364	0.7210764234990195	0.0	0.0	0.09655152376710263	2.4080158940306063e-198	6.643543850495155e-198	-0.19240576481638985	0.0	0.0	0.09671467322036426	1.6176545946910428e-07	1.9776667448448358e-07
All	HepG2	HNRNPK-LARP4	4	2083000	532	0.025540086413826213	14584	0.700144023043687	18441	0.8853096495439271	0.7038812998443807	0.0	0.0	-0.06836308179711734	9.240725784264648e-116	2.192233602562592e-115	0.23268911168056577	0.0	0.0	0.08278515147519776	1.6686639057801107e-07	2.038012438284799e-07
All	K562	IGF2BP1-PTBP1	5	2252043	118	0.005239686808822034	17618	0.7823118830324287	7682	0.34111249207941413	0.72098311861405	0.0	0.0	0.023496109957371086	6.91678373404447e-19	1.0238496641052652e-18	-0.05600222226293424	3.6366041757286327e-44	6.698722445902518e-44	0.16673909538640885	2.813635560311526e-07	3.429638611977363e-07
All	K562	IGF2BP2-PCBP1	5	2252043	1040	0.046180290518431484	14959	0.664241313331939	8869	0.3938201890461239	0.721012995148605	0.0	0.0	-0.030402965692454917	1.1689081215479935e-24	1.8381303285411194e-24	0.03701880967959242	6.988762178912196e-21	1.0495880988013941e-20	0.060207218556561935	4.0945372766876435e-07	4.986057215749682e-07
All	HepG2	CSTF2T-TAF15	6	2083000	35	0.0016802688430148825	10900	0.5232837253960634	235	0.01128180508881421	0.7058095764756998	0.0	0.0	-0.06486203850976037	5.558933004615735e-81	1.1907870353041679e-80	0.16951042352430754	1.2410681598384925e-11	1.658335400605813e-11	-0.3252722472045398	5.420528057139903e-07	6.58130911456279e-07
All	K562	IGF2BP1-PTBP1	2	2252043	21	0.0009324866354683281	40782	1.8108890460794933	3682	0.16349599008544685	0.7207011804674752	0.0	0.0	0.02739453602624698	1.2268879417518386e-55	2.4108640636013872e-55	-0.13222753938580822	2.9827200075077897e-116	7.103356318457858e-116	0.38167944193970904	5.751270290756081e-07	6.976025593105511e-07
All	HepG2	HNRNPK-QKI	5	2083000	68	0.0032645223235717715	16670	0.800288046087374	13906	0.6675948151704273	0.7056141748664544	0.0	0.0	0.059079476500837225	6.5352597100964926e-102	1.5042050282456732e-101	-0.09139600750121941	1.5407993524513474e-201	4.270017936389833e-201	0.2143200031927454	6.558089749909972e-07	7.939078286864568e-07
All	HepG2	PTBP1-QKI	1	2083000	21	0.0010081613058089294	4493	0.2156985117618819	8227	0.3949591934709553	0.705742610374047	0.0	0.0	-0.04277481073182035	6.701726569321039e-16	9.554018500208539e-16	-0.04310904956490237	3.2310958735160732e-28	5.310684175087588e-28	0.37095077373219304	1.6920254304903804e-06	2.0383464250351953e-06
All	HepG2	PCBP2-QKI	6	2083000	63	0.0030244839174267883	17242	0.82774843975036	4865	0.23355736917906864	0.7056338876230248	0.0	0.0	-0.010745273617567289	7.374526540140233e-05	8.574708187782999e-05	-0.0289242874564238	1.5303332574744986e-08	1.9281263060534967e-08	0.21271027662556954	2.2234959127523935e-06	2.668064310710554e-06
All	HepG2	HNRNPK-U2AF2	3	2083000	1559	0.07484397503600576	21375	1.0261641862698032	102736	4.932117138742199	0.7067032114598291	0.0	0.0	-0.042150551992744346	1.635905097483809e-62	3.300135960703586e-62	-0.015280491869413649	6.312700074839753e-41	1.1423861336020403e-40	-0.04436357234431998	2.2255455536752276e-06	2.668064310710554e-06
All	K562	APOBEC3C-PCBP1	1	2252043	562	0.0249551185301524	3533	0.15687977538617157	8129	0.36096113617723996	0.7211793166983713	0.0	0.0	-0.061766661026898914	5.135299473172026e-22	7.836086603506943e-22	-0.021688369163032212	6.676235498775343e-08	8.24358349299333e-08	-0.07811307654404501	2.3281360474293743e-06	2.7856497140587673e-06
All	HepG2	U2AF1-U2AF2	1	2083000	4197	0.2014882381180989	5784	0.27767642822851657	64558	3.099279884781565	0.7059198943404446	0.0	0.0	-0.03248385149228817	0.0002562718290203596	0.0002941058316333932	-0.014360957278432972	8.725537118988245e-23	1.3397222210024188e-22	0.04924073525468383	2.9132479983874784e-06	3.482373816254278e-06
All	HepG2	FUBP3-RBFOX2	6	2083000	29	0.0013922227556409025	5334	0.25607297167546805	14707	0.7060489678348536	0.7054490096403851	0.0	0.0	-0.03693213876384714	3.1323986916867605e-14	4.355055998790592e-14	0.017717838704066693	1.4918019829227582e-09	1.9186964109183445e-09	0.30809287662629725	2.9867286600837334e-06	3.5667600230565164e-06
All	K562	IGF2BP2-RBFOX2	2	2252043	33	0.0014653361414502298	35134	1.5600945452640114	16181	0.718503154691096	0.7210650091036687	0.0	0.0	0.0037267774551042075	0.047046705166253935	0.05114312012795942	-0.01870208490253348	1.1352904462515491e-11	1.5202805975806225e-11	-0.282377580444145	3.4279663115932593e-06	4.089735869815896e-06
All	HepG2	HNRNPK-QKI	2	2083000	463	0.022227556409025444	9177	0.4405664906385022	8472	0.40672107537205954	0.7057577911176907	0.0	0.0	-0.004254922171169437	0.26260628035497713	0.2769465550501295	-0.06708879373972847	2.4374717326495605e-64	4.963286757092021e-64	0.07936670233102966	4.672755745059095e-06	5.55873541953132e-06
All	HepG2	GTF2F1-PCBP1	4	2083000	72	0.0034565530484877583	8293	0.39812770043206913	4086	0.19615938550168027	0.7052419223902333	0.0	0.0	0.025089728260527893	1.3914480409317342e-10	1.8276618263460398e-10	0.06901019519819718	5.170798385134459e-35	8.976273601160379e-35	0.19212343192880127	5.437015721098509e-06	6.4616840685363045e-06
All	K562	HNRNPK-PCBP1	1	2252043	1908	0.08472307145112237	10948	0.4861363659574884	8129	0.36096113617723996	0.7211342561146622	0.0	0.0	-0.009114676468647373	0.013160158551838604	0.014601396741537266	-0.01872829244322209	2.3488379739594204e-05	2.7596613458306497e-05	-0.04450617189881495	6.110009791701209e-06	7.24062521816174e-06
All	K562	FMR1-FXR2	5	2252043	13880	0.6163292619190663	26743	1.1874995282061664	30056	1.3346103959826698	0.7196455284990796	0.0	0.0	0.052259392592425416	1.9832659606320733e-64	4.0450771078238324e-64	0.06427957659488985	1.1063042519101166e-120	2.665481589397474e-120	-0.02261014610137663	8.474886673667894e-06	1.0023885099189968e-05
All	HepG2	RBFOX2-SF3B4	3	2083000	6102	0.2929428708593375	45069	2.1636581853096493	79767	3.829428708593375	0.7011500568151151	0.0	0.0	-0.060543004694094064	7.975936381716067e-247	2.32506069995308e-246	0.14569389893048637	0.0	0.0	0.022006079430294534	1.2257892616850075e-05	1.4484469669623989e-05
All	HepG2	IGF2BP1-PTBP1	5	2083000	25	0.001200192030724916	10764	0.5167546807489198	5389	0.2587133941430629	0.7055196243405502	0.0	0.0	0.009648454623977037	0.004824549085937969	0.005406294351966753	-0.03453155573502315	9.440685687712662e-13	1.2922134562583445e-12	0.3063634767705068	1.6019521504304134e-05	1.891129759247365e-05
All	K562	QKI-RBFOX2	5	2252043	224	0.009946524111662166	7560	0.3356951887685981	21494	0.954422273464583	0.7214153616859924	0.0	0.0	-0.1000118038888284	9.492594177750405e-133	2.3465692807399e-132	-0.011014679974673175	4.563707402404097e-06	5.439481532662935e-06	0.10191692574892194	1.8187164772162857e-05	2.1449747765642453e-05
All	K562	EWSR1-RBM15	6	2252043	26	0.0011545072629607872	4464	0.19822001622526747	70428	3.127293750607781	0.7214742708103185	0.0	0.0	-0.007692950395728746	0.14217648641315062	0.15201568962513337	-0.015277096014154388	2.7256130152811104e-30	4.528034525386361e-30	0.2923611602149369	2.039947776097911e-05	2.4013099535781126e-05
All	HepG2	FUBP3-LARP4	6	2083000	1439	0.06908305328852617	5334	0.25607297167546805	29299	1.4065770523283725	0.7054189752591221	0.0	0.0	-0.025559026606997697	6.670069068326593e-06	7.896748437214243e-06	0.011574438236916541	5.849637821375989e-08	7.230152347220722e-08	-0.04705426180217032	2.3290521298814044e-05	2.7390184895655715e-05
All	HepG2	HNRNPK-LARP4	3	2083000	587	0.028180508881421026	21375	1.0261641862698032	8543	0.41012962073931836	0.705266480382185	0.0	0.0	-0.04818119079204752	4.578238942031708e-85	9.980076423899807e-85	0.17797465838100437	0.0	0.0	-0.06446539941919954	2.590799184712994e-05	3.0410520344779307e-05
All	K562	PTBP1-ZC3H8	4	2252043	59	0.002619843404411017	7402	0.3286793369398364	214	0.00950248285667725	0.7215685341766443	0.0	0.0	-0.18645080300410458	0.0	0.0	0.2444024335652901	2.6202042464235885e-18	3.841722952051667e-18	0.21773407255030797	4.691218909740018e-05	5.480478801926902e-05
All	HepG2	IGF2BP1-PTBP1	3	2083000	66	0.003168506961113778	7039	0.33792606817090737	11406	0.5475756120979357	0.7053856979077517	0.0	0.0	0.21938118865471254	0.0	0.0	-0.11849645628517687	1.75622838731745e-277	5.26868516195235e-277	0.17787350911665908	4.972163012516674e-05	5.797729701387367e-05
All	HepG2	HNRNPK-QKI	3	2083000	573	0.027508401344215075	21375	1.0261641862698032	23234	1.115410465674508	0.7077584797966024	0.0	0.0	-0.04151239768912504	9.350011636409228e-64	1.8914262491983316e-63	-0.1642293769326568	0.0	0.0	-0.06121914845580462	5.322039034601056e-05	6.199849431448545e-05
All	K562	HNRNPK-U2AF2	3	2252043	417	0.018516520332871086	23871	1.059970879774498	41172	1.828206655023905	0.7213875881919185	0.0	0.0	-0.06559256388904093	1.7320489085308775e-180	4.66407941382171e-180	0.015282047435600925	1.873149787656169e-18	2.7562061161226485e-18	0.06979702898092237	5.569753654640084e-05	6.482312163027443e-05
All	HepG2	PCBP2-QKI	4	2083000	410	0.019683149303888623	21024	1.0093134901584253	18847	0.9048007681228997	0.7079320504771383	0.0	0.0	-0.03470688796621061	8.853787148904558e-45	1.6431352726795846e-44	-0.23033523429231156	0.0	0.0	-0.07037407456009798	7.73562317981111e-05	8.977680986146979e-05
All	HepG2	PCBP1-RBFOX2	1	2083000	456	0.02189150264042247	2611	0.12534805568891022	17777	0.8534325492078733	0.7047975161264683	0.0	0.0	0.17573519849070757	1.5318647828611246e-117	3.655183149838514e-117	0.056463381050373324	3.6545963761888026e-97	8.349502996246506e-97	-0.07240837636926946	8.558311460209768e-05	9.913845327853115e-05
All	HepG2	QKI-RBFOX2	2	2083000	831	0.039894383101296206	8472	0.40672107537205954	24110	1.157465194431109	0.7056740917363032	0.0	0.0	-0.06846849037523134	5.907417654101113e-64	1.2009158257350289e-63	0.005866202090742735	0.011887521880343187	0.013201237236391895	0.05090232410533726	0.00010615734100525106	0.00012274132224741844
All	HepG2	CSTF2T-SFPQ	5	2083000	520	0.02496399423907825	24452	1.173883821411426	1686	0.08094095055208833	0.706485960555697	0.0	0.0	-0.07787882366786096	2.625936279092958e-251	7.6911309027462e-251	-0.12989891081297153	4.729660368361349e-36	8.256864710868119e-36	0.06893985084822342	0.00024421532174097587	0.0002809734070437559
All	K562	PCBP1-PTBP1	6	2252043	415	0.018427712081874104	13994	0.6213913322258944	4678	0.20772249908194473	0.7213350748460229	0.0	0.0	-0.013624050470149416	5.675380743188749e-06	6.732025526469571e-06	-0.12203352664053324	2.7787927091807083e-115	6.579670093002597e-115	-0.06667990737389033	0.00024550519978226953	0.0002820115491922724
All	K562	IGF2BP2-RBFOX2	4	2252043	29	0.0012877196394562626	22649	1.005709038415341	18963	0.8420354318279002	0.7192223265745593	0.0	0.0	0.2107099899594887	0.0	0.0	-0.04202772955332259	1.934321808025863e-61	3.874913702949703e-61	-0.22754251801520106	0.00044069506957682624	0.0005052867402569177
All	K562	FMR1-FXR2	2	2252043	26860	1.1926948108894901	50034	2.2217160151915394	57271	2.5430686714241246	0.7186794346835838	0.0	0.0	0.020174194383491214	1.8864909488173433e-18	2.772536043683991e-18	0.0669106314109204	2.961172687535718e-242	8.57145068335866e-242	0.013029838554030166	0.00045618873955682095	0.0005225665264988236
All	HepG2	HNRNPK-IGF2BP3	4	2083000	72	0.0034565530484877583	14584	0.700144023043687	5830	0.27988478156505037	0.7053234489188215	0.0	0.0	-0.060016082601282376	2.9505726517372194e-92	6.618707436564797e-92	0.20567299081718457	0.0	0.0	0.14248492064305202	0.0007005515021991412	0.0008002603111997584
All	K562	CPEB4-CSTF2T	4	2252043	117	0.0051952826833235426	266	0.011811497382598821	17177	0.7627296636875939	0.722203529126954	0.0	0.0	0.255148819866344	4.0417984245852743e-19	6.004402467292547e-19	-0.16471920908006604	0.0	0.0	0.14116173188165965	0.0010657524568389348	0.0012140737665003903
All	K562	RBFOX2-SF3B4	2	2252043	4163	0.18485437445022143	16181	0.718503154691096	247252	10.979008837753097	0.7193579953662553	0.0	0.0	-0.026986136487911695	2.755604314776952e-17	3.9835402725898393e-17	0.016238746979148948	3.9284811526587515e-104	9.109948789279956e-104	0.020386271394488332	0.001250303522123721	0.0014203815747655505
All	HepG2	GTF2F1-PCBP1	6	2083000	356	0.017090734517522802	8312	0.3990398463754201	4597	0.22069131060969754	0.7056050570239178	0.0	0.0	-0.045941909713695384	6.622686233388602e-31	1.1061675924957178e-30	0.023187916331421837	2.01248094377078e-05	2.371235887989213e-05	0.06388348692017062	0.0013443775573527494	0.0015258500099981616
All	K562	APOBEC3C-HNRNPK	4	2252043	43	0.0019093773964351478	4809	0.2135394395222471	18911	0.8397264173019787	0.7213696827630645	0.0	0.0	0.17503390515133438	1.3358109607354463e-262	3.949909922174669e-262	-0.0907308498184025	1.8464516283539006e-277	5.525942403499809e-277	0.16126912236908475	0.0025590604339389986	0.002885947715646535
All	HepG2	RBFOX2-SF3B4	2	2083000	4313	0.20705712914066252	24110	1.157465194431109	116358	5.58607777244359	0.7053300825181252	0.0	0.0	0.008528709218006972	0.0007399766827301539	0.0008445163248887074	0.0016520987483317818	0.12856483510818187	0.13770029132904055	-0.01799721091107061	0.002905763792395574	0.0032739508180500724
All	HepG2	QKI-RBFOX2	5	2083000	764	0.03667786845895343	13906	0.6675948151704273	41555	1.9949591934709552	0.7066232872997776	0.0	0.0	-0.08742483957492363	1.9670099252081474e-175	5.228439285069399e-175	-0.027141060828248922	3.980452817747045e-53	7.723453191107297e-53	-0.039173879043189516	0.003185752717147328	0.0035861478673898882
All	K562	SF3B4-TAF15	1	2252043	29	0.0012877196394562626	117909	5.235646033401671	242	0.01074579837063502	0.7188365508845	0.0	0.0	0.040906887357773425	0.0	0.0	0.034722134561531344	0.14617943023652352	0.15589109212454105	0.20312063409274767	0.003255199869770151	0.0036609891165021897
All	HepG2	RBM22-TIA1	6	2083000	555	0.026644263082093132	25164	1.2080652904464715	7409	0.3556889102256361	0.7061887902965511	0.0	0.0	-0.03785868748864208	1.6367179157858401e-62	3.300135960703586e-62	-0.06617026097060494	6.633871668431661e-54	1.2953341835989785e-53	-0.045976058053530555	0.00356777439312011	0.004008881045360415
All	K562	APOBEC3C-PCBP1	5	2252043	37	0.0016429526434441973	4985	0.22135456560998168	8869	0.3938201890461239	0.720897217260455	0.0	0.0	-0.03303737489990389	2.8342333987030505e-11	3.7587043785375216e-11	0.04007617494968048	4.465867127710628e-27	7.243847466995192e-27	0.1656720907978604	0.004074718995130671	0.004574343940037701
All	K562	MBNL1-RBFOX2	5	2252043	342	0.015186210920484201	1961	0.08707649010254245	21494	0.954422273464583	0.7212180113327913	0.0	0.0	-0.18127668952922782	4.953364399598104e-97	1.1295864202773537e-96	-0.008838496393301637	0.00024437412020391394	0.0002809734070437559	0.05815887049616113	0.005382658263936933	0.006020783361290543
All	K562	PTBP1-ZC3H8	6	2252043	50	0.0022202062749245906	4678	0.20772249908194473	167	0.007415488958248133	0.7212403083682791	0.0	0.0	-0.13337222280215077	7.0696147038887526e-149	1.783274239593163e-148	0.2390930249650614	1.2167472477187264e-13	1.6840980942669044e-13	0.16409888946882678	0.005532840698518537	0.006183174596174423
All	K562	PTBP1-QKI	3	2252043	410	0.018205691454381643	12959	0.5754330623349555	8638	0.3835628360559723	0.722299151088194	0.0	0.0	-0.14563348051682976	0.0	0.0	-0.12648133387868585	1.126918132983018e-236	3.2242379915903015e-236	0.04748517550243584	0.008024473501133542	0.008935359682343295
All	K562	IGF2BP2-RBFOX2	6	2252043	216	0.00959129110767423	31274	1.388694620839833	8049	0.35740880613736065	0.7205385713820912	0.0	0.0	0.013829417541842545	3.952835546187904e-12	5.33956801648989e-12	0.07274861105119525	8.126556510455123e-76	1.7140655028878041e-75	-0.06247539627143851	0.009652618259391845	0.010738646416389127
All	HepG2	HNRNPK-PCBP1	1	2083000	694	0.03331733077292367	9578	0.45981757081132985	2611	0.12534805568891022	0.7053053074938267	0.0	0.0	-0.008825005827907227	0.018968586917832427	0.020951897614335014	0.1851892151978627	3.976060320274519e-116	9.450789530498664e-116	-0.03913061196466057	0.015191736432278039	0.016840346394883996
All	HepG2	FUBP3-U2AF2	5	2083000	86	0.0041286605856937116	725	0.03480556889102256	122107	5.862073931829093	0.7096536122359671	0.0	0.0	-0.3013257562109174	5.49242500849187e-103	1.271280395223961e-102	-0.06927618949726323	0.0	0.0	-0.0942260851324392	0.020314406095136316	0.022418398154989718
All	HepG2	FUBP3-RBFOX2	3	2083000	230	0.011041766682669228	775	0.0372059529524724	45069	2.1636581853096493	0.7064698925485893	0.0	0.0	-0.19984787419998892	1.053491115473641e-39	1.8898621461907406e-39	-0.04246393791089345	1.7858826359795706e-139	4.468321736985322e-139	0.06393539782313773	0.021775539998667163	0.024009426796032664
All	K562	PUM2-RBFOX2	3	2252043	127	0.00563932393830846	4689	0.20821094446242813	24510	1.0883451159680344	0.7207801934888033	0.0	0.0	0.180338066046482	1.1242494221868712e-266	3.332307639863244e-266	-0.01608050518136518	7.994520387115329e-13	1.0979141331638385e-12	0.07043074958309317	0.02513761052934591	0.027667040618229336
All	K562	EWSR1-NONO	1	2252043	2391	0.10617026406689392	5930	0.2633164642060565	8172	0.3628705135736751	0.7212442446030323	0.0	0.0	-0.0008517608505764193	0.8845870672486946	0.8896253987952697	-0.06428316520499665	1.688299100029195e-44	3.11453386214341e-44	-0.022699029965286895	0.027737107322884702	0.030446771448566157
All	K562	GTF2F1-PCBP1	1	2252043	416	0.018472116207372595	9743	0.4326293947318057	8129	0.36096113617723996	0.7212973988034479	0.0	0.0	-0.04808350366030258	2.8205705604555556e-40	5.074563628417855e-40	-0.027073361463881476	1.0116315734918164e-11	1.3576293429271281e-11	-0.03796865867925048	0.03416843002326252	0.0373736101847367
All	K562	EWSR1-HNRNPK	6	2252043	20	0.0008880825099698363	4464	0.19822001622526747	11388	0.5056741811768248	0.7207731180107775	0.0	0.0	-0.006316097308717292	0.22785572328981346	0.24132791258458391	0.04401461949801254	4.648748138079892e-41	8.425003956989363e-41	0.16537835979989993	0.03454086971464497	0.03774758175711864
All	K562	CSTF2T-EWSR1	1	2252043	2402	0.10665870944737733	10041	0.4458618241303563	5930	0.2633164642060565	0.7213115064101707	0.0	0.0	-0.06842500294111162	1.1257343638234357e-65	2.3036550888837193e-65	-0.016730582373897775	0.00441596401529088	0.004952932416424254	0.02087634368420611	0.03788489152522321	0.041328972572970774
All	HepG2	RBFOX2-SF3B4	6	2083000	2683	0.12880460873739796	14707	0.7060489678348536	93415	4.4846375420067215	0.7028840324015292	0.0	0.0	0.013347629275112937	3.68852563643047e-05	4.3131671585885154e-05	0.05631088780303636	0.0	0.0	-0.015364390702189977	0.04447758215718586	0.048435499159719585
All	K562	EWSR1-RBM15	3	2252043	566	0.025132735032146365	15693	0.6968339414478321	25671	1.1398983056717833	0.7207115161368379	0.0	0.0	-0.09570315360626518	3.897560252429107e-248	1.1388615773055264e-247	0.08183098535689777	2.8507323957323676e-299	8.743189183933514e-299	0.028741040805121833	0.05680865152217343	0.06159253796614593
All	K562	SF3B4-TAF15	3	2252043	21	0.0009324866354683281	127986	5.683106406049973	714	0.03170454560592316	0.7132116120928855	0.0	0.0	0.13674463375559068	0.0	0.0	0.0009969016156212685	0.9397910347878091	0.9436082201443803	0.14652304301208618	0.05690153976198667	0.06163917891833087
All	K562	MBNL1-RBFOX2	4	2252043	439	0.01949341109383791	2058	0.09138369027589616	18963	0.8420354318279002	0.7214110602874081	0.0	0.0	-0.074958311677137	5.431247926980904e-18	7.91630004451462e-18	-0.041739445085496395	3.67663803239868e-59	7.2709193728716305e-59	-0.033150661155722974	0.08013784663696166	0.0865824986392348
All	K562	RBFOX2-SF3B4	1	2252043	2434	0.10807964146332907	10513	0.4668205713656445	117909	5.235646033401671	0.7188571052959575	0.0	0.0	-0.00451417919123206	0.2454903619605754	0.25933853622501807	0.040754001004103035	0.0	0.0	0.01375845497828281	0.09064188395449221	0.09776035651636333
All	K562	U2AF1-U2AF2	5	2252043	15707	0.6974555992048109	19863	0.8819991447765428	59370	2.636272930845459	0.7222731893332324	0.0	0.0	-0.045108968928992126	8.007030335507323e-17	1.1481078300100987e-16	-0.031093414695678473	5.459207902998665e-76	1.1534326441207435e-75	-0.010177541558824369	0.1068834797355961	0.11497648472863078
All	HepG2	PCBP1-RBFOX2	5	2083000	425	0.02040326452232357	2907	0.13955832933269324	41555	1.9949591934709552	0.7060534156333406	0.0	0.0	0.005811612569725488	0.4134559878205004	0.42907775058449915	-0.02865585910525315	1.840441466885086e-59	3.6454898286377665e-59	-0.029559757333102732	0.11311004658839792	0.12146309086295382
All	HepG2	HNRNPK-IGF2BP3	3	2083000	28	0.0013442150744119058	21375	1.0261641862698032	2264	0.1086893903024484	0.7057014869458866	0.0	0.0	-0.04593985767714737	1.7537679306148817e-79	3.737339934896541e-79	0.23217619641726403	3.129058852157346e-211	8.789810775605637e-211	0.10436574574255213	0.12100609087068676	0.129829451663341
All	HepG2	HNRNPK-LARP4	6	2083000	165	0.007921267402784446	8640	0.414786365818531	29299	1.4065770523283725	0.7052455721274812	0.0	0.0	0.03027324793153282	3.834310255988257e-15	5.385463041365325e-15	0.008251887884877207	7.72895438718993e-05	8.977680986146979e-05	-0.042773738246898084	0.1251216712531528	0.13412869528958965
All	HepG2	CSTF2T-SFPQ	1	2083000	138	0.006625060009601536	9075	0.4356697071531445	336	0.01613058089294287	0.7056280313175258	0.0	0.0	-0.021063971789720155	1.9531275633936537e-08	2.4508280897000566e-08	-0.3014083343478385	4.179841616742248e-33	7.185374462160527e-33	-0.05767021793360532	0.14340416498096903	0.15306351288124154
All	K562	PTBP1-ZC3H8	5	2252043	932	0.04138464496459437	7682	0.34111249207941413	1588	0.070513751291605	0.7211442420015118	0.0	0.0	-0.06555320496446798	1.2596466539176005e-53	2.4518476602238647e-53	0.0755531665350725	2.9067433482685607e-08	3.632694417047463e-08	0.025928221320591693	0.15603247950208812	0.1661120970409827
All	HepG2	FUBP3-U2AF2	3	2083000	230	0.011041766682669228	775	0.0372059529524724	102736	4.932117138742199	0.7063364146628909	0.0	0.0	-0.19981806603905908	1.1020437225023928e-39	1.974095711612982e-39	-0.01586355453763092	1.6172110146603584e-44	2.9878517400899896e-44	0.03768433634855576	0.17589827518615214	0.18710005863174187
All	K562	U2AF1-U2AF2	1	2252043	10643	0.4725931076804484	14104	0.6262757860307285	33305	1.4788793997272698	0.721353160349698	0.0	0.0	-0.06286746257449244	3.127137021910059e-26	5.0066597915554825e-26	0.004811917754611727	0.03879918830746665	0.04228906238803243	-0.009725408445352489	0.17745540381231426	0.18859404910749822
All	K562	MBNL1-RBFOX2	6	2252043	43	0.0019093773964351478	1297	0.05759215077154388	8049	0.35740880613736065	0.7206677822663351	0.0	0.0	0.11129633256619997	1.3685108118753623e-29	2.2613360474304113e-29	0.07035332690180005	1.4822717063174957e-72	3.094742954406123e-72	0.06851976756800195	0.2064520799420278	0.21884628714266413
All	HepG2	SRSF9-TRA2A	4	2083000	70	0.003360537686029765	4411	0.21176188190110418	10428	0.500624099855977	0.7042782643718228	0.0	0.0	0.1767729910992857	1.9059617666838126e-237	5.465820750861236e-237	0.16637871574016574	0.0	0.0	-0.050937114068394	0.23332504870437118	0.24690904126592703
All	HepG2	RBFOX2-SUPV3L1	2	2083000	596	0.028612578012481998	24110	1.157465194431109	3431	0.1647143542966875	0.7052451250088164	0.0	0.0	0.0020891864652108766	0.3679250489379219	0.38343622300781743	0.12699385206350133	2.620126560115969e-81	5.632132918788414e-81	0.01865841364369315	0.24680750238689242	0.26050732105055424
All	K562	PTBP1-ZC3H8	3	2252043	1811	0.08041587127776867	12959	0.5754330623349555	3274	0.1453791068820622	0.7217878778399034	0.0	0.0	-0.1556463277860809	0.0	0.0	0.07115197178415485	6.024538000523682e-15	8.452132768044575e-15	-0.013728640556907477	0.27950349425899007	0.29426432615341713
All	HepG2	HNRNPK-U2AF2	4	2083000	129	0.0061929908785405665	14584	0.700144023043687	166791	8.007249159865578	0.7086198611912997	0.0	0.0	-0.06157914863508126	1.4396220303791912e-96	3.2709059366703682e-96	-0.03380546738825928	2.7755296673882185e-306	8.576386672229596e-306	0.03216397963826162	0.304007451671683	0.3195180359406464
All	K562	DDX42-U2AF2	4	2252043	43	0.0019093773964351478	324	0.014386936661511349	71444	3.172408342114249	0.7199300345178999	0.0	0.0	0.25471765231483207	1.8630783047702541e-34	3.2161519339330085e-34	0.03212232469275763	1.524310039204745e-129	3.730786551400128e-129	-0.0573165231533953	0.3157070165939475	0.33153260196271805
All	K562	FXR1-FXR2	5	2252043	7799	0.34630777476273766	17661	0.784221260428864	30056	1.3346103959826698	0.7192013803469515	0.0	0.0	0.16823200030607688	0.0	0.0	0.036253645038315706	8.225983705861901e-54	1.6036775805118787e-53	-0.005746007612091193	0.3200184612800111	0.3357748880662935
All	HepG2	HNRNPK-LARP4	2	2083000	323	0.015506481036965915	9177	0.4405664906385022	32602	1.5651464234277483	0.7056606054045365	0.0	0.0	-0.0024815337984836713	0.510219705440418	0.524215757210604	-0.0104020626987481	1.6012582822012427e-07	1.9595596403967684e-07	-0.019622210145696668	0.32995290093561724	0.3456116826749347
All	HepG2	PCBP2-RBFOX2	1	2083000	768	0.03686989918386942	10499	0.5040326452232357	17777	0.8534325492078733	0.7048744069546367	0.0	0.0	0.022599182604501455	3.2501945519473174e-10	4.2331301013771174e-10	0.0586252108947463	9.875242661828487e-103	2.2772014794813452e-102	-0.013068852537216926	0.3343495762682852	0.34962443000643023
All	HepG2	CSTF2T-TAF15	2	2083000	126	0.006048967834853577	19976	0.959001440230437	142	0.006817090734517523	0.7064723028218989	0.0	0.0	-0.1055862826707811	0.0	0.0	0.27527769717810524	0.0018501691383535864	0.0020922315233348884	0.08807437790885733	0.3482653075283737	0.3638680643322654
All	HepG2	HNRNPK-IGF2BP3	5	2083000	45	0.0021603456553048487	16670	0.800288046087374	2654	0.12741238598175708	0.7047728949310496	0.0	0.0	0.05980202236217118	1.6633638770077532e-104	3.86450705259696e-104	0.18153469418356574	3.0730924757033735e-151	7.783488319609365e-151	0.04820149963431975	0.36541462635397437	0.3811413317919935
All	HepG2	SF3B4-TAF15	5	2083000	186	0.008929428708593375	117524	5.642054728756601	360	0.01728276524243879	0.7059413392954369	0.0	0.0	-0.008869410338077022	7.337092269998915e-17	1.053268994856987e-16	0.2640960170263949	7.169562193365047e-23	1.1021864267411938e-22	-0.030719021252588713	0.410577125281937	0.42644817382224715
All	K562	CSTF2T-TAF15	2	2252043	21	0.0009324866354683281	18752	0.8326661613477184	179	0.007948338464230036	0.7219215324389539	0.0	0.0	-0.11476118328513721	0.0	0.0	0.2425341637635702	2.2650938604561487e-18	3.3250071395769595e-18	-0.06378975101260832	0.4311105860110964	0.4466493581808174
All	HepG2	U2AF1-U2AF2	2	2083000	14582	0.700048007681229	19508	0.9365338454152664	142906	6.860585693710994	0.7074848777987233	0.0	0.0	0.007171740146862753	0.15529515047655293	0.1654696603353616	-0.030597689899340624	9.229799795674058e-198	2.5407644871833265e-197	0.004422487397453531	0.45490970815172205	0.4705174889334966
All	HepG2	PCBP2-QKI	2	2083000	254	0.012193951032165145	18158	0.8717234757561209	8472	0.40672107537205954	0.7062063262414526	0.0	0.0	-0.05404245224680309	4.5867812816969605e-92	1.0233324303569392e-91	-0.06231937077783819	3.526201623792386e-57	6.940103832814314e-57	0.01691730780682248	0.45600292218424565	0.47125385603656156
All	HepG2	SF3B4-TAF15	4	2083000	185	0.008881421027364379	79134	3.7990398463754205	929	0.044599135861737874	0.6989757321321411	0.0	0.0	0.17431693148615962	0.0	0.0	-0.2604945493364295	1.878202953900242e-90	4.152878087693558e-90	0.021380264096530335	0.4604388697491637	0.4754406374352267
All	K562	RBFOX2-SUPV3L1	5	2252043	64	0.0028418640319034763	21494	0.954422273464583	112	0.004973262055831083	0.7210807199817449	0.0	0.0	-0.0113093714049844	2.3177025910699755e-06	2.7758531032582267e-06	0.2655859466849049	1.3281755987757e-07	1.630213545269876e-07	-0.04756042026168183	0.4754666587342137	0.4905482388943974
All	HepG2	PCBP2-QKI	1	2083000	52	0.0024963994239078253	10499	0.5040326452232357	8227	0.3949591934709553	0.7055211860917322	0.0	0.0	0.02566441743080797	1.4127489016108144e-13	1.953196467998844e-13	-0.041993173859325245	9.169738864462268e-27	1.4796079943179325e-26	-0.03464435274014739	0.4826179982344476	0.4975111307904731
All	K562	CPEB4-CSTF2T	3	2252043	23	0.0010212948864653118	52	0.0023090145259215744	23498	1.0434081409635607	0.7216443379809694	0.0	0.0	0.2705280758121089	2.9525200997699254e-05	3.4623480486865536e-05	-0.06388868302890453	1.623920718738869e-171	4.270565975236685e-171	0.06586844314881984	0.49890323186125896	0.5134424601003464
All	HepG2	SF3B4-TAF15	2	2083000	46	0.002208353336533845	116358	5.58607777244359	142	0.006817090734517523	0.705403886306245	0.0	0.0	0.0011131454703527935	0.297159923547701	0.3125869493659221	0.24684611369374246	8.18426822305031e-12	1.0995386438793677e-11	0.04198468061660856	0.5082159824571748	0.5225914761373278
All	K562	PPIL4-RBFOX2	5	2252043	24	0.0010656990119638037	249	0.011056627249124462	21494	0.954422273464583	0.7210623169548454	0.0	0.0	0.23909768304518822	8.569089853033324e-25	1.3492223004266482e-24	-0.01096220051330858	4.586994262241442e-06	5.4619700463684224e-06	0.04786470051329913	0.5230212443709064	0.536802976341226
All	HepG2	CSTF2T-SFPQ	4	2083000	64	0.0030724915986557848	15295	0.7342774843975036	102	0.004896783485357657	0.7066966075775264	0.0	0.0	-0.1615604707513063	0.0	0.0	-0.5698413444195993	2.910094212324396e-23	4.50172271143048e-23	0.046244270093403234	0.5233394712711791	0.536802976341226
All	K562	CSTF2T-NONO	6	2252043	2172	0.09644576058272422	10384	0.46109243917633896	10203	0.453055292461112	0.7213256462132458	0.0	0.0	0.011845444872967908	0.00212604634669693	0.002402004830454667	-0.08614235646103878	3.7253349705189875e-108	8.737218261027454e-108	-0.005551985085591324	0.5494345915557604	0.5621698304328806
All	HepG2	SF3B4-TAF15	1	2083000	24	0.0011521843494959193	70027	3.3618338934229475	645	0.03096495439270283	0.7036490353079375	0.0	0.0	0.052782203353262606	0.0	0.0	0.19330024005438534	3.177215475438219e-42	5.809228295327868e-42	0.04181018795110933	0.5699388113870281	0.5826669734279294
All	K562	RBFOX2-SUPV3L1	2	2252043	64	0.0028418640319034763	16181	0.718503154691096	83	0.0036855424163748205	0.7211211628007858	0.0	0.0	-0.02022397349757078	2.2330728032239823e-13	3.073583501987575e-13	0.2769314687781092	0.0005390915700875981	0.0006163896213027486	-0.05003178308134401	0.583178990202275	0.5942367946331508
All	K562	CPSF6-RBM15	4	2252043	317	0.014076107783021903	5091	0.22606140291282184	44403	1.9716763845095322	0.7181208362197236	0.0	0.0	0.12312308920970064	1.8513767182733284e-131	4.558369768497677e-131	0.1310545028902037	0.0	0.0	0.010633748336543018	0.5998704200895555	0.6102385508071527
All	K562	QKI-RBFOX2	4	2252043	20	0.0008880825099698363	7563	0.33582840114509355	18963	0.8420354318279002	0.7221377827014346	0.0	0.0	-0.23123250628621148	0.0	0.0	-0.04476682773124442	2.376874485523712e-69	4.904535666289329e-69	0.03961155131605161	0.611941275350143	0.6220060989578756
All	K562	DDX21-RBFOX2	5	2252043	176	0.00781512608773456	213	0.009458078731178756	21494	0.954422273464583	0.7210818370401053	0.0	0.0	0.2772019467436797	1.3391360452836243e-06	1.6179590928353467e-06	-0.01267138577824899	1.3006236324652437e-07	1.59798291225352e-07	-0.031720352551006074	0.61535129830827	0.6249582618808723
All	K562	APOBEC3C-PCBP1	3	2252043	36	0.0015985485179457052	1898	0.08427903019613746	9455	0.4198410065882401	0.7207726491324686	0.0	0.0	0.25086188362800804	2.652951604057553e-211	7.469358046959306e-211	3.0833190504847806e-05	0.9931683042161572	0.9931683042161572	0.027209634049025017	0.6435153665811502	0.6524897400281392
All	K562	CPSF6-NONO	5	2252043	208	0.009236058103686298	3963	0.17597354935052306	17984	0.7985637929648768	0.7214197674397764	0.0	0.0	0.0861698464084189	1.0645825941075856e-51	2.0527676853618967e-51	-0.07361030524355969	7.56009380387028e-173	1.9966401584580483e-172	0.011467806779971425	0.6461840726300857	0.6546586178449064
All	K562	DDX42-U2AF2	1	2252043	265	0.01176709325710033	606	0.02690890005208604	33305	1.4788793997272698	0.7213025569814605	0.0	0.0	-0.3088230848406864	4.4380820300136614e-60	8.833284040413665e-60	-0.01579079850688094	3.1162184467096093e-16	4.447628175673299e-16	-0.010977352879170591	0.7013829432850861	0.7099994413598415
All	K562	APOBEC3C-PCBP1	4	2252043	132	0.005861344565800919	4809	0.2135394395222471	12221	0.5426628177170685	0.720109220207191	0.0	0.0	0.17464810286315902	1.406513628072766e-256	4.1490473610929326e-256	0.09269953155060216	8.164629007569764e-187	2.208201630931341e-186	-0.009744733408807004	0.7527691796171743	0.7607708143964247
All	K562	DDX21-RBFOX2	1	2252043	42	0.0018649732709366562	61	0.0027086516554080007	10513	0.4668205713656445	0.7209542409116001	0.0	0.0	0.2776773380357762	0.0005208044211509447	0.0005960317264283034	0.005008990871414858	0.14265698777048336	0.15239761182741351	-0.027223903152103466	0.7778649643856579	0.7854910914874781
All	HepG2	QKI-RBFOX2	1	2083000	302	0.014498319731156983	8227	0.3949591934709553	17777	0.8534325492078733	0.7051499632041625	0.0	0.0	-0.044059616201005264	1.8486987423456264e-28	3.042598729080152e-28	0.05941741877010054	2.725126791644284e-108	6.4035298754226896e-108	0.005442565352585845	0.7946970603722919	0.8018331156082881
All	K562	HNRNPK-HNRNPU	5	2252043	101	0.004484816675347673	17550	0.7792924024985313	118	0.005239686808822034	0.7207138890728744	0.0	0.0	0.03358145736531563	8.935218518863597e-37	1.5687400695050293e-36	0.15490375798595538	0.06709782294966742	0.07255722586683196	0.020830598546167638	0.8198760043748623	0.8265634106095675
All	K562	CSTF2T-TAF15	3	2252043	151	0.006705022950272264	23498	1.0434081409635607	714	0.03170454560592316	0.7216446059707851	0.0	0.0	-0.06368769501861256	1.537018651249227e-169	4.024904773186535e-169	0.012874044118016754	0.3811687033772575	0.3965694590692679	0.007046528373532989	0.8259526858296313	0.8320110184885284
All	HepG2	HNRNPK-PCBP1	4	2083000	553	0.026548247719635144	14584	0.700144023043687	4086	0.19615938550168027	0.7057587040040517	0.0	0.0	-0.06186885295992648	1.1128176004080834e-94	2.5145202086003494e-94	0.08037829005199112	1.73074571017443e-41	3.15051796432341e-41	0.0023349330449461275	0.887155087151656	0.8914826729426397
All	K562	U2AF1-U2AF2	6	2252043	24880	1.1047746424024765	30532	1.3557467597199522	83323	3.699884948910834	0.7219037325687396	0.0	0.0	-0.049059606595630134	4.5070953112463094e-26	7.197377008656896e-26	-0.006961746359954436	1.9203533655020673e-06	2.30890735385268e-06	0.00032636234826082205	0.9512942564620832	0.9543828741778692
All	K562	DDX21-RBFOX2	3	2252043	113	0.005017666181329575	117	0.0051952826833235426	24510	1.0883451159680344	0.7211494730259412	0.0	0.0	0.029975526974043827	0.8635429759201358	0.8691686630596808	-0.015240549797684303	1.1428331942930085e-11	1.5287249222361023e-11	-0.010424273211137241	0.9531649524395904	0.955484088576913
All	HepG2	RBFOX2-SF3B4	5	2083000	10264	0.49275084013442155	41555	1.9949591934709552	117524	5.642054728756601	0.7064051665171636	0.0	0.0	-0.02766573664915081	7.590212507716181e-43	1.391914341177626e-42	-0.006560280259465063	3.403066299581978e-09	4.336278295137449e-09	0.00014421360268447044	0.9724430413905631	0.9740191241156695
