Cell Line	Sorted RBP Pair	PPI	Abs. SHAP Sum Value
HepG2	NCBP2-U2AF2	false	1.6425307537429035
HepG2	GRWD1-PRPF8	false	1.5366461819794495
HepG2	AQR-DDX3X	false	1.4266325264361512
HepG2	DDX3X-SND1	false	1.37509122811025
HepG2	AQR-SRSF1	false	1.1687464965507388
HepG2	AQR-RPS3	false	1.1164280835073441
HepG2	GRWD1-U2AF2	false	1.0678969666478224
HepG2	BCLAF1-PRPF8	false	1.032356409006752
HepG2	PRPF8-RBM22	false	0.9453988131135702
HepG2	PPIG-SF3B4	false	0.933621842355933
HepG2	PPIG-PRPF8	false	0.8990713593084365
HepG2	KHSRP-U2AF2	false	0.864325919188559
HepG2	PTBP1-SF3B4	false	0.8538817623630166
HepG2	PRPF8-SND1	false	0.8447035864810459
HepG2	BCLAF1-LIN28B	false	0.8405170366131642
HepG2	RPS3-SND1	false	0.8229782975977287
HepG2	DDX3X-G3BP1	false	0.8153005164349452
HepG2	AQR-IGF2BP1	false	0.8122414712852333
HepG2	PPIG-U2AF2	true	0.8061284853611141
HepG2	IGF2BP1-IGF2BP3	true	0.800404422916472
HepG2	DDX3X-HNRNPM	false	0.7994218570675002
HepG2	PRPF8-U2AF1	false	0.7944100415261346
HepG2	AQR-BUD13	false	0.7683936967514455
HepG2	PRPF8-RPS3	false	0.7484763625543565
HepG2	AQR-PRPF8	false	0.7311225264857057
HepG2	DDX3X-RPS3	false	0.7156597152352333
HepG2	PRPF8-QKI	false	0.7042098994443222
HepG2	DDX3X-PRPF8	false	0.7040376030199695
HepG2	GRWD1-IGF2BP1	false	0.7014552002074197
HepG2	DDX3X-LIN28B	false	0.6995258446549997
HepG2	AQR-RBM22	false	0.6917102665393031
HepG2	LARP4-PRPF8	false	0.6903424963238649
HepG2	LIN28B-RPS3	false	0.6742179148714058
HepG2	SND1-U2AF2	false	0.6575737781822681
HepG2	SUB1-U2AF2	false	0.6448356331384275
HepG2	IGF2BP1-KHSRP	false	0.6357388021424413
HepG2	DDX55-SF3B4	false	0.6283143563196063
HepG2	TIA1-ZNF800	false	0.6273385658860207
HepG2	G3BP1-PRPF8	false	0.6232383683673106
HepG2	DDX3X-TRA2A	false	0.615110844373703
HepG2	KHSRP-PRPF8	false	0.6107238664990291
HepG2	GRWD1-LIN28B	false	0.6064957986818627
HepG2	AGGF1-PRPF8	false	0.5820089366116008
HepG2	GRWD1-RPS3	false	0.5817408539005555
HepG2	AQR-LIN28B	false	0.5791330696083605
HepG2	RBM22-SF3A3	false	0.5514057974360185
HepG2	BCLAF1-HNRNPC	false	0.5502531817619456
HepG2	SF3B4-SRSF1	false	0.5475494861602783
HepG2	FAM120A-RBM22	false	0.531326349824667
HepG2	LARP4-RPS3	false	0.5254196260357276
HepG2	HNRNPK-PRPF8	false	0.5254138129675994
HepG2	LIN28B-SDAD1	false	0.5224047154188156
HepG2	IGF2BP1-LIN28B	false	0.5221910807304084
HepG2	PRPF8-U2AF2	false	0.519468603131827
HepG2	BUD13-PPIG	false	0.5166224886197597
HepG2	AQR-SF3B4	false	0.5131732982117683
HepG2	DDX3X-NCBP2	false	0.5067667979747057
HepG2	BCLAF1-U2AF2	false	0.5059076475445181
HepG2	BUD13-EFTUD2	true	0.4953665123102837
HepG2	PRPF8-SUB1	false	0.4910597011912614
HepG2	IGF2BP1-PRPF8	false	0.49048167932778597
HepG2	DDX3X-EFTUD2	false	0.48140091937966645
HepG2	NKRF-U2AF2	false	0.47218501195311546
HepG2	SF3B4-TIA1	false	0.46243511885404587
HepG2	GRWD1-SF3B4	false	0.4587120430660434
HepG2	QKI-U2AF2	false	0.4581463048234582
HepG2	CSTF2T-PRPF4	false	0.45614294774713926
HepG2	PRPF8-SRSF1	false	0.45532361161895096
HepG2	DDX3X-GRWD1	false	0.4548757153788756
HepG2	PPIG-RBM22	false	0.4538006266957382
HepG2	BCLAF1-DDX3X	false	0.4534881914732978
HepG2	PRPF8-SF3B4	true	0.45346798063837923
HepG2	SF3A3-SF3B4	false	0.45323168009053916
HepG2	BUD13-DDX3X	false	0.4405332761525642
HepG2	SF3B4-TARDBP	false	0.43944872729480267
HepG2	PRPF4-PTBP1	false	0.43813079968094826
HepG2	PRPF8-PTBP1	false	0.4333665440790355
HepG2	DDX3X-PPIG	false	0.4324021337888553
HepG2	CSTF2T-PTBP1	false	0.43156903982162476
HepG2	LIN28B-U2AF2	false	0.4306962084956467
HepG2	BUD13-PRPF8	true	0.4302034925785847
HepG2	G3BP1-LIN28B	false	0.41886519984109327
HepG2	DDX3X-TIAL1	false	0.41882976461783983
HepG2	LIN28B-SF3B4	false	0.4081876440322958
HepG2	PRPF8-ZNF800	false	0.40283230040222406
HepG2	GRWD1-SRSF1	false	0.4004634450539015
HepG2	EFTUD2-SF3B4	true	0.39484619933500653
HepG2	U2AF2-ZNF800	false	0.38907868694514036
HepG2	RPS3-SUB1	false	0.38656220212578773
HepG2	U2AF1-U2AF2	true	0.3863362497650087
HepG2	PCBP1-PRPF8	false	0.38588294154033065
HepG2	HNRNPC-PRPF8	false	0.3843614895013161
HepG2	SF3A3-U2AF2	false	0.3794846823439002
HepG2	PPIG-SRSF1	false	0.3726813974790275
HepG2	G3BP1-RPS3	false	0.3698525067884475
HepG2	SF3B4-U2AF1	false	0.36362169313360937
HepG2	QKI-RBM22	false	0.3512429624097422
HepG2	EFTUD2-RBM22	false	0.34777243132703006
HepG2	SUGP2-U2AF2	false	0.34334411285817623
HepG2	DGCR8-U2AF2	false	0.34264597948640585
HepG2	BCLAF1-IGF2BP1	false	0.33415397885255516
HepG2	IGF2BP1-TARDBP	false	0.33331423540221294
HepG2	SF3B4-XPO5	false	0.32938600331544876
HepG2	DDX3X-LARP4	false	0.32887796754948795
HepG2	PRPF8-SF3A3	false	0.3245325925236102
HepG2	KHSRP-RBM22	false	0.324008966475958
HepG2	PABPN1-SF3B4	false	0.3198315037880093
HepG2	HNRNPL-IGF2BP1	true	0.31453871726989746
HepG2	EFTUD2-HNRNPC	false	0.30892417510040104
HepG2	NKRF-PRPF8	false	0.3043636232614517
HepG2	RBM22-RPS3	false	0.30414828285574913
HepG2	GRWD1-RBM22	false	0.3024109057732858
HepG2	DDX3X-SF3B4	false	0.29068471892969683
HepG2	LIN28B-NOLC1	false	0.2852983456104994
HepG2	IGF2BP3-RPS3	false	0.27682891953736544
HepG2	IGF2BP1-SF3B4	false	0.2747105937451124
HepG2	PPIG-RBFOX2	false	0.2734514317999128
HepG2	LIN28B-PRPF8	false	0.2731161373667419
HepG2	DDX3X-PTBP1	false	0.2714056449767668
HepG2	ILF3-PRPF8	false	0.27065862886956893
HepG2	CDC40-IGF2BP1	false	0.26912328973412514
HepG2	NKRF-SF3B4	false	0.26837867964059114
HepG2	LARP4-LIN28B	false	0.26553243010130245
HepG2	EIF3D-U2AF2	false	0.26449154573492706
HepG2	BUD13-LARP4	false	0.2642726544290781
HepG2	BUD13-CSTF2T	false	0.26396579574793577
HepG2	DROSHA-PRPF8	false	0.2619977374561131
HepG2	FXR2-U2AF2	false	0.2601304352283478
HepG2	RBM5-U2AF2	false	0.25949737429618835
HepG2	PTBP1-RBM22	false	0.2591017552949779
HepG2	PRPF8-ZC3H11A	false	0.25812920928001404
HepG2	IGF2BP1-RBM22	false	0.2549413394713156
HepG2	HNRNPK-SF3B4	false	0.2548392512835562
HepG2	PCBP1-RBM22	false	0.2537198909558356
HepG2	DGCR8-HNRNPM	false	0.25294309854507446
HepG2	PCBP1-U2AF2	false	0.2492588134482503
HepG2	IGF2BP1-U2AF2	false	0.2474541767151095
HepG2	GRWD1-PTBP1	false	0.24318304649568745
HepG2	DGCR8-PPIG	false	0.23806412634439766
HepG2	G3BP1-IGF2BP1	false	0.23753559729084373
HepG2	DDX3X-SUB1	false	0.2370111820710008
HepG2	SRSF1-U2AF2	false	0.23354187048971653
HepG2	GTF2F1-PRPF8	false	0.23151975177461281
HepG2	QKI-SF3B4	false	0.227846722031245
HepG2	DDX3X-PCBP1	false	0.22763483645394444
HepG2	LIN28B-PTBP1	false	0.2275861445814371
HepG2	RBFOX2-RBM22	false	0.22742745652794838
HepG2	IGF2BP1-QKI	false	0.22647996246814728
HepG2	DDX3X-SF3A3	false	0.22615367267280817
HepG2	IGF2BP1-SUB1	false	0.22454636543989182
HepG2	BUD13-GRWD1	false	0.22379355202428997
HepG2	FASTKD2-SF3B4	false	0.22376616299152374
HepG2	NCBP2-PRPF8	false	0.2228555934270844
HepG2	BCLAF1-RPS3	false	0.22062488125448
HepG2	DDX3X-QKI	false	0.21675133292592363
HepG2	AQR-RBFOX2	false	0.212903443723917
HepG2	BCLAF1-SRSF1	false	0.2103644796879962
HepG2	AQR-U2AF2	true	0.20991294956911588
HepG2	PRPF8-UCHL5	false	0.20983923765015788
HepG2	IGF2BP1-TIA1	false	0.20535115897655487
HepG2	LIN28B-QKI	false	0.20402226713486016
HepG2	DDX3X-PRPF4	false	0.20324067067122087
HepG2	SF3B4-XRN2	false	0.20299935434013605
HepG2	RBM22-SND1	false	0.20157833909615874
HepG2	RPS3-SF3A3	false	0.20000951690599322
HepG2	BUD13-RBM22	true	0.19974610954523087
HepG2	HNRNPM-LIN28B	false	0.1989634931087494
HepG2	DDX3X-HNRNPK	false	0.19804277271032333
HepG2	PPIG-PTBP1	false	0.196697506995406
HepG2	SF3B4-ZNF800	false	0.19425137271173298
HepG2	HNRNPC-RBM22	false	0.19356124103069305
HepG2	DDX3X-DGCR8	false	0.192978173494339
HepG2	DDX59-SF3B4	false	0.19233570247888565
HepG2	NCBP2-SF3B4	false	0.19162684283219278
HepG2	BUD13-PABPN1	true	0.19028708175756037
HepG2	RBM22-SF3B4	false	0.1898517182271462
HepG2	PRPF8-SUGP2	false	0.18861548801942263
HepG2	U2AF2-UCHL5	false	0.18829168076626956
HepG2	QKI-RPS3	false	0.18748160016548354
HepG2	PRPF8-TIA1	false	0.18636764585971832
HepG2	LSM11-RBM22	false	0.18378556170500815
HepG2	HLTF-LIN28B	false	0.17957164719700813
HepG2	G3BP1-RBM22	false	0.17812302336096764
HepG2	EFTUD2-RBFOX2	false	0.17743016430176795
HepG2	LIN28B-PPIG	false	0.17688457025815296
HepG2	PRPF8-TARDBP	false	0.17637788504362106
HepG2	GRWD1-TIA1	false	0.17607393790967762
HepG2	DDX3X-RBM22	false	0.17459558323025703
HepG2	PRPF8-TRA2A	false	0.17367242043837905
HepG2	DDX3X-TIA1	false	0.17324427608400583
HepG2	DDX3X-U2AF2	false	0.17299595003714785
HepG2	IGF2BP1-YBX3	false	0.1723882332444191
HepG2	RBFOX2-SF3A3	false	0.1723838895559311
HepG2	IGF2BP1-U2AF1	false	0.17234775074757636
HepG2	BUD13-NCBP2	false	0.17205914028454572
HepG2	AKAP1-PRPF8	false	0.16915080573380692
HepG2	G3BP1-RBFOX2	false	0.16788807744160295
HepG2	PCBP1-SF3B4	false	0.16704780259169638
HepG2	RPS3-SF3B4	false	0.16634390008402988
HepG2	BUD13-ZC3H11A	false	0.1654711849987507
HepG2	BUD13-IGF2BP1	false	0.16311239097558428
HepG2	RBM22-TARDBP	false	0.16248331079259515
HepG2	PRPF4-U2AF2	false	0.15860275807790458
HepG2	TIAL1-U2AF2	false	0.15755519276717678
HepG2	LIN28B-SND1	false	0.15592541097430512
HepG2	LARP4-SF3B4	false	0.15549737319815904
HepG2	CSTF2T-GRWD1	false	0.15513427928090096
HepG2	BUD13-SF3B4	true	0.15305270766839385
HepG2	DROSHA-RBM22	false	0.15297803282737732
HepG2	BCLAF1-SF3B4	false	0.15261074516456574
HepG2	DDX3X-FKBP4	false	0.15095425420440733
HepG2	LARP4-RBFOX2	false	0.1494406834244728
HepG2	G3BP1-SF3B4	false	0.1493288359779399
HepG2	PRPF8-RBFOX2	false	0.14902268920559436
HepG2	PTBP1-SND1	false	0.1481546014547348
HepG2	SF3B4-SND1	false	0.14568398892879486
HepG2	PTBP1-RPS3	false	0.1454680271417601
HepG2	SF3A3-TIA1	false	0.1452360434923321
HepG2	DDX3X-RBFOX2	false	0.14458300732076168
HepG2	DDX3X-PCBP2	false	0.1442568888887763
HepG2	BUD13-RBFOX2	false	0.1433626910438761
HepG2	LIN28B-ZNF800	false	0.13916572742164135
HepG2	IGF2BP1-RPS3	false	0.13805914763361216
HepG2	DGCR8-NCBP2	true	0.13579848704466713
HepG2	FUS-SF3A3	false	0.1353132575750351
HepG2	NCBP2-RBM22	false	0.13370437175035477
HepG2	CSTF2T-DDX3X	false	0.13241353118792176
HepG2	DDX3X-DDX55	false	0.13152262569201412
HepG2	CSTF2T-IGF2BP1	false	0.1314587821252644
HepG2	MATR3-RPS3	false	0.12997062504291534
HepG2	PCBP2-PRPF8	false	0.12974477575335186
HepG2	PRPF8-SRSF9	false	0.12924736365675926
HepG2	DGCR8-NKRF	false	0.12922950088977814
HepG2	AQR-TIA1	false	0.12816835893318057
HepG2	NOLC1-PRPF8	false	0.12321533414069563
HepG2	TARDBP-U2AF2	false	0.12247399019543082
HepG2	PABPN1-RBM22	false	0.12216504290699959
HepG2	PRPF8-TIAL1	false	0.12204687081975862
HepG2	SF3B4-U2AF2	false	0.12199012573728396
HepG2	LIN28B-XRN2	false	0.1219380795955658
HepG2	CSTF2T-PRPF8	false	0.12179917984758504
HepG2	FKBP4-RBM22	false	0.12157387845218182
HepG2	G3BP1-U2AF2	false	0.12156666373630287
HepG2	BUD13-RPS3	false	0.1215438200160861
HepG2	BUD13-QKI	false	0.12142212310573086
HepG2	GRWD1-RBFOX2	false	0.1208054322632961
HepG2	AQR-CSTF2T	false	0.11859258858021349
HepG2	FKBP4-SF3B4	false	0.11807066202163696
HepG2	RBM22-SUB1	false	0.11749398382380605
HepG2	BCLAF1-RBM22	false	0.11635879796813242
HepG2	IGF2BP1-ILF3	true	0.11617407947778702
HepG2	PRPF8-YBX3	false	0.11373361729783937
HepG2	BCLAF1-RBFOX2	false	0.11286168359220028
HepG2	BUD13-U2AF2	false	0.11269408441148698
HepG2	CSTF2T-EFTUD2	false	0.11264498252421618
HepG2	IGF2BP3-PRPF8	false	0.1123089250177145
HepG2	LIN28B-RBM22	false	0.11219097301363945
HepG2	KHSRP-RPS3	false	0.1119290366768837
HepG2	RPS3-U2AF1	false	0.1116972342133522
HepG2	BCLAF1-BUD13	true	0.11144099157536402
HepG2	DGCR8-SF3A3	false	0.11104784905910492
HepG2	GTF2F1-SF3B4	false	0.1110145803540945
HepG2	PRPF4-PRPF8	false	0.11004341847728938
HepG2	PABPN1-PRPF8	false	0.10917291860096157
HepG2	RBFOX2-U2AF2	false	0.10836654156446457
HepG2	HNRNPC-UCHL5	false	0.10800328105688095
HepG2	PRPF8-RBM15	false	0.10799686424434185
HepG2	DGCR8-LARP4	false	0.10680662840604782
HepG2	DDX3X-GTF2F1	false	0.10678671859204769
HepG2	NCBP2-RBFOX2	false	0.10598493256838992
HepG2	BUD13-G3BP1	false	0.10519067553104833
HepG2	DKC1-PRPF8	false	0.1047643143683672
HepG2	CSTF2T-SF3B4	false	0.10336429531162139
HepG2	AQR-PTBP1	false	0.10259918607380314
HepG2	IGF2BP1-XRN2	false	0.10220717638731003
HepG2	LARP4-RBM22	false	0.10201404470717534
HepG2	DDX3X-XRN2	false	0.10198991000652313
HepG2	PRPF8-SMNDC1	false	0.10068376827985048
HepG2	ILF3-RBM22	false	0.10004943609237671
HepG2	HNRNPK-LIN28B	false	0.09997618570923805
HepG2	IGF2BP1-PTBP1	false	0.09971397370100021
HepG2	IGF2BP3-LIN28B	false	0.09935357421636581
HepG2	RBM15-SF3B4	false	0.09902378730475903
HepG2	PPIG-RPS3	false	0.09892460900300648
HepG2	LIN28B-YBX3	false	0.09882286190986633
HepG2	DDX3X-PABPN1	false	0.09702686779201031
HepG2	DDX3X-IGF2BP1	false	0.09654708503512666
HepG2	LIN28B-SUB1	false	0.09611968509852886
HepG2	RBM15-U2AF2	false	0.0953781510470435
HepG2	BCLAF1-DGCR8	true	0.09403092414140701
HepG2	EIF3D-LIN28B	false	0.09401071071624756
HepG2	BUD13-SND1	false	0.09349373023724183
HepG2	MATR3-RBM22	false	0.0926462858915329
HepG2	RBM22-UCHL5	false	0.09218661487102509
HepG2	SF3B4-TRA2A	false	0.09216583054512739
HepG2	TIA1-UCHL5	false	0.09183602553093806
HepG2	HLTF-RBM22	false	0.09112144261598587
HepG2	DDX3X-IGF2BP3	false	0.09042021632194519
HepG2	LSM11-PRPF8	false	0.09005098626948893
HepG2	PTBP1-SF3A3	false	0.0890292227268219
HepG2	RBM22-RBM5	false	0.08853741083294153
HepG2	IGF2BP1-ZNF800	false	0.0877081910148263
HepG2	CSTF2T-PPIG	false	0.0876316548383329
HepG2	DGCR8-XRN2	false	0.08703421801328659
HepG2	PRPF4-SF3B4	false	0.08640398958232254
HepG2	CSTF2T-PABPN1	false	0.08617110922932625
HepG2	DGCR8-PCBP1	false	0.08590807020664215
HepG2	LIN28B-TIA1	false	0.08557497709989548
HepG2	HNRNPK-U2AF2	false	0.0853311880491674
HepG2	GRWD1-HNRNPL	false	0.08509524166584015
HepG2	EFTUD2-PRPF8	true	0.0849526865495136
HepG2	DGCR8-TIAL1	false	0.08495064824819565
HepG2	RBFOX2-XRN2	false	0.0846308134496212
HepG2	RBM22-U2AF1	false	0.08438698202371597
HepG2	HNRNPC-NKRF	false	0.08426406979560852
HepG2	HLTF-PRPF8	false	0.0838328127283603
HepG2	FXR2-RBM22	false	0.08340755105018616
HepG2	EFTUD2-SRSF1	false	0.08250041884639359
HepG2	PABPN1-SRSF1	false	0.08224473986774683
HepG2	DGCR8-SMNDC1	false	0.08136218786239624
HepG2	RBFOX2-XPO5	false	0.08125226944684982
HepG2	LIN28B-UCHL5	false	0.08103205263614655
HepG2	LSM11-U2AF2	false	0.08068647235631943
HepG2	AQR-DGCR8	false	0.0799376368522644
HepG2	DDX3X-RBM5	false	0.07954409436206333
HepG2	FUBP3-PRPF8	false	0.07933473226148635
HepG2	LIN28B-NCBP2	false	0.07927420425403398
HepG2	KHSRP-LIN28B	false	0.07909193309023976
HepG2	DGCR8-EFTUD2	false	0.0790102924220264
HepG2	HNRNPL-IGF2BP3	true	0.07852239906787872
HepG2	LIN28B-PABPN1	false	0.07851938589010388
HepG2	CSTF2T-DDX55	false	0.07838226109743118
HepG2	FUS-NCBP2	false	0.07830016314983368
HepG2	HLTF-SRSF1	false	0.07818484120070934
HepG2	FUBP3-LIN28B	false	0.07788215391337872
HepG2	HNRNPC-SRSF9	false	0.07768630236387253
HepG2	DDX3X-YBX3	false	0.0770230907946825
HepG2	HNRNPC-U2AF1	false	0.07679338753223419
HepG2	ILF3-RBFOX2	false	0.07655827701091766
HepG2	HNRNPC-U2AF2	false	0.07652203738689423
HepG2	EIF3D-IGF2BP1	false	0.07640120387077332
HepG2	IGF2BP1-TRA2A	false	0.07631989568471909
HepG2	SRSF1-UCHL5	false	0.07629572600126266
HepG2	BCLAF1-TIA1	false	0.07628142833709717
HepG2	NKRF-XPO5	false	0.076161939650774
HepG2	PPIG-XPO5	false	0.07497593345760833
HepG2	RPS3-SDAD1	false	0.07451150380074978
HepG2	RBM22-ZNF800	false	0.07363585103303194
HepG2	RBM22-SRSF1	false	0.07323089614510536
HepG2	EIF3D-PRPF8	false	0.0732049661455676
HepG2	HNRNPL-SRSF7	false	0.07299541682004929
HepG2	RBM5-SF3B4	false	0.07274861796759069
HepG2	PRPF8-XPO5	false	0.07241582311689854
HepG2	BCLAF1-CSTF2T	false	0.07161975931376219
HepG2	CDC40-LIN28B	false	0.07145476341247559
HepG2	IGF2BP1-PABPN1	false	0.07066820561885834
HepG2	HLTF-IGF2BP1	false	0.06947711110115051
HepG2	EIF3H-XPO5	false	0.06927844882011414
HepG2	PRPF8-SDAD1	false	0.06823142105713487
HepG2	RBFOX2-SND1	false	0.06818193942308426
HepG2	LIN28B-PCBP1	false	0.06730947643518448
HepG2	DDX3X-FUBP3	false	0.06714244435715955
HepG2	RBM5-XPO5	false	0.06707805395126343
HepG2	DGCR8-ILF3	false	0.06670989841222763
HepG2	DGCR8-TARDBP	false	0.0666314959526062
HepG2	DDX59-DGCR8	false	0.06600383669137955
HepG2	HNRNPL-LIN28B	false	0.06560070812702179
HepG2	LIN28B-SF3A3	false	0.06541549228131771
HepG2	DDX3X-EIF3H	false	0.06523337215185165
HepG2	NCBP2-TIA1	false	0.06502579152584076
HepG2	NCBP2-PTBP1	false	0.06496905535459518
HepG2	BUD13-RBM15	false	0.06487414240837097
HepG2	RBM22-XPO5	false	0.0647437646985054
HepG2	TIA1-U2AF2	false	0.06328598689287901
HepG2	NOLC1-RBM22	false	0.06294193863868713
HepG2	BUD13-SUPV3L1	false	0.06266114115715027
HepG2	BUD13-YBX3	false	0.062062930315732956
HepG2	GRWD1-HNRNPC	false	0.06205830391991185
HepG2	BUD13-TIA1	false	0.06123747117817402
HepG2	G3BP1-TIA1	false	0.06115688569843769
HepG2	AQR-CSTF2	false	0.06103580817580223
HepG2	PTBP1-TRA2A	false	0.06093564257025719
HepG2	G3BP1-SRSF1	false	0.060744032729417086
HepG2	TIA1-YBX3	false	0.06029718369245529
HepG2	IGF2BP3-U2AF2	false	0.05882667796686292
HepG2	DDX55-PRPF8	false	0.05773724417667836
HepG2	U2AF2-ZC3H11A	false	0.05734885111451149
HepG2	BUD13-DGCR8	false	0.05635461397469044
HepG2	IGF2BP1-LARP4	false	0.05598499719053507
HepG2	EFTUD2-LIN28B	false	0.054474942066008225
HepG2	IGF2BP1-SF3A3	false	0.05409236601553857
HepG2	PABPN1-RPS3	false	0.0539139099419117
HepG2	CSTF2T-HNRNPM	false	0.05373295769095421
HepG2	BUD13-DDX55	false	0.05309019051492214
HepG2	DGCR8-SRSF1	false	0.05268803611397743
HepG2	DGCR8-UCHL5	false	0.05260400474071503
HepG2	BUD13-ILF3	false	0.052351461723446846
HepG2	DGCR8-YBX3	false	0.05229949951171875
HepG2	FXR2-LIN28B	false	0.05181010626256466
HepG2	LARP4-U2AF2	false	0.05177355132764205
HepG2	SDAD1-XPO5	false	0.05169151723384857
HepG2	HNRNPC-RBM15	false	0.05166047811508179
HepG2	PCBP1-XPO5	false	0.05147910118103027
HepG2	RBM15-RBM22	false	0.050816893577575684
HepG2	ILF3-RPS3	false	0.050751660179230385
HepG2	PTBP1-RBM15	false	0.050744205713272095
HepG2	PRPF4-RPS3	false	0.05068635195493698
HepG2	RBM22-U2AF2	false	0.05051803644528263
HepG2	HNRNPM-RPS3	false	0.05044940114021301
HepG2	DGCR8-HLTF	false	0.050373971462249756
HepG2	RBFOX2-SRSF1	false	0.05026079714298248
HepG2	CSTF2T-ILF3	false	0.049859434366226196
HepG2	RPS3-XRN2	false	0.04778103530406952
HepG2	EFTUD2-U2AF2	false	0.04752765042940155
HepG2	DDX3X-FAM120A	false	0.04714185371994972
HepG2	BUD13-ZNF800	false	0.04705393314361572
HepG2	PRPF4-RBM22	false	0.04677548527251929
HepG2	RPS3-UCHL5	false	0.046503785997629166
HepG2	NCBP2-RPS3	false	0.046271862665889785
HepG2	BUD13-PTBP1	false	0.045920320379082114
HepG2	HLTF-HNRNPC	false	0.04589788615703583
HepG2	DDX55-RPS3	false	0.045882247388362885
HepG2	HNRNPC-LIN28B	false	0.045879852026700974
HepG2	EFTUD2-PTBP1	false	0.045820691681001335
HepG2	GTF2F1-XPO5	false	0.045816261694199056
HepG2	HNRNPC-TIA1	false	0.04569428041577339
HepG2	CSTF2T-DROSHA	false	0.04554080590605736
HepG2	DGCR8-ZNF800	false	0.04453316639410332
HepG2	HNRNPC-ZNF800	false	0.04451443627476692
HepG2	FUBP3-RBM22	false	0.044072676450014114
HepG2	RBFOX2-RPS3	false	0.04370288923382759
HepG2	RBM22-SUGP2	false	0.04292488843202591
HepG2	SF3B4-UCHL5	false	0.04283585026860237
HepG2	BUD13-GTF2F1	false	0.04220988880842924
HepG2	QKI-RBFOX2	false	0.04136036243289709
HepG2	KHSRP-SRSF1	false	0.04123134911060333
HepG2	RBFOX2-SFPQ	false	0.04113093018531799
HepG2	CDC40-U2AF2	false	0.041089790873229504
HepG2	BUD13-DDX59	false	0.040790461003780365
HepG2	PRPF8-RBM5	false	0.04079019237542525
HepG2	DGCR8-RBM22	false	0.040717353054787964
HepG2	SF3A3-SRSF1	false	0.04045556765049696
HepG2	DDX6-PRPF8	false	0.04026892117690295
HepG2	PTBP1-QKI	false	0.0402049645781517
HepG2	PTBP1-UCHL5	false	0.04003269225358963
HepG2	HNRNPK-RBM22	false	0.039480600506067276
HepG2	HNRNPC-SUB1	false	0.03879095707088709
HepG2	BUD13-PRPF4	false	0.03864173706097063
HepG2	AKAP1-RBFOX2	false	0.038592275232076645
HepG2	SRSF1-U2AF1	false	0.03825752343982458
HepG2	FXR2-PRPF8	false	0.03803916655306239
HepG2	PABPN1-U2AF2	true	0.037672267739253584
HepG2	DKC1-U2AF2	false	0.037320226430892944
HepG2	TIA1-U2AF1	false	0.037088533863425255
HepG2	SDAD1-SF3B4	false	0.03688622312620282
HepG2	KHSRP-TIA1	false	0.03664620406925678
HepG2	RPS3-U2AF2	false	0.036551057040924206
HepG2	RBM22-XRN2	false	0.035530042834579945
HepG2	BUD13-SRSF1	false	0.03537399836932309
HepG2	CSTF2T-FAM120A	false	0.03525917790830135
HepG2	TIA1-TIAL1	true	0.03485270403325558
HepG2	RBM5-SRSF1	false	0.03483658144250512
HepG2	IGF2BP1-SND1	false	0.03458636440336704
HepG2	DDX3X-TARDBP	false	0.0345148055057507
HepG2	SRSF1-TARDBP	false	0.03376436606049538
HepG2	HLTF-SF3B4	false	0.032079778145998716
HepG2	RBM15-TIA1	false	0.03169582411646843
HepG2	IGF2BP1-PPIG	false	0.03155087195773376
HepG2	RPS3-ZNF800	false	0.031194427981972694
HepG2	EFTUD2-TIA1	false	0.030316045507788658
HepG2	NOL12-SF3B4	false	0.030245650559663773
HepG2	BUD13-SF3A3	false	0.029367876704782248
HepG2	EFTUD2-IGF2BP1	false	0.02891183621250093
HepG2	PRPF8-XRN2	false	0.02870061688554415
HepG2	FXR2-RPS3	false	0.028625139966607094
HepG2	SF3B4-SUGP2	false	0.027650000527501106
HepG2	BUD13-U2AF1	false	0.027467600724776275
HepG2	RPS3-YBX3	false	0.027319571512634866
HepG2	DDX3X-SRSF7	false	0.027245537377893925
HepG2	RBFOX2-ZC3H11A	false	0.027144070714712143
HepG2	RBFOX2-TIAL1	false	0.02713552676141262
HepG2	EFTUD2-XPO5	false	0.02713257074356079
HepG2	BUD13-LIN28B	false	0.026906457729637623
HepG2	BUD13-HNRNPC	false	0.026881076395511627
HepG2	EIF3D-SRSF1	false	0.02677699364721775
HepG2	FUBP3-TIA1	false	0.026379629969596863
HepG2	SRSF7-U2AF2	false	0.026150993071496487
HepG2	SRSF1-SRSF9	false	0.025938168168067932
HepG2	SRSF1-ZC3H11A	false	0.025905493646860123
HepG2	BUD13-XRN2	false	0.02585805207490921
HepG2	KHSRP-RBFOX2	false	0.02566530369222164
HepG2	DDX3X-SRSF1	false	0.02533565799240023
HepG2	RBFOX2-WDR43	false	0.02494215965270996
HepG2	DDX55-U2AF2	false	0.024512264877557755
HepG2	LARP4-PTBP1	false	0.024464046582579613
HepG2	DDX59-RBM22	false	0.024340445175766945
HepG2	SF3B4-SUB1	false	0.024236647557700053
HepG2	EIF3H-SF3B4	false	0.02394888736307621
HepG2	FUBP3-RBFOX2	false	0.023778440430760384
HepG2	DDX59-PRPF8	false	0.023664869368076324
HepG2	IGF2BP3-RBM22	false	0.02349676378071308
HepG2	PTBP1-RBFOX2	false	0.023241661489009857
HepG2	GTF2F1-U2AF2	false	0.022900346666574478
HepG2	PRPF4-RBFOX2	false	0.022701390087604523
HepG2	PPIG-TIA1	false	0.02251688385149464
HepG2	GRSF1-SF3B4	false	0.02211412414908409
HepG2	AKAP1-CSTF2T	false	0.021627221256494522
HepG2	SF3B4-SMNDC1	false	0.020851217210292816
HepG2	HNRNPC-KHSRP	false	0.020039528608322144
HepG2	IGF2BP1-PCBP1	false	0.01946813240647316
HepG2	HNRNPK-PTBP1	true	0.019113820046186447
HepG2	CSTF2T-KHSRP	false	0.019035667181015015
HepG2	FAM120A-SF3B4	false	0.019030405208468437
HepG2	DDX59-IGF2BP1	false	0.018589826300740242
HepG2	BUD13-FXR2	true	0.01850995607674122
HepG2	IGF2BP1-SRSF7	false	0.018351441249251366
HepG2	BUD13-RBM5	false	0.018235212191939354
HepG2	CDC40-DDX3X	false	0.01752304658293724
HepG2	NCBP2-SRSF1	false	0.017424866324290633
HepG2	CSTF2-PABPN1	false	0.017388351261615753
HepG2	HNRNPL-SF3B4	false	0.016099024564027786
HepG2	RBFOX2-UCHL5	false	0.016087534837424755
HepG2	RBFOX2-SF3B4	false	0.01576039314386435
HepG2	EIF3H-U2AF2	false	0.015743186697363853
HepG2	AKAP1-TIA1	false	0.015676632523536682
HepG2	LIN28B-NKRF	false	0.01565157063305378
HepG2	RPS3-TIAL1	false	0.015637900680303574
HepG2	SRSF1-ZNF800	false	0.015344982966780663
HepG2	CSTF2T-ZC3H11A	false	0.015306445420719683
HepG2	LIN28B-PRPF4	false	0.015301905084925238
HepG2	CSTF2T-NCBP2	false	0.015301467850804329
HepG2	FXR2-SF3B4	false	0.015289341014067759
HepG2	BUD13-UPF1	false	0.015269389376044273
HepG2	HNRNPL-SND1	false	0.01515901554375887
HepG2	PRPF4-SRSF1	false	0.014975912868976593
HepG2	BUD13-IGF2BP3	false	0.014696727506816387
HepG2	CSTF2-PRPF8	true	0.014649265445768833
HepG2	BUD13-HNRNPK	false	0.0145523592364043
HepG2	BUD13-SMNDC1	false	0.014501860365271568
HepG2	TRA2A-U2AF2	false	0.01410593744367361
HepG2	DDX3X-NIP7	false	0.014020618051290512
HepG2	HNRNPM-U2AF2	false	0.013803022913634777
HepG2	NKRF-RBM22	false	0.012904630973935127
HepG2	PRPF8-UPF1	false	0.012634922750294209
HepG2	U2AF2-YBX3	false	0.012519228854216635
HepG2	DDX3X-U2AF1	false	0.012316741034737788
HepG2	RBFOX2-U2AF1	false	0.012243219651281834
HepG2	IGF2BP1-NKRF	false	0.012145712040364742
HepG2	RPS3-WDR43	false	0.012118512764573097
HepG2	HNRNPL-RBM22	false	0.012070417404174805
HepG2	PCBP2-U2AF2	false	0.0119429100304842
HepG2	DDX59-RBFOX2	false	0.011268355883657932
HepG2	LIN28B-U2AF1	false	0.011175202205777168
HepG2	DROSHA-SF3B4	false	0.01099993847310543
HepG2	DDX3X-FUS	false	0.010952458716928959
HepG2	HLTF-U2AF2	false	0.010879891226068139
HepG2	DDX3X-SDAD1	false	0.010620662942528725
HepG2	SF3B4-TIAL1	false	0.01059907051967457
HepG2	CSTF2T-SF3A3	false	0.010512390173971653
HepG2	LIN28B-RBFOX2	false	0.010295774787664413
HepG2	CSTF2T-RBFOX2	false	0.010149098001420498
HepG2	AKAP1-U2AF2	false	0.01012060884386301
HepG2	LIN28B-TIAL1	false	0.0100294518051669
HepG2	KHSRP-SF3B4	false	0.009953339584171772
HepG2	DROSHA-SRSF1	false	0.009820207953453064
HepG2	LSM11-SF3B4	false	0.009733479470014572
HepG2	DDX3X-HNRNPC	false	0.009642614051699638
HepG2	CSTF2-SF3B4	false	0.009379753842949867
HepG2	FAM120A-PRPF8	false	0.008529854705557227
HepG2	DROSHA-U2AF2	false	0.00838189757814689
HepG2	DDX3X-NOLC1	false	0.008219326846301556
HepG2	DGCR8-SF3B4	false	0.008012612350285053
HepG2	PABPN1-RBFOX2	false	0.0077823910396546125
HepG2	DDX6-SF3B4	false	0.007758822292089462
HepG2	PTBP1-U2AF2	false	0.007628563325852156
HepG2	CSTF2T-SMNDC1	false	0.007621051277965307
HepG2	DDX3X-ZC3H11A	false	0.007503911387175322
HepG2	AQR-HNRNPC	false	0.007211833813926205
HepG2	LSM11-RBFOX2	false	0.007198413833975792
HepG2	FUS-U2AF2	true	0.007183070883911569
HepG2	GTF2F1-TIA1	false	0.005755581893026829
HepG2	EFTUD2-RPS3	false	0.005697992048226297
HepG2	CSTF2T-IGF2BP3	false	0.0056913988664746284
HepG2	IGF2BP1-NCBP2	false	0.005617318209260702
HepG2	DGCR8-GTF2F1	false	0.005524842534214258
HepG2	FXR2-PTBP1	false	0.005389866419136524
HepG2	BCLAF1-XPO5	false	0.005148514173924923
HepG2	BUD13-TARDBP	false	0.005055881571024656
HepG2	MATR3-PRPF8	false	0.004882172215729952
HepG2	FUS-HNRNPK	false	0.004868789110332727
HepG2	RPS3-TRA2A	false	0.004613000899553299
HepG2	FASTKD2-SRSF1	false	0.004475495312362909
HepG2	RBM22-TIAL1	false	0.0043513779528439045
HepG2	BUD13-KHSRP	false	0.00427921861410141
HepG2	AGGF1-LIN28B	false	0.004259541630744934
HepG2	LSM11-SRSF1	false	0.0040540434420108795
HepG2	PCBP2-SF3B4	false	0.003974292776547372
HepG2	IGF2BP1-TIAL1	false	0.003748108691070229
HepG2	CSTF2T-LIN28B	false	0.0037420582957565784
HepG2	RPS3-SRSF1	true	0.0037096947780810297
HepG2	CSTF2T-DDX59	false	0.003633564803749323
HepG2	SRSF9-TIA1	false	0.003375695087015629
HepG2	TIA1-TRA2A	false	0.0031724406871944666
HepG2	BCLAF1-PTBP1	false	0.0029435079432005296
HepG2	SF3B4-SLTM	false	0.002922278828918934
HepG2	LIN28B-PCBP2	false	0.0026819242630153894
HepG2	BUD13-TIAL1	false	0.002370006637647748
HepG2	DGCR8-RBM5	false	0.002103437203913927
HepG2	PCBP2-TIA1	false	0.001967228250578046
HepG2	DDX55-SRSF1	false	0.0018879600102081895
HepG2	LIN28B-SRSF1	false	0.0018579838797450066
HepG2	CSTF2T-GTF2F1	false	0.0017809778219088912
HepG2	CSTF2T-G3BP1	false	0.0017203092575073242
HepG2	BUD13-NKRF	false	0.0016703254077583551
HepG2	HNRNPK-SRSF1	false	0.0016279227565973997
HepG2	DGCR8-GRWD1	false	0.0015041000442579389
HepG2	HNRNPC-PPIG	false	0.0014995995807112195
HepG2	SF3B4-YBX3	false	0.0013807874420308508
HepG2	IGF2BP1-SRSF1	false	0.001295098103582859
HepG2	DGCR8-PRPF8	false	0.001164234763564309
HepG2	DGCR8-PRPF4	false	0.0009965375065803528
HepG2	NKRF-TIA1	false	0.0009028775966726243
HepG2	GTF2F1-PTBP1	false	0.0008229907834902406
HepG2	SRSF1-TIAL1	false	0.0007937770569697022
HepG2	PCBP2-PTBP1	false	0.0007817477453500032
HepG2	PCBP2-RBM22	false	0.0007120046066120267
HepG2	PABPN1-TIA1	false	0.0007016228628344834
HepG2	HNRNPM-PRPF8	false	0.0006652213342022151
HepG2	SUB1-XPO5	false	0.0006490424275398254
HepG2	IGF2BP1-RBM15	false	0.0006368184112943709
HepG2	IGF2BP1-PRPF4	false	0.0006305054994300008
HepG2	DDX3X-DDX6	false	0.0005846377462148666
HepG2	SRSF1-SUB1	false	0.0005744216032326221
HepG2	HNRNPK-RBFOX2	false	0.0005385184776969254
HepG2	BUD13-TRA2A	false	0.000515870691742748
HepG2	BUD13-HNRNPM	false	0.0005103751900605857
HepG2	RBM22-SMNDC1	false	0.00043645588448271155
HepG2	ILF3-SF3B4	false	0.00038657622098980937
HepG2	G3BP1-HNRNPC	false	0.0003822688013315201
HepG2	RBM22-UPF1	false	0.0003716055362019688
HepG2	DDX3X-XPO5	false	0.0003312673943582922
HepG2	FTO-U2AF2	false	0.0003064734337385744
HepG2	DDX3X-RBM15	false	0.0003015740658156574
HepG2	HNRNPM-SF3B4	false	0.0002769393031485379
HepG2	ILF3-U2AF2	false	0.000276578328339383
HepG2	HNRNPC-SF3A3	false	0.00025765073223738
HepG2	CSTF2T-NKRF	false	0.0002428357838653028
HepG2	CSTF2T-DDX6	false	0.00023943372070789337
HepG2	DDX3X-ZNF800	false	0.0002233348786830902
HepG2	NOLC1-SF3B4	false	0.00020801316713914275
HepG2	RBFOX2-YBX3	false	0.0001753440301399678
HepG2	RPS3-TARDBP	false	0.00016573841276112944
HepG2	EIF3H-LIN28B	false	0.00015902634186204523
HepG2	ILF3-LIN28B	false	0.0001447626855224371
HepG2	EIF3H-PRPF8	false	0.00012570738908834755
HepG2	DDX3X-KHSRP	false	0.0001251697540283203
HepG2	PRPF8-WDR43	false	0.00012249911378603429
HepG2	BUD13-HLTF	false	0.00012096636783098802
HepG2	HNRNPC-LARP4	false	0.00011961338168475777
HepG2	DDX3X-WDR43	false	0.00011298113713564817
HepG2	DDX6-U2AF2	false	0.00010869652032852173
HepG2	FKBP4-PRPF8	false	0.00008667919246363454
HepG2	CSTF2T-HNRNPK	false	0.00007672474748687819
HepG2	TROVE2-U2AF2	false	0.00006446242332458496
HepG2	FUS-GRWD1	false	0.00003242721868446097
HepG2	SF3B4-SRSF9	false	0.00003208464113413356
HepG2	HNRNPC-TIAL1	false	0.00002447242513881065
HepG2	EFTUD2-FUS	false	0.00002317292455700226
HepG2	BUD13-FUBP3	false	0.000022714330043527298
HepG2	AQR-FUS	false	0.000022449554307968356
HepG2	DGCR8-G3BP1	false	0.00001922622323036194
HepG2	AKAP1-SF3B4	false	0.000018986207578564063
HepG2	FUS-PRPF8	false	0.000012934197002323344
HepG2	DDX3X-ILF3	false	0.000011771917343139648
HepG2	HNRNPC-PABPN1	false	0.000011325813829898834
HepG2	G3BP1-PTBP1	false	0.000010748703971330542
HepG2	IGF2BP3-SF3B4	false	0.000010239218681817874
HepG2	XPO5-ZNF800	false	0.0
HepG2	XPO5-ZC3H11A	false	0.0
HepG2	XPO5-YBX3	false	0.0
HepG2	XPO5-XRN2	false	0.0
HepG2	WDR43-XPO5	false	0.0
HepG2	UPF1-XPO5	false	0.0
HepG2	UCHL5-XPO5	false	0.0
HepG2	U2AF2-XRN2	false	0.0
HepG2	U2AF2-XRCC6	false	0.0
HepG2	U2AF2-XPO5	false	0.0
HepG2	U2AF2-WDR43	false	0.0
HepG2	U2AF2-UPF1	false	0.0
HepG2	U2AF1-XPO5	false	0.0
HepG2	TRA2A-XPO5	false	0.0
HepG2	TIAL1-XPO5	false	0.0
HepG2	TIA1-ZC3H11A	false	0.0
HepG2	TIA1-XRN2	false	0.0
HepG2	TIA1-XRCC6	false	0.0
HepG2	TIA1-XPO5	false	0.0
HepG2	TIA1-WDR43	false	0.0
HepG2	TIA1-UTP18	false	0.0
HepG2	TIA1-UPF1	false	0.0
HepG2	TIA1-TROVE2	false	0.0
HepG2	TARDBP-XPO5	false	0.0
HepG2	TARDBP-TIA1	false	0.0
HepG2	TAF15-ZNF800	false	0.0
HepG2	TAF15-YBX3	false	0.0
HepG2	TAF15-XPO5	false	0.0
HepG2	TAF15-UPF1	false	0.0
HepG2	TAF15-UCHL5	false	0.0
HepG2	TAF15-U2AF2	false	0.0
HepG2	TAF15-U2AF1	false	0.0
HepG2	TAF15-TRA2A	false	0.0
HepG2	TAF15-TIAL1	false	0.0
HepG2	TAF15-TIA1	false	0.0
HepG2	TAF15-TARDBP	false	0.0
HepG2	SUPV3L1-XPO5	false	0.0
HepG2	SUPV3L1-U2AF2	false	0.0
HepG2	SUPV3L1-TIA1	false	0.0
HepG2	SUB1-TIA1	false	0.0
HepG2	SUB1-TAF15	false	0.0
HepG2	STAU2-U2AF2	false	0.0
HepG2	SSB-U2AF2	false	0.0
HepG2	SSB-TIA1	false	0.0
HepG2	SRSF9-XPO5	false	0.0
HepG2	SRSF9-U2AF2	false	0.0
HepG2	SRSF9-TAF15	false	0.0
HepG2	SRSF7-XPO5	false	0.0
HepG2	SRSF7-TIA1	false	0.0
HepG2	SRSF7-TAF15	false	0.0
HepG2	SRSF1-YBX3	false	0.0
HepG2	SRSF1-XRN2	false	0.0
HepG2	SRSF1-XRCC6	false	0.0
HepG2	SRSF1-XPO5	false	0.0
HepG2	SRSF1-WDR43	false	0.0
HepG2	SRSF1-UTP18	false	0.0
HepG2	SRSF1-UPF1	false	0.0
HepG2	SRSF1-TROVE2	false	0.0
HepG2	SRSF1-TRA2A	false	0.0
HepG2	SRSF1-TIA1	false	0.0
HepG2	SRSF1-TAF15	true	0.0
HepG2	SRSF1-SUPV3L1	false	0.0
HepG2	SRSF1-SUGP2	false	0.0
HepG2	SRSF1-STAU2	false	0.0
HepG2	SRSF1-SSB	false	0.0
HepG2	SRSF1-SRSF7	false	0.0
HepG2	SND1-XPO5	false	0.0
HepG2	SND1-TIA1	false	0.0
HepG2	SND1-TAF15	false	0.0
HepG2	SND1-SRSF1	false	0.0
HepG2	SMNDC1-XPO5	false	0.0
HepG2	SMNDC1-U2AF2	false	0.0
HepG2	SMNDC1-TIA1	false	0.0
HepG2	SMNDC1-TAF15	false	0.0
HepG2	SMNDC1-SRSF1	false	0.0
HepG2	SLTM-XPO5	false	0.0
HepG2	SLTM-U2AF2	false	0.0
HepG2	SLTM-TIA1	false	0.0
HepG2	SLTM-SRSF1	false	0.0
HepG2	SFPQ-XPO5	false	0.0
HepG2	SFPQ-U2AF2	false	0.0
HepG2	SFPQ-TIA1	false	0.0
HepG2	SFPQ-TAF15	false	0.0
HepG2	SFPQ-SRSF1	false	0.0
HepG2	SF3B4-ZC3H11A	false	0.0
HepG2	SF3B4-XRCC6	false	0.0
HepG2	SF3B4-WDR43	false	0.0
HepG2	SF3B4-UTP18	false	0.0
HepG2	SF3B4-UPF1	false	0.0
HepG2	SF3B4-TROVE2	false	0.0
HepG2	SF3B4-TAF15	false	0.0
HepG2	SF3B4-SUPV3L1	false	0.0
HepG2	SF3B4-STAU2	false	0.0
HepG2	SF3B4-SSB	false	0.0
HepG2	SF3B4-SRSF7	false	0.0
HepG2	SF3B4-SFPQ	false	0.0
HepG2	SF3A3-XPO5	false	0.0
HepG2	SF3A3-TAF15	false	0.0
HepG2	SDAD1-U2AF2	false	0.0
HepG2	SDAD1-TIA1	false	0.0
HepG2	SDAD1-TAF15	false	0.0
HepG2	SDAD1-SRSF1	false	0.0
HepG2	SAFB-XPO5	false	0.0
HepG2	SAFB-U2AF2	false	0.0
HepG2	SAFB-SF3B4	false	0.0
HepG2	RPS3-ZC3H11A	true	0.0
HepG2	RPS3-XRCC6	false	0.0
HepG2	RPS3-XPO5	false	0.0
HepG2	RPS3-UTP18	false	0.0
HepG2	RPS3-UPF1	false	0.0
HepG2	RPS3-TROVE2	false	0.0
HepG2	RPS3-TIA1	false	0.0
HepG2	RPS3-TAF15	false	0.0
HepG2	RPS3-SUPV3L1	false	0.0
HepG2	RPS3-SUGP2	false	0.0
HepG2	RPS3-STAU2	true	0.0
HepG2	RPS3-SSB	false	0.0
HepG2	RPS3-SRSF9	false	0.0
HepG2	RPS3-SRSF7	false	0.0
HepG2	RPS3-SMNDC1	false	0.0
HepG2	RPS3-SLTM	false	0.0
HepG2	RPS3-SFPQ	false	0.0
HepG2	RBM5-TIA1	false	0.0
HepG2	RBM5-TAF15	false	0.0
HepG2	RBM5-RPS3	false	0.0
HepG2	RBM22-ZC3H11A	false	0.0
HepG2	RBM22-YBX3	false	0.0
HepG2	RBM22-XRCC6	false	0.0
HepG2	RBM22-WDR43	false	0.0
HepG2	RBM22-UTP18	false	0.0
HepG2	RBM22-TROVE2	false	0.0
HepG2	RBM22-TRA2A	false	0.0
HepG2	RBM22-TIA1	false	0.0
HepG2	RBM22-TAF15	false	0.0
HepG2	RBM22-SUPV3L1	false	0.0
HepG2	RBM22-STAU2	false	0.0
HepG2	RBM22-SSB	false	0.0
HepG2	RBM22-SRSF9	false	0.0
HepG2	RBM22-SRSF7	false	0.0
HepG2	RBM22-SLTM	false	0.0
HepG2	RBM22-SFPQ	false	0.0
HepG2	RBM22-SDAD1	false	0.0
HepG2	RBM15-XPO5	false	0.0
HepG2	RBM15-TAF15	false	0.0
HepG2	RBM15-SRSF1	false	0.0
HepG2	RBM15-RPS3	false	0.0
HepG2	RBFOX2-ZNF800	false	0.0
HepG2	RBFOX2-XRCC6	false	0.0
HepG2	RBFOX2-UTP18	false	0.0
HepG2	RBFOX2-UPF1	false	0.0
HepG2	RBFOX2-TROVE2	false	0.0
HepG2	RBFOX2-TRA2A	false	0.0
HepG2	RBFOX2-TIA1	false	0.0
HepG2	RBFOX2-TARDBP	false	0.0
HepG2	RBFOX2-TAF15	false	0.0
HepG2	RBFOX2-SUPV3L1	false	0.0
HepG2	RBFOX2-SUGP2	false	0.0
HepG2	RBFOX2-SUB1	false	0.0
HepG2	RBFOX2-STAU2	false	0.0
HepG2	RBFOX2-SSB	false	0.0
HepG2	RBFOX2-SRSF9	false	0.0
HepG2	RBFOX2-SRSF7	false	0.0
HepG2	RBFOX2-SMNDC1	false	0.0
HepG2	RBFOX2-SLTM	false	0.0
HepG2	RBFOX2-SDAD1	false	0.0
HepG2	RBFOX2-RBM5	false	0.0
HepG2	RBFOX2-RBM15	false	0.0
HepG2	QKI-XPO5	false	0.0
HepG2	QKI-TIA1	false	0.0
HepG2	QKI-TAF15	false	0.0
HepG2	QKI-SRSF1	false	0.0
HepG2	PTBP1-ZNF800	false	0.0
HepG2	PTBP1-ZC3H11A	false	0.0
HepG2	PTBP1-YBX3	false	0.0
HepG2	PTBP1-XRN2	false	0.0
HepG2	PTBP1-XPO5	false	0.0
HepG2	PTBP1-UPF1	false	0.0
HepG2	PTBP1-U2AF1	false	0.0
HepG2	PTBP1-TIAL1	false	0.0
HepG2	PTBP1-TIA1	false	0.0
HepG2	PTBP1-TARDBP	false	0.0
HepG2	PTBP1-SUPV3L1	false	0.0
HepG2	PTBP1-SUGP2	false	0.0
HepG2	PTBP1-SUB1	false	0.0
HepG2	PTBP1-STAU2	false	0.0
HepG2	PTBP1-SRSF9	false	0.0
HepG2	PTBP1-SRSF7	false	0.0
HepG2	PTBP1-SRSF1	false	0.0
HepG2	PTBP1-SMNDC1	false	0.0
HepG2	PTBP1-SDAD1	false	0.0
HepG2	PTBP1-RBM5	false	0.0
HepG2	PRPF8-XRCC6	false	0.0
HepG2	PRPF8-UTP18	false	0.0
HepG2	PRPF8-TROVE2	false	0.0
HepG2	PRPF8-TAF15	false	0.0
HepG2	PRPF8-SUPV3L1	false	0.0
HepG2	PRPF8-STAU2	false	0.0
HepG2	PRPF8-SSB	false	0.0
HepG2	PRPF8-SRSF7	false	0.0
HepG2	PRPF8-SLTM	false	0.0
HepG2	PRPF8-SFPQ	false	0.0
HepG2	PRPF4-XPO5	false	0.0
HepG2	PRPF4-TIA1	false	0.0
HepG2	PRPF4-TAF15	false	0.0
HepG2	PPIG-TAF15	false	0.0
HepG2	POLR2G-PRPF8	false	0.0
HepG2	PCBP2-XPO5	false	0.0
HepG2	PCBP2-TAF15	false	0.0
HepG2	PCBP2-SRSF1	false	0.0
HepG2	PCBP2-RPS3	false	0.0
HepG2	PCBP2-RBFOX2	false	0.0
HepG2	PCBP1-TIA1	false	0.0
HepG2	PCBP1-TAF15	false	0.0
HepG2	PCBP1-SRSF1	false	0.0
HepG2	PCBP1-RPS3	false	0.0
HepG2	PCBP1-RBFOX2	false	0.0
HepG2	PCBP1-PTBP1	false	0.0
HepG2	PABPN1-XPO5	false	0.0
HepG2	PABPN1-TAF15	false	0.0
HepG2	PABPN1-PTBP1	false	0.0
HepG2	NSUN2-XPO5	false	0.0
HepG2	NSUN2-U2AF2	false	0.0
HepG2	NSUN2-SF3B4	false	0.0
HepG2	NSUN2-RPS3	false	0.0
HepG2	NSUN2-RBM22	false	0.0
HepG2	NSUN2-RBFOX2	false	0.0
HepG2	NSUN2-PRPF8	false	0.0
HepG2	NOLC1-XPO5	false	0.0
HepG2	NOLC1-U2AF2	false	0.0
HepG2	NOLC1-TIA1	false	0.0
HepG2	NOLC1-SRSF1	false	0.0
HepG2	NOLC1-RPS3	false	0.0
HepG2	NOLC1-RBFOX2	false	0.0
HepG2	NOLC1-PTBP1	false	0.0
HepG2	NOL12-XPO5	false	0.0
HepG2	NOL12-U2AF2	false	0.0
HepG2	NOL12-TIA1	false	0.0
HepG2	NOL12-TAF15	false	0.0
HepG2	NOL12-SRSF1	false	0.0
HepG2	NOL12-RPS3	false	0.0
HepG2	NOL12-RBM22	false	0.0
HepG2	NOL12-RBFOX2	false	0.0
HepG2	NOL12-PTBP1	false	0.0
HepG2	NOL12-PRPF8	false	0.0
HepG2	NKRF-SRSF1	false	0.0
HepG2	NKRF-RPS3	false	0.0
HepG2	NKRF-RBFOX2	false	0.0
HepG2	NKRF-PTBP1	false	0.0
HepG2	NIP7-XPO5	false	0.0
HepG2	NIP7-U2AF2	false	0.0
HepG2	NIP7-TIA1	false	0.0
HepG2	NIP7-SRSF1	false	0.0
HepG2	NIP7-SF3B4	false	0.0
HepG2	NIP7-RPS3	false	0.0
HepG2	NIP7-RBM22	false	0.0
HepG2	NIP7-RBFOX2	false	0.0
HepG2	NIP7-PTBP1	false	0.0
HepG2	NIP7-PRPF8	false	0.0
HepG2	NCBP2-XPO5	false	0.0
HepG2	NCBP2-TAF15	false	0.0
HepG2	MATR3-U2AF2	false	0.0
HepG2	MATR3-TIA1	false	0.0
HepG2	MATR3-SRSF1	false	0.0
HepG2	MATR3-SF3B4	false	0.0
HepG2	MATR3-RBFOX2	false	0.0
HepG2	MATR3-PTBP1	true	0.0
HepG2	LSM11-XPO5	false	0.0
HepG2	LSM11-TIA1	false	0.0
HepG2	LSM11-TAF15	false	0.0
HepG2	LSM11-RPS3	false	0.0
HepG2	LSM11-PTBP1	false	0.0
HepG2	LIN28B-ZC3H11A	false	0.0
HepG2	LIN28B-XPO5	false	0.0
HepG2	LIN28B-WDR43	false	0.0
HepG2	LIN28B-UTP18	false	0.0
HepG2	LIN28B-UPF1	false	0.0
HepG2	LIN28B-TROVE2	false	0.0
HepG2	LIN28B-TRA2A	false	0.0
HepG2	LIN28B-TARDBP	false	0.0
HepG2	LIN28B-TAF15	false	0.0
HepG2	LIN28B-SUPV3L1	false	0.0
HepG2	LIN28B-SUGP2	false	0.0
HepG2	LIN28B-STAU2	false	0.0
HepG2	LIN28B-SSB	false	0.0
HepG2	LIN28B-SRSF9	false	0.0
HepG2	LIN28B-SRSF7	false	0.0
HepG2	LIN28B-SMNDC1	false	0.0
HepG2	LIN28B-SLTM	false	0.0
HepG2	LIN28B-SFPQ	false	0.0
HepG2	LIN28B-RBM5	false	0.0
HepG2	LIN28B-RBM15	false	0.0
HepG2	LIN28B-NSUN2	false	0.0
HepG2	LIN28B-NOL12	false	0.0
HepG2	LIN28B-NIP7	false	0.0
HepG2	LIN28B-LSM11	false	0.0
HepG2	LARP7-ZNF800	false	0.0
HepG2	LARP7-ZC3H11A	false	0.0
HepG2	LARP7-YBX3	false	0.0
HepG2	LARP7-XRN2	false	0.0
HepG2	LARP7-XPO5	false	0.0
HepG2	LARP7-WDR43	false	0.0
HepG2	LARP7-UTP18	false	0.0
HepG2	LARP7-UCHL5	false	0.0
HepG2	LARP7-U2AF2	false	0.0
HepG2	LARP7-U2AF1	false	0.0
HepG2	LARP7-TROVE2	false	0.0
HepG2	LARP7-TRA2A	false	0.0
HepG2	LARP7-TIAL1	false	0.0
HepG2	LARP7-TIA1	false	0.0
HepG2	LARP7-TARDBP	false	0.0
HepG2	LARP7-SUPV3L1	false	0.0
HepG2	LARP7-SUB1	false	0.0
HepG2	LARP7-SSB	false	0.0
HepG2	LARP7-SRSF7	false	0.0
HepG2	LARP7-SRSF1	false	0.0
HepG2	LARP7-SND1	false	0.0
HepG2	LARP7-SMNDC1	false	0.0
HepG2	LARP7-SF3B4	false	0.0
HepG2	LARP7-SF3A3	false	0.0
HepG2	LARP7-SDAD1	false	0.0
HepG2	LARP7-RPS3	false	0.0
HepG2	LARP7-RBM5	false	0.0
HepG2	LARP7-RBM22	false	0.0
HepG2	LARP7-RBM15	false	0.0
HepG2	LARP7-QKI	false	0.0
HepG2	LARP7-PTBP1	false	0.0
HepG2	LARP7-PRPF8	false	0.0
HepG2	LARP7-PRPF4	false	0.0
HepG2	LARP7-PPIG	false	0.0
HepG2	LARP7-PCBP2	false	0.0
HepG2	LARP7-PCBP1	false	0.0
HepG2	LARP7-PABPN1	true	0.0
HepG2	LARP7-NOLC1	false	0.0
HepG2	LARP7-NOL12	false	0.0
HepG2	LARP7-NKRF	false	0.0
HepG2	LARP7-NIP7	false	0.0
HepG2	LARP7-NCBP2	false	0.0
HepG2	LARP7-LSM11	false	0.0
HepG2	LARP7-LIN28B	false	0.0
HepG2	LARP4-XPO5	false	0.0
HepG2	LARP4-TIA1	false	0.0
HepG2	LARP4-TAF15	false	0.0
HepG2	LARP4-SRSF1	false	0.0
HepG2	LARP4-LARP7	false	0.0
HepG2	KHSRP-XPO5	true	0.0
HepG2	KHSRP-TAF15	false	0.0
HepG2	KHSRP-PTBP1	false	0.0
HepG2	KHSRP-LARP7	false	0.0
HepG2	ILF3-XPO5	false	0.0
HepG2	ILF3-TIA1	false	0.0
HepG2	ILF3-SRSF1	false	0.0
HepG2	ILF3-PTBP1	false	0.0
HepG2	ILF3-LARP7	false	0.0
HepG2	IGF2BP3-XPO5	false	0.0
HepG2	IGF2BP3-TIA1	false	0.0
HepG2	IGF2BP3-TAF15	false	0.0
HepG2	IGF2BP3-SRSF1	false	0.0
HepG2	IGF2BP3-RBFOX2	false	0.0
HepG2	IGF2BP3-PTBP1	false	0.0
HepG2	IGF2BP3-LARP7	false	0.0
HepG2	IGF2BP1-ZC3H11A	false	0.0
HepG2	IGF2BP1-XPO5	false	0.0
HepG2	IGF2BP1-WDR43	false	0.0
HepG2	IGF2BP1-UPF1	false	0.0
HepG2	IGF2BP1-UCHL5	false	0.0
HepG2	IGF2BP1-TROVE2	false	0.0
HepG2	IGF2BP1-TAF15	true	0.0
HepG2	IGF2BP1-SUPV3L1	false	0.0
HepG2	IGF2BP1-STAU2	false	0.0
HepG2	IGF2BP1-SSB	false	0.0
HepG2	IGF2BP1-SRSF9	false	0.0
HepG2	IGF2BP1-SMNDC1	false	0.0
HepG2	IGF2BP1-SLTM	false	0.0
HepG2	IGF2BP1-SFPQ	false	0.0
HepG2	IGF2BP1-SDAD1	false	0.0
HepG2	IGF2BP1-RBM5	false	0.0
HepG2	IGF2BP1-RBFOX2	false	0.0
HepG2	IGF2BP1-PCBP2	false	0.0
HepG2	IGF2BP1-NSUN2	false	0.0
HepG2	IGF2BP1-NOLC1	false	0.0
HepG2	IGF2BP1-NOL12	false	0.0
HepG2	IGF2BP1-NIP7	false	0.0
HepG2	IGF2BP1-MATR3	false	0.0
HepG2	IGF2BP1-LSM11	false	0.0
HepG2	IGF2BP1-LARP7	false	0.0
HepG2	HNRNPUL1-XPO5	false	0.0
HepG2	HNRNPUL1-U2AF2	false	0.0
HepG2	HNRNPUL1-TIA1	false	0.0
HepG2	HNRNPUL1-SRSF1	true	0.0
HepG2	HNRNPUL1-SF3B4	false	0.0
HepG2	HNRNPUL1-RBM22	false	0.0
HepG2	HNRNPUL1-RBFOX2	false	0.0
HepG2	HNRNPUL1-PRPF8	false	0.0
HepG2	HNRNPU-U2AF2	false	0.0
HepG2	HNRNPU-SRSF1	false	0.0
HepG2	HNRNPU-SF3B4	false	0.0
HepG2	HNRNPU-RPS3	false	0.0
HepG2	HNRNPU-RBM22	false	0.0
HepG2	HNRNPU-RBFOX2	false	0.0
HepG2	HNRNPU-PRPF8	false	0.0
HepG2	HNRNPU-LIN28B	false	0.0
HepG2	HNRNPM-XPO5	false	0.0
HepG2	HNRNPM-TIA1	false	0.0
HepG2	HNRNPM-TAF15	false	0.0
HepG2	HNRNPM-SRSF1	true	0.0
HepG2	HNRNPM-RBM22	false	0.0
HepG2	HNRNPM-RBFOX2	false	0.0
HepG2	HNRNPM-PTBP1	false	0.0
HepG2	HNRNPM-IGF2BP1	false	0.0
HepG2	HNRNPL-ZNF800	false	0.0
HepG2	HNRNPL-ZC3H11A	false	0.0
HepG2	HNRNPL-YBX3	false	0.0
HepG2	HNRNPL-XRN2	false	0.0
HepG2	HNRNPL-XPO5	false	0.0
HepG2	HNRNPL-WDR43	false	0.0
HepG2	HNRNPL-UPF1	false	0.0
HepG2	HNRNPL-UCHL5	false	0.0
HepG2	HNRNPL-U2AF2	false	0.0
HepG2	HNRNPL-U2AF1	false	0.0
HepG2	HNRNPL-TROVE2	false	0.0
HepG2	HNRNPL-TRA2A	false	0.0
HepG2	HNRNPL-TIAL1	false	0.0
HepG2	HNRNPL-TIA1	false	0.0
HepG2	HNRNPL-TARDBP	false	0.0
HepG2	HNRNPL-SUB1	false	0.0
HepG2	HNRNPL-STAU2	false	0.0
HepG2	HNRNPL-SRSF9	false	0.0
HepG2	HNRNPL-SRSF1	false	0.0
HepG2	HNRNPL-SMNDC1	false	0.0
HepG2	HNRNPL-SFPQ	false	0.0
HepG2	HNRNPL-SF3A3	false	0.0
HepG2	HNRNPL-SDAD1	false	0.0
HepG2	HNRNPL-RPS3	false	0.0
HepG2	HNRNPL-RBM5	false	0.0
HepG2	HNRNPL-RBM15	false	0.0
HepG2	HNRNPL-RBFOX2	false	0.0
HepG2	HNRNPL-QKI	false	0.0
HepG2	HNRNPL-PTBP1	false	0.0
HepG2	HNRNPL-PRPF8	false	0.0
HepG2	HNRNPL-PRPF4	false	0.0
HepG2	HNRNPL-PPIG	true	0.0
HepG2	HNRNPL-PCBP2	false	0.0
HepG2	HNRNPL-PCBP1	false	0.0
HepG2	HNRNPL-PABPN1	false	0.0
HepG2	HNRNPL-NOL12	false	0.0
HepG2	HNRNPL-NKRF	false	0.0
HepG2	HNRNPL-NIP7	false	0.0
HepG2	HNRNPL-NCBP2	false	0.0
HepG2	HNRNPL-LSM11	false	0.0
HepG2	HNRNPL-LARP4	false	0.0
HepG2	HNRNPL-KHSRP	false	0.0
HepG2	HNRNPL-ILF3	true	0.0
HepG2	HNRNPL-HNRNPUL1	false	0.0
HepG2	HNRNPK-XPO5	false	0.0
HepG2	HNRNPK-TIA1	false	0.0
HepG2	HNRNPK-RPS3	false	0.0
HepG2	HNRNPK-IGF2BP1	false	0.0
HepG2	HNRNPK-HNRNPL	false	0.0
HepG2	HNRNPC-ZC3H11A	false	0.0
HepG2	HNRNPC-YBX3	false	0.0
HepG2	HNRNPC-XRN2	false	0.0
HepG2	HNRNPC-XRCC6	false	0.0
HepG2	HNRNPC-XPO5	false	0.0
HepG2	HNRNPC-UPF1	false	0.0
HepG2	HNRNPC-TRA2A	false	0.0
HepG2	HNRNPC-TARDBP	false	0.0
HepG2	HNRNPC-TAF15	false	0.0
HepG2	HNRNPC-SUPV3L1	false	0.0
HepG2	HNRNPC-SRSF7	false	0.0
HepG2	HNRNPC-SRSF1	false	0.0
HepG2	HNRNPC-SND1	false	0.0
HepG2	HNRNPC-SMNDC1	false	0.0
HepG2	HNRNPC-SF3B4	false	0.0
HepG2	HNRNPC-SDAD1	false	0.0
HepG2	HNRNPC-RPS3	true	0.0
HepG2	HNRNPC-RBM5	false	0.0
HepG2	HNRNPC-RBFOX2	false	0.0
HepG2	HNRNPC-QKI	false	0.0
HepG2	HNRNPC-PRPF4	false	0.0
HepG2	HNRNPC-PCBP2	false	0.0
HepG2	HNRNPC-NOLC1	false	0.0
HepG2	HNRNPC-NOL12	false	0.0
HepG2	HNRNPC-NIP7	false	0.0
HepG2	HNRNPC-NCBP2	false	0.0
HepG2	HNRNPC-LSM11	false	0.0
HepG2	HNRNPC-LARP7	false	0.0
HepG2	HNRNPC-ILF3	false	0.0
HepG2	HNRNPC-IGF2BP3	false	0.0
HepG2	HNRNPC-IGF2BP1	false	0.0
HepG2	HNRNPC-HNRNPM	false	0.0
HepG2	HNRNPC-HNRNPK	false	0.0
HepG2	HNRNPA1-XPO5	false	0.0
HepG2	HNRNPA1-U2AF2	false	0.0
HepG2	HNRNPA1-TIA1	false	0.0
HepG2	HNRNPA1-SRSF1	false	0.0
HepG2	HNRNPA1-SF3B4	false	0.0
HepG2	HNRNPA1-RPS3	false	0.0
HepG2	HNRNPA1-RBM22	false	0.0
HepG2	HNRNPA1-RBFOX2	false	0.0
HepG2	HNRNPA1-PRPF8	false	0.0
HepG2	HNRNPA1-LIN28B	false	0.0
HepG2	HLTF-XPO5	false	0.0
HepG2	HLTF-TIA1	false	0.0
HepG2	HLTF-RPS3	false	0.0
HepG2	HLTF-RBFOX2	false	0.0
HepG2	HLTF-PTBP1	false	0.0
HepG2	HLTF-LARP7	false	0.0
HepG2	HLTF-HNRNPL	false	0.0
HepG2	GTF2F1-TAF15	false	0.0
HepG2	GTF2F1-SRSF1	false	0.0
HepG2	GTF2F1-RPS3	false	0.0
HepG2	GTF2F1-RBM22	false	0.0
HepG2	GTF2F1-RBFOX2	false	0.0
HepG2	GTF2F1-LIN28B	false	0.0
HepG2	GTF2F1-LARP7	false	0.0
HepG2	GTF2F1-IGF2BP1	false	0.0
HepG2	GTF2F1-HNRNPL	false	0.0
HepG2	GTF2F1-HNRNPC	false	0.0
HepG2	GRWD1-XPO5	false	0.0
HepG2	GRWD1-TAF15	false	0.0
HepG2	GRWD1-LARP7	false	0.0
HepG2	GRSF1-XPO5	false	0.0
HepG2	GRSF1-U2AF2	false	0.0
HepG2	GRSF1-TIA1	false	0.0
HepG2	GRSF1-TAF15	false	0.0
HepG2	GRSF1-SRSF1	false	0.0
HepG2	GRSF1-RPS3	false	0.0
HepG2	GRSF1-RBM22	false	0.0
HepG2	GRSF1-RBFOX2	false	0.0
HepG2	GRSF1-PTBP1	false	0.0
HepG2	GRSF1-PRPF8	false	0.0
HepG2	GRSF1-LIN28B	false	0.0
HepG2	GRSF1-IGF2BP1	false	0.0
HepG2	GRSF1-HNRNPC	false	0.0
HepG2	G3BP1-XPO5	false	0.0
HepG2	G3BP1-TAF15	false	0.0
HepG2	G3BP1-LARP7	false	0.0
HepG2	G3BP1-HNRNPL	false	0.0
HepG2	FXR2-XPO5	false	0.0
HepG2	FXR2-TIA1	false	0.0
HepG2	FXR2-SRSF1	false	0.0
HepG2	FXR2-RBFOX2	false	0.0
HepG2	FXR2-LARP7	false	0.0
HepG2	FXR2-IGF2BP1	false	0.0
HepG2	FXR2-HNRNPL	false	0.0
HepG2	FXR2-HNRNPC	false	0.0
HepG2	FUS-ZNF800	false	0.0
HepG2	FUS-ZC3H11A	false	0.0
HepG2	FUS-XRN2	false	0.0
HepG2	FUS-XPO5	false	0.0
HepG2	FUS-WDR43	false	0.0
HepG2	FUS-UCHL5	false	0.0
HepG2	FUS-U2AF1	false	0.0
HepG2	FUS-TRA2A	false	0.0
HepG2	FUS-TIAL1	false	0.0
HepG2	FUS-TIA1	false	0.0
HepG2	FUS-TARDBP	false	0.0
HepG2	FUS-SUPV3L1	false	0.0
HepG2	FUS-SUB1	false	0.0
HepG2	FUS-SSB	false	0.0
HepG2	FUS-SRSF9	false	0.0
HepG2	FUS-SRSF7	false	0.0
HepG2	FUS-SRSF1	false	0.0
HepG2	FUS-SND1	false	0.0
HepG2	FUS-SMNDC1	false	0.0
HepG2	FUS-SLTM	false	0.0
HepG2	FUS-SFPQ	false	0.0
HepG2	FUS-SF3B4	false	0.0
HepG2	FUS-SDAD1	false	0.0
HepG2	FUS-RPS3	false	0.0
HepG2	FUS-RBM5	false	0.0
HepG2	FUS-RBM22	false	0.0
HepG2	FUS-RBM15	false	0.0
HepG2	FUS-RBFOX2	false	0.0
HepG2	FUS-QKI	false	0.0
HepG2	FUS-PRPF4	false	0.0
HepG2	FUS-PPIG	false	0.0
HepG2	FUS-PCBP2	false	0.0
HepG2	FUS-PABPN1	false	0.0
HepG2	FUS-NOLC1	false	0.0
HepG2	FUS-NOL12	false	0.0
HepG2	FUS-NKRF	false	0.0
HepG2	FUS-NIP7	false	0.0
HepG2	FUS-LSM11	false	0.0
HepG2	FUS-LIN28B	false	0.0
HepG2	FUS-LARP7	false	0.0
HepG2	FUS-LARP4	false	0.0
HepG2	FUS-KHSRP	false	0.0
HepG2	FUS-IGF2BP3	true	0.0
HepG2	FUS-IGF2BP1	true	0.0
HepG2	FUS-HNRNPM	true	0.0
HepG2	FUS-HNRNPC	false	0.0
HepG2	FUS-HNRNPA1	false	0.0
HepG2	FUS-GTF2F1	false	0.0
HepG2	FUS-GRSF1	false	0.0
HepG2	FUS-G3BP1	false	0.0
HepG2	FUS-FXR2	false	0.0
HepG2	FUBP3-XPO5	false	0.0
HepG2	FUBP3-U2AF2	false	0.0
HepG2	FUBP3-SRSF1	false	0.0
HepG2	FUBP3-SF3B4	false	0.0
HepG2	FUBP3-RPS3	false	0.0
HepG2	FUBP3-PTBP1	false	0.0
HepG2	FUBP3-IGF2BP1	false	0.0
HepG2	FUBP3-HNRNPL	false	0.0
HepG2	FUBP3-HNRNPC	false	0.0
HepG2	FUBP3-FUS	false	0.0
HepG2	FTO-XPO5	false	0.0
HepG2	FTO-TIA1	false	0.0
HepG2	FTO-SRSF1	false	0.0
HepG2	FTO-SF3B4	false	0.0
HepG2	FTO-RPS3	false	0.0
HepG2	FTO-RBM22	false	0.0
HepG2	FTO-RBFOX2	false	0.0
HepG2	FTO-PTBP1	false	0.0
HepG2	FTO-PRPF8	false	0.0
HepG2	FTO-LIN28B	false	0.0
HepG2	FTO-LARP7	false	0.0
HepG2	FTO-IGF2BP1	false	0.0
HepG2	FTO-HNRNPL	false	0.0
HepG2	FTO-HNRNPC	false	0.0
HepG2	FTO-FUS	false	0.0
HepG2	FKBP4-XPO5	false	0.0
HepG2	FKBP4-U2AF2	false	0.0
HepG2	FKBP4-TIA1	false	0.0
HepG2	FKBP4-SRSF1	false	0.0
HepG2	FKBP4-RPS3	false	0.0
HepG2	FKBP4-RBFOX2	false	0.0
HepG2	FKBP4-PTBP1	false	0.0
HepG2	FKBP4-LIN28B	false	0.0
HepG2	FKBP4-IGF2BP1	false	0.0
HepG2	FKBP4-HNRNPL	false	0.0
HepG2	FKBP4-FUS	false	0.0
HepG2	FASTKD2-XPO5	false	0.0
HepG2	FASTKD2-U2AF2	false	0.0
HepG2	FASTKD2-TIA1	false	0.0
HepG2	FASTKD2-TAF15	false	0.0
HepG2	FASTKD2-RPS3	false	0.0
HepG2	FASTKD2-RBM22	false	0.0
HepG2	FASTKD2-RBFOX2	false	0.0
HepG2	FASTKD2-PTBP1	false	0.0
HepG2	FASTKD2-PRPF8	false	0.0
HepG2	FASTKD2-LIN28B	false	0.0
HepG2	FASTKD2-LARP7	false	0.0
HepG2	FASTKD2-IGF2BP1	false	0.0
HepG2	FASTKD2-HNRNPL	false	0.0
HepG2	FASTKD2-HNRNPC	false	0.0
HepG2	FASTKD2-FUS	false	0.0
HepG2	FAM120A-XPO5	false	0.0
HepG2	FAM120A-U2AF2	false	0.0
HepG2	FAM120A-TIA1	false	0.0
HepG2	FAM120A-TAF15	false	0.0
HepG2	FAM120A-SRSF1	false	0.0
HepG2	FAM120A-RPS3	false	0.0
HepG2	FAM120A-RBFOX2	false	0.0
HepG2	FAM120A-PTBP1	false	0.0
HepG2	FAM120A-LIN28B	false	0.0
HepG2	FAM120A-IGF2BP1	false	0.0
HepG2	FAM120A-HNRNPL	false	0.0
HepG2	FAM120A-HNRNPC	false	0.0
HepG2	FAM120A-FUS	true	0.0
HepG2	EXOSC5-XPO5	false	0.0
HepG2	EXOSC5-U2AF2	false	0.0
HepG2	EXOSC5-TAF15	false	0.0
HepG2	EXOSC5-SRSF1	false	0.0
HepG2	EXOSC5-SF3B4	false	0.0
HepG2	EXOSC5-RPS3	false	0.0
HepG2	EXOSC5-RBM22	false	0.0
HepG2	EXOSC5-RBFOX2	false	0.0
HepG2	EXOSC5-PTBP1	false	0.0
HepG2	EXOSC5-PRPF8	false	0.0
HepG2	EXOSC5-LIN28B	false	0.0
HepG2	EXOSC5-IGF2BP1	false	0.0
HepG2	EXOSC5-HNRNPL	false	0.0
HepG2	EXOSC5-FUS	false	0.0
HepG2	EIF3H-TIA1	false	0.0
HepG2	EIF3H-SRSF1	false	0.0
HepG2	EIF3H-RPS3	false	0.0
HepG2	EIF3H-RBM22	false	0.0
HepG2	EIF3H-RBFOX2	false	0.0
HepG2	EIF3H-PTBP1	false	0.0
HepG2	EIF3H-LARP7	false	0.0
HepG2	EIF3H-IGF2BP1	false	0.0
HepG2	EIF3H-HNRNPL	false	0.0
HepG2	EIF3H-HNRNPC	false	0.0
HepG2	EIF3H-FUS	false	0.0
HepG2	EIF3D-XPO5	false	0.0
HepG2	EIF3D-TIA1	false	0.0
HepG2	EIF3D-SF3B4	false	0.0
HepG2	EIF3D-RPS3	false	0.0
HepG2	EIF3D-RBM22	false	0.0
HepG2	EIF3D-RBFOX2	false	0.0
HepG2	EIF3D-PTBP1	false	0.0
HepG2	EIF3D-LARP7	false	0.0
HepG2	EIF3D-HNRNPL	false	0.0
HepG2	EIF3D-HNRNPC	false	0.0
HepG2	EFTUD2-TAF15	false	0.0
HepG2	EFTUD2-LARP7	false	0.0
HepG2	EFTUD2-HNRNPL	false	0.0
HepG2	DROSHA-XPO5	false	0.0
HepG2	DROSHA-TIA1	false	0.0
HepG2	DROSHA-TAF15	false	0.0
HepG2	DROSHA-RPS3	false	0.0
HepG2	DROSHA-RBFOX2	false	0.0
HepG2	DROSHA-PTBP1	false	0.0
HepG2	DROSHA-LIN28B	false	0.0
HepG2	DROSHA-IGF2BP1	false	0.0
HepG2	DROSHA-HNRNPL	false	0.0
HepG2	DROSHA-FUS	false	0.0
HepG2	DKC1-XPO5	false	0.0
HepG2	DKC1-TIA1	false	0.0
HepG2	DKC1-SRSF1	false	0.0
HepG2	DKC1-SF3B4	false	0.0
HepG2	DKC1-RPS3	false	0.0
HepG2	DKC1-RBM22	false	0.0
HepG2	DKC1-RBFOX2	false	0.0
HepG2	DKC1-PTBP1	true	0.0
HepG2	DKC1-LIN28B	false	0.0
HepG2	DKC1-LARP7	false	0.0
HepG2	DKC1-IGF2BP1	false	0.0
HepG2	DKC1-HNRNPC	false	0.0
HepG2	DKC1-FUS	false	0.0
HepG2	DHX30-RPS3	false	0.0
HepG2	DHX30-RBM22	false	0.0
HepG2	DHX30-PRPF8	false	0.0
HepG2	DHX30-LIN28B	false	0.0
HepG2	DGCR8-ZC3H11A	false	0.0
HepG2	DGCR8-XPO5	false	0.0
HepG2	DGCR8-WDR43	false	0.0
HepG2	DGCR8-UPF1	false	0.0
HepG2	DGCR8-U2AF1	false	0.0
HepG2	DGCR8-TROVE2	false	0.0
HepG2	DGCR8-TRA2A	false	0.0
HepG2	DGCR8-TIA1	false	0.0
HepG2	DGCR8-TAF15	false	0.0
HepG2	DGCR8-SUPV3L1	false	0.0
HepG2	DGCR8-SUB1	false	0.0
HepG2	DGCR8-SSB	false	0.0
HepG2	DGCR8-SRSF9	false	0.0
HepG2	DGCR8-SRSF7	true	0.0
HepG2	DGCR8-SND1	false	0.0
HepG2	DGCR8-SLTM	false	0.0
HepG2	DGCR8-SFPQ	false	0.0
HepG2	DGCR8-SDAD1	false	0.0
HepG2	DGCR8-RPS3	false	0.0
HepG2	DGCR8-RBM15	false	0.0
HepG2	DGCR8-RBFOX2	true	0.0
HepG2	DGCR8-QKI	false	0.0
HepG2	DGCR8-PTBP1	false	0.0
HepG2	DGCR8-PCBP2	false	0.0
HepG2	DGCR8-PABPN1	false	0.0
HepG2	DGCR8-NOL12	false	0.0
HepG2	DGCR8-LSM11	false	0.0
HepG2	DGCR8-LIN28B	false	0.0
HepG2	DGCR8-KHSRP	false	0.0
HepG2	DGCR8-IGF2BP3	false	0.0
HepG2	DGCR8-IGF2BP1	false	0.0
HepG2	DGCR8-HNRNPUL1	false	0.0
HepG2	DGCR8-HNRNPL	false	0.0
HepG2	DGCR8-HNRNPK	false	0.0
HepG2	DGCR8-HNRNPC	false	0.0
HepG2	DGCR8-HNRNPA1	false	0.0
HepG2	DGCR8-GRSF1	false	0.0
HepG2	DGCR8-FXR2	false	0.0
HepG2	DGCR8-FUS	false	0.0
HepG2	DGCR8-FUBP3	false	0.0
HepG2	DGCR8-FTO	false	0.0
HepG2	DGCR8-FKBP4	false	0.0
HepG2	DGCR8-FASTKD2	false	0.0
HepG2	DGCR8-FAM120A	false	0.0
HepG2	DGCR8-EXOSC5	false	0.0
HepG2	DGCR8-EIF3H	false	0.0
HepG2	DGCR8-EIF3D	false	0.0
HepG2	DGCR8-DROSHA	true	0.0
HepG2	DGCR8-DKC1	false	0.0
HepG2	DDX6-XPO5	false	0.0
HepG2	DDX6-TIA1	false	0.0
HepG2	DDX6-SRSF1	false	0.0
HepG2	DDX6-RPS3	false	0.0
HepG2	DDX6-RBM22	false	0.0
HepG2	DDX6-RBFOX2	false	0.0
HepG2	DDX6-PTBP1	false	0.0
HepG2	DDX6-LIN28B	false	0.0
HepG2	DDX6-IGF2BP1	false	0.0
HepG2	DDX6-HNRNPL	false	0.0
HepG2	DDX6-DGCR8	false	0.0
HepG2	DDX59-XPO5	false	0.0
HepG2	DDX59-U2AF2	false	0.0
HepG2	DDX59-TIA1	false	0.0
HepG2	DDX59-SRSF1	false	0.0
HepG2	DDX59-RPS3	false	0.0
HepG2	DDX59-PTBP1	false	0.0
HepG2	DDX59-LIN28B	false	0.0
HepG2	DDX59-HNRNPL	false	0.0
HepG2	DDX59-HNRNPC	false	0.0
HepG2	DDX59-FUS	false	0.0
HepG2	DDX55-XPO5	false	0.0
HepG2	DDX55-TIA1	false	0.0
HepG2	DDX55-TAF15	false	0.0
HepG2	DDX55-RBM22	false	0.0
HepG2	DDX55-RBFOX2	false	0.0
HepG2	DDX55-PTBP1	false	0.0
HepG2	DDX55-LIN28B	false	0.0
HepG2	DDX55-LARP7	false	0.0
HepG2	DDX55-IGF2BP1	false	0.0
HepG2	DDX55-HNRNPC	false	0.0
HepG2	DDX55-FUS	false	0.0
HepG2	DDX55-DGCR8	false	0.0
HepG2	DDX52-U2AF2	false	0.0
HepG2	DDX52-TIA1	false	0.0
HepG2	DDX52-SF3B4	false	0.0
HepG2	DDX52-RPS3	false	0.0
HepG2	DDX52-RBM22	false	0.0
HepG2	DDX52-RBFOX2	false	0.0
HepG2	DDX52-PTBP1	false	0.0
HepG2	DDX52-PRPF8	false	0.0
HepG2	DDX52-LIN28B	false	0.0
HepG2	DDX52-LARP7	false	0.0
HepG2	DDX52-HNRNPC	false	0.0
HepG2	DDX3X-XRCC6	false	0.0
HepG2	DDX3X-UTP18	false	0.0
HepG2	DDX3X-UPF1	false	0.0
HepG2	DDX3X-UCHL5	false	0.0
HepG2	DDX3X-TROVE2	false	0.0
HepG2	DDX3X-TAF15	false	0.0
HepG2	DDX3X-SUPV3L1	false	0.0
HepG2	DDX3X-SUGP2	false	0.0
HepG2	DDX3X-STAU2	false	0.0
HepG2	DDX3X-SSB	false	0.0
HepG2	DDX3X-SRSF9	false	0.0
HepG2	DDX3X-SMNDC1	false	0.0
HepG2	DDX3X-SLTM	false	0.0
HepG2	DDX3X-SFPQ	false	0.0
HepG2	DDX3X-SAFB	false	0.0
HepG2	DDX3X-POLR2G	false	0.0
HepG2	DDX3X-NSUN2	false	0.0
HepG2	DDX3X-NOL12	false	0.0
HepG2	DDX3X-NKRF	false	0.0
HepG2	DDX3X-MATR3	false	0.0
HepG2	DDX3X-LSM11	false	0.0
HepG2	DDX3X-LARP7	false	0.0
HepG2	DDX3X-HNRNPUL1	false	0.0
HepG2	DDX3X-HNRNPL	false	0.0
HepG2	DDX3X-HNRNPA1	false	0.0
HepG2	DDX3X-HLTF	false	0.0
HepG2	DDX3X-GRSF1	false	0.0
HepG2	DDX3X-FXR2	false	0.0
HepG2	DDX3X-FTO	false	0.0
HepG2	DDX3X-FASTKD2	false	0.0
HepG2	DDX3X-EXOSC5	false	0.0
HepG2	DDX3X-EIF3D	false	0.0
HepG2	DDX3X-DROSHA	false	0.0
HepG2	DDX3X-DKC1	false	0.0
HepG2	DDX3X-DHX30	false	0.0
HepG2	DDX3X-DDX59	false	0.0
HepG2	DDX3X-DDX52	false	0.0
HepG2	CSTF2T-ZNF800	false	0.0
HepG2	CSTF2T-YBX3	false	0.0
HepG2	CSTF2T-XRN2	false	0.0
HepG2	CSTF2T-XPO5	false	0.0
HepG2	CSTF2T-WDR43	false	0.0
HepG2	CSTF2T-UPF1	false	0.0
HepG2	CSTF2T-UCHL5	false	0.0
HepG2	CSTF2T-U2AF2	false	0.0
HepG2	CSTF2T-U2AF1	false	0.0
HepG2	CSTF2T-TRA2A	false	0.0
HepG2	CSTF2T-TIAL1	false	0.0
HepG2	CSTF2T-TIA1	false	0.0
HepG2	CSTF2T-TARDBP	false	0.0
HepG2	CSTF2T-TAF15	false	0.0
HepG2	CSTF2T-SUPV3L1	false	0.0
HepG2	CSTF2T-SUGP2	false	0.0
HepG2	CSTF2T-SUB1	false	0.0
HepG2	CSTF2T-STAU2	false	0.0
HepG2	CSTF2T-SSB	false	0.0
HepG2	CSTF2T-SRSF9	false	0.0
HepG2	CSTF2T-SRSF7	true	0.0
HepG2	CSTF2T-SRSF1	false	0.0
HepG2	CSTF2T-SND1	false	0.0
HepG2	CSTF2T-SLTM	false	0.0
HepG2	CSTF2T-SFPQ	false	0.0
HepG2	CSTF2T-SDAD1	false	0.0
HepG2	CSTF2T-RPS3	false	0.0
HepG2	CSTF2T-RBM5	false	0.0
HepG2	CSTF2T-RBM22	false	0.0
HepG2	CSTF2T-RBM15	false	0.0
HepG2	CSTF2T-QKI	false	0.0
HepG2	CSTF2T-PCBP2	true	0.0
HepG2	CSTF2T-PCBP1	false	0.0
HepG2	CSTF2T-NSUN2	false	0.0
HepG2	CSTF2T-NOLC1	false	0.0
HepG2	CSTF2T-NOL12	false	0.0
HepG2	CSTF2T-NIP7	false	0.0
HepG2	CSTF2T-MATR3	false	0.0
HepG2	CSTF2T-LSM11	false	0.0
HepG2	CSTF2T-LARP4	false	0.0
HepG2	CSTF2T-HNRNPUL1	false	0.0
HepG2	CSTF2T-HNRNPU	false	0.0
HepG2	CSTF2T-HNRNPL	true	0.0
HepG2	CSTF2T-HNRNPC	false	0.0
HepG2	CSTF2T-HNRNPA1	false	0.0
HepG2	CSTF2T-HLTF	false	0.0
HepG2	CSTF2T-GRSF1	false	0.0
HepG2	CSTF2T-FXR2	false	0.0
HepG2	CSTF2T-FUS	false	0.0
HepG2	CSTF2T-FUBP3	false	0.0
HepG2	CSTF2T-FTO	false	0.0
HepG2	CSTF2T-FKBP4	false	0.0
HepG2	CSTF2T-FASTKD2	false	0.0
HepG2	CSTF2T-EXOSC5	false	0.0
HepG2	CSTF2T-EIF3H	false	0.0
HepG2	CSTF2T-EIF3D	false	0.0
HepG2	CSTF2T-DKC1	false	0.0
HepG2	CSTF2T-DHX30	false	0.0
HepG2	CSTF2T-DGCR8	false	0.0
HepG2	CSTF2-ZNF800	false	0.0
HepG2	CSTF2-ZC3H11A	false	0.0
HepG2	CSTF2-YBX3	false	0.0
HepG2	CSTF2-XRN2	false	0.0
HepG2	CSTF2-XPO5	false	0.0
HepG2	CSTF2-WDR43	false	0.0
HepG2	CSTF2-UPF1	false	0.0
HepG2	CSTF2-UCHL5	false	0.0
HepG2	CSTF2-U2AF2	false	0.0
HepG2	CSTF2-U2AF1	false	0.0
HepG2	CSTF2-TRA2A	true	0.0
HepG2	CSTF2-TIAL1	false	0.0
HepG2	CSTF2-TIA1	false	0.0
HepG2	CSTF2-TARDBP	false	0.0
HepG2	CSTF2-TAF15	false	0.0
HepG2	CSTF2-SUPV3L1	false	0.0
HepG2	CSTF2-SUGP2	false	0.0
HepG2	CSTF2-SUB1	false	0.0
HepG2	CSTF2-SSB	false	0.0
HepG2	CSTF2-SRSF9	true	0.0
HepG2	CSTF2-SRSF7	true	0.0
HepG2	CSTF2-SRSF1	false	0.0
HepG2	CSTF2-SND1	false	0.0
HepG2	CSTF2-SMNDC1	false	0.0
HepG2	CSTF2-SLTM	false	0.0
HepG2	CSTF2-SFPQ	true	0.0
HepG2	CSTF2-SF3A3	false	0.0
HepG2	CSTF2-SDAD1	false	0.0
HepG2	CSTF2-RPS3	false	0.0
HepG2	CSTF2-RBM5	false	0.0
HepG2	CSTF2-RBM22	false	0.0
HepG2	CSTF2-RBM15	false	0.0
HepG2	CSTF2-RBFOX2	false	0.0
HepG2	CSTF2-QKI	false	0.0
HepG2	CSTF2-PTBP1	false	0.0
HepG2	CSTF2-PRPF4	false	0.0
HepG2	CSTF2-PPIG	true	0.0
HepG2	CSTF2-PCBP2	false	0.0
HepG2	CSTF2-PCBP1	false	0.0
HepG2	CSTF2-NOLC1	false	0.0
HepG2	CSTF2-NKRF	false	0.0
HepG2	CSTF2-NIP7	false	0.0
HepG2	CSTF2-NCBP2	false	0.0
HepG2	CSTF2-LSM11	false	0.0
HepG2	CSTF2-LIN28B	false	0.0
HepG2	CSTF2-LARP7	false	0.0
HepG2	CSTF2-LARP4	false	0.0
HepG2	CSTF2-KHSRP	false	0.0
HepG2	CSTF2-ILF3	false	0.0
HepG2	CSTF2-IGF2BP3	false	0.0
HepG2	CSTF2-IGF2BP1	false	0.0
HepG2	CSTF2-HNRNPM	false	0.0
HepG2	CSTF2-HNRNPL	true	0.0
HepG2	CSTF2-HNRNPK	false	0.0
HepG2	CSTF2-HLTF	false	0.0
HepG2	CSTF2-GTF2F1	false	0.0
HepG2	CSTF2-GRWD1	false	0.0
HepG2	CSTF2-GRSF1	false	0.0
HepG2	CSTF2-G3BP1	false	0.0
HepG2	CSTF2-FXR2	false	0.0
HepG2	CSTF2-FUS	true	0.0
HepG2	CSTF2-FUBP3	false	0.0
HepG2	CSTF2-FTO	false	0.0
HepG2	CSTF2-FASTKD2	false	0.0
HepG2	CSTF2-FAM120A	false	0.0
HepG2	CSTF2-EIF3H	false	0.0
HepG2	CSTF2-EIF3D	false	0.0
HepG2	CSTF2-EFTUD2	false	0.0
HepG2	CSTF2-DROSHA	false	0.0
HepG2	CSTF2-DKC1	false	0.0
HepG2	CSTF2-DGCR8	false	0.0
HepG2	CSTF2-DDX59	false	0.0
HepG2	CSTF2-DDX55	false	0.0
HepG2	CSTF2-DDX3X	false	0.0
HepG2	CSTF2-CSTF2T	true	0.0
HepG2	CDC40-XPO5	false	0.0
HepG2	CDC40-TIA1	false	0.0
HepG2	CDC40-TAF15	false	0.0
HepG2	CDC40-SRSF1	false	0.0
HepG2	CDC40-SF3B4	false	0.0
HepG2	CDC40-RPS3	false	0.0
HepG2	CDC40-RBM22	false	0.0
HepG2	CDC40-RBFOX2	false	0.0
HepG2	CDC40-PTBP1	false	0.0
HepG2	CDC40-PRPF8	false	0.0
HepG2	CDC40-LARP7	false	0.0
HepG2	CDC40-HNRNPL	false	0.0
HepG2	CDC40-HNRNPC	false	0.0
HepG2	CDC40-FUS	false	0.0
HepG2	CDC40-DGCR8	false	0.0
HepG2	CDC40-CSTF2T	false	0.0
HepG2	CDC40-CSTF2	false	0.0
HepG2	BUD13-XRCC6	false	0.0
HepG2	BUD13-XPO5	false	0.0
HepG2	BUD13-WDR43	false	0.0
HepG2	BUD13-UTP18	false	0.0
HepG2	BUD13-UCHL5	false	0.0
HepG2	BUD13-TROVE2	false	0.0
HepG2	BUD13-TAF15	false	0.0
HepG2	BUD13-SUGP2	false	0.0
HepG2	BUD13-SUB1	false	0.0
HepG2	BUD13-STAU2	false	0.0
HepG2	BUD13-SSB	false	0.0
HepG2	BUD13-SRSF9	false	0.0
HepG2	BUD13-SRSF7	true	0.0
HepG2	BUD13-SLTM	false	0.0
HepG2	BUD13-SFPQ	false	0.0
HepG2	BUD13-SDAD1	false	0.0
HepG2	BUD13-POLR2G	false	0.0
HepG2	BUD13-PCBP2	false	0.0
HepG2	BUD13-PCBP1	false	0.0
HepG2	BUD13-NSUN2	false	0.0
HepG2	BUD13-NOLC1	false	0.0
HepG2	BUD13-NOL12	false	0.0
HepG2	BUD13-NIP7	false	0.0
HepG2	BUD13-MATR3	false	0.0
HepG2	BUD13-LSM11	false	0.0
HepG2	BUD13-LARP7	false	0.0
HepG2	BUD13-HNRNPUL1	false	0.0
HepG2	BUD13-HNRNPU	false	0.0
HepG2	BUD13-HNRNPL	false	0.0
HepG2	BUD13-HNRNPA1	false	0.0
HepG2	BUD13-GRSF1	false	0.0
HepG2	BUD13-FUS	false	0.0
HepG2	BUD13-FTO	false	0.0
HepG2	BUD13-FKBP4	false	0.0
HepG2	BUD13-FASTKD2	false	0.0
HepG2	BUD13-FAM120A	false	0.0
HepG2	BUD13-EXOSC5	false	0.0
HepG2	BUD13-EIF3H	false	0.0
HepG2	BUD13-EIF3D	false	0.0
HepG2	BUD13-DROSHA	false	0.0
HepG2	BUD13-DKC1	false	0.0
HepG2	BUD13-DHX30	false	0.0
HepG2	BUD13-DDX6	false	0.0
HepG2	BUD13-DDX52	false	0.0
HepG2	BUD13-CSTF2	false	0.0
HepG2	BUD13-CDC40	true	0.0
HepG2	BCLAF1-TAF15	false	0.0
HepG2	BCLAF1-LARP7	false	0.0
HepG2	BCLAF1-HNRNPL	false	0.0
HepG2	BCLAF1-FUS	false	0.0
HepG2	BCLAF1-CSTF2	false	0.0
HepG2	BCCIP-XPO5	false	0.0
HepG2	BCCIP-U2AF2	false	0.0
HepG2	BCCIP-SF3B4	false	0.0
HepG2	BCCIP-RPS3	false	0.0
HepG2	BCCIP-RBM22	false	0.0
HepG2	BCCIP-RBFOX2	false	0.0
HepG2	BCCIP-PRPF8	false	0.0
HepG2	BCCIP-IGF2BP1	false	0.0
HepG2	BCCIP-HNRNPL	false	0.0
HepG2	BCCIP-FUS	false	0.0
HepG2	BCCIP-DDX3X	false	0.0
HepG2	BCCIP-CSTF2T	false	0.0
HepG2	BCCIP-BUD13	false	0.0
HepG2	AQR-XPO5	false	0.0
HepG2	AQR-TAF15	false	0.0
HepG2	AQR-LARP7	false	0.0
HepG2	AQR-HNRNPL	false	0.0
HepG2	AKAP1-XPO5	false	0.0
HepG2	AKAP1-TAF15	false	0.0
HepG2	AKAP1-SRSF1	false	0.0
HepG2	AKAP1-RPS3	false	0.0
HepG2	AKAP1-RBM22	false	0.0
HepG2	AKAP1-PTBP1	false	0.0
HepG2	AKAP1-LIN28B	false	0.0
HepG2	AKAP1-LARP7	false	0.0
HepG2	AKAP1-IGF2BP1	false	0.0
HepG2	AKAP1-HNRNPL	false	0.0
HepG2	AKAP1-HNRNPC	false	0.0
HepG2	AKAP1-DGCR8	false	0.0
HepG2	AKAP1-DDX3X	false	0.0
HepG2	AKAP1-CSTF2	false	0.0
HepG2	AKAP1-BUD13	false	0.0
HepG2	AGGF1-XPO5	false	0.0
HepG2	AGGF1-U2AF2	false	0.0
HepG2	AGGF1-TIA1	false	0.0
HepG2	AGGF1-TAF15	false	0.0
HepG2	AGGF1-SRSF1	false	0.0
HepG2	AGGF1-SF3B4	false	0.0
HepG2	AGGF1-RPS3	false	0.0
HepG2	AGGF1-RBM22	false	0.0
HepG2	AGGF1-RBFOX2	false	0.0
HepG2	AGGF1-PTBP1	false	0.0
HepG2	AGGF1-LARP7	false	0.0
HepG2	AGGF1-IGF2BP1	false	0.0
HepG2	AGGF1-HNRNPL	false	0.0
HepG2	AGGF1-HNRNPC	false	0.0
HepG2	AGGF1-DGCR8	false	0.0
HepG2	AGGF1-DDX3X	false	0.0
HepG2	AGGF1-CSTF2T	false	0.0
HepG2	AGGF1-CSTF2	false	0.0
HepG2	AGGF1-BUD13	false	0.0
