Plot Type	Cell Line	PPI Source	PPI Type	Curve	AUC	ROC Input Table: # INTER-RBP Interaction Features (Rows)	# Rows as % of All INTER-RBP Interaction Effects	ROC Input Table: # True PPIs	% Rows w/ True PPI	# Rows w/ 0 Abs. SHAP Value	% Rows w/ 0 Abs. SHAP Value	Abs. SHAP - Min Val	Abs. SHAP - 50th Percentile	Abs. SHAP - 75th Percentile	Abs. SHAP - 90th Percentile	Abs. SHAP - 95th Percentile	Abs. SHAP - 99th Percentile	Abs. SHAP - Max Val	Partial AUC @ FPR=0.01	Partial AUC @ FPR=0.025	Partial AUC @ FPR=0.05	Partial AUC @ FPR=0.1	Partial AUC @ FPR=0.2	Partial AUC @ FPR=0.3	Partial AUC @ FPR=0.4	Partial AUC @ FPR=0.5
RBP-SPECIFIC_MAX_VALUE	HepG2	Street et al | IP/SEC-MS (Both)	Same-Position	roc	0.6111918924873319	1528	0.7773707773707773	15	0.981675392670157	1175	76.8979057591623	0.0	0.0	0.0	0.05077999904751766	0.14126886501908292	0.5038249102234843	1.1921803951263428	0.5357045195131861	0.5495801506493652	0.5496805463758537	0.5789241775953433	0.6110988715086534	0.6116448838667964	0.6114571004505643	0.61134905276184
RBP-SPECIFIC_MAX_VALUE	K562	Rec-Y2H/Street et al. IP-MS (Union)	All-Positions	roc	0.6106154198123999	4481	1.297802337839873	141	3.1466190582459275	2204	49.185449676411515	0.0	8.315184459206648e-6	0.04925531521439552	0.1765429824590683	0.3211708068847656	0.684283328056335	1.8087801933288574	0.49748743718592964	0.49863538371222793	0.5025488505241422	0.515638788116482	0.5404914425161509	0.5605137502266979	0.5762682003137563	0.5901689708141321
RBP-SPECIFIC_MAX_VALUE	K562	Street et al | IP/SEC-MS (Both)	All-Positions	roc	0.6065597381342062	3080	0.8920399911954493	25	0.8116883116883116	1299	42.175324675324674	0.0	0.0014945868751965463	0.0687183253467083	0.218953429162502	0.3762787997722617	0.7702866971492768	1.8087801933288574	0.49748743718592964	0.4936708860759494	0.48717948717948717	0.5121715910069774	0.5422804146208402	0.5633002791951478	0.5771890343698854	0.5832144026186579
RBP-SPECIFIC_MAX_VALUE	HepG2	Rec-Y2H/Street et al. IP-MS (Union)	Same-Position	roc	0.6023094532722866	2335	1.1879324379324379	79	3.3832976445396143	1861	79.70021413276231	0.0	0.0	0.0	0.04233966171741483	0.13310368806123732	0.5213593482971178	1.5624902248382568	0.5083934801036334	0.5213760297097324	0.5358764884754651	0.5556094991046159	0.5817357951409512	0.591190601267484	0.5957998192541687	0.5984518923726612
RBP-SPECIFIC_MAX_VALUE	K562	Rec-Y2H/Street et al. IP-MS (Union)	Same-Position	roc	0.6004351773582542	3675	1.0643658985854794	126	3.428571428571429	2367	64.40816326530611	0.0	0.0	0.005641971714794636	0.070821775496006	0.16239040195941887	0.47778533875941936	1.8087801933288574	0.5033815150884011	0.5094232568151055	0.5187440946809783	0.5313987043310352	0.5537556099216661	0.5695034533646901	0.5817105237900226	0.5893390863548578
RBP-SPECIFIC_MAX_VALUE	K562	Rec-Y2H	All-Positions	roc	0.5983292458614348	2845	0.8239784983607317	49	1.7223198594024607	1506	52.934973637961335	0.0	0.0	0.03865719959139824	0.14738340377807616	0.27107390165328893	0.6170031142234795	1.759062647819519	0.49967348640666176	0.5058963445214018	0.5108508903726562	0.515319568080225	0.5358935181130153	0.5566037573827814	0.5755826472219789	0.5859547157670645
RBP-SPECIFIC_MAX_VALUE	HepG2	Street et al | IP-MS	Same-Position	roc	0.5978865479841226	1528	0.7773707773707773	51	3.337696335078534	1175	76.8979057591623	0.0	0.0	0.0	0.05077999904751766	0.14126886501908292	0.5038249102234843	1.1921803951263428	0.5085214061332457	0.5274275046871589	0.5438894964961316	0.5656202116666073	0.5810414739882261	0.5885427254843365	0.5924161212910081	0.5946448136474621
RBP-SPECIFIC_MAX_VALUE	HepG2	Rec-Y2H	Same-Position	roc	0.596441947565543	1632	0.8302808302808303	30	1.8382352941176472	1311	80.33088235294117	0.0	0.0	0.0	0.04152871482074263	0.13618873581290122	0.5083114555478109	1.5624902248382568	0.5069186966877668	0.5139409071993342	0.5271935721373924	0.5405523797008126	0.5770446255905608	0.5859588360570048	0.5903045136593963	0.5928049496952339
RBP-SPECIFIC_MAX_VALUE	K562	Street et al | IP/SEC-MS (Both)	Same-Position	roc	0.5953934422833944	2560	0.7414358368377761	19	0.7421875	1487	58.08593749999999	0.0	0.0	0.01301232841797173	0.08602857142686844	0.18698074296116823	0.5255280077457417	1.8087801933288574	0.49748743718592964	0.4936708860759494	0.5109940564486019	0.5240820624854873	0.5683078218963387	0.5920769351672813	0.596628451293523	0.5962521019966422
RBP-SPECIFIC_MAX_VALUE	K562	Street et al | IP-MS	Same-Position	roc	0.5917768773924929	2560	0.7414358368377761	83	3.2421875000000004	1487	58.08593749999999	0.0	0.0	0.01301232841797173	0.08602857142686844	0.18698074296116823	0.5255280077457417	1.8087801933288574	0.4991421837702895	0.5041894965480499	0.511357438698616	0.5294797104829235	0.5523663757438582	0.5623158525002191	0.5706873720153119	0.5791072178446117
RBP-SPECIFIC_MAX_VALUE	K562	Rec-Y2H/Street et al. IP-MS (Union)	Different-Position	roc	0.5910277141524225	4241	1.2282927281363316	139	3.2775288846970057	2092	49.32798868191464	0.0	4.30806539952755e-6	0.038512714207172394	0.14318038523197174	0.2772546708583832	0.6193577408790618	1.5718275308609009	0.49748743718592964	0.4943138121069099	0.4965854567592972	0.5026723879948108	0.5214369703651998	0.5412619340957097	0.5574041132769065	0.570204392312576
RBP-SPECIFIC_MAX_VALUE	K562	Street et al | IP-MS	All-Positions	roc	0.5876252297957846	3080	0.8920399911954493	94	3.051948051948052	1299	42.175324675324674	0.0	0.0014945868751965463	0.0687183253467083	0.218953429162502	0.3762787997722617	0.7702866971492768	1.8087801933288574	0.49748743718592964	0.49501660410400705	0.4965046923833317	0.5060112552118922	0.531155241402352	0.5465055811838923	0.5581463496316141	0.5667535971650207
RBP-SPECIFIC_MAX_VALUE	K562	Rec-Y2H	Same-Position	roc	0.5804953252436842	2329	0.6745328374981174	44	1.8892228424216402	1589	68.2267067410906	0.0	0.0	0.0013437180314213037	0.05517784208059359	0.1305856883525848	0.4126049649715402	1.759062647819519	0.5098328323535322	0.5155023631881511	0.5213794229111516	0.5244364641462419	0.5392104855999823	0.5598474122093635	0.5685110209183508	0.5733935152731162
RBP-SPECIFIC_MAX_VALUE	K562	Street et al | IP/SEC-MS (Both)	Different-Position	roc	0.5776829268292684	2977	0.8622087836976796	25	0.8397715821296607	1268	42.59321464561639	0.0	0.0009889949578791857	0.05429526045918465	0.1780019283294678	0.312002545595169	0.6664891147613504	1.5718275308609009	0.49748743718592964	0.4936708860759494	0.49193245778611633	0.5059620596205963	0.5415386931647094	0.5517827727296881	0.5534129403794038	0.5591869918699187
RBP-SPECIFIC_MAX_VALUE	K562	Rec-Y2H	Different-Position	roc	0.5770797020455061	2660	0.7703981742142518	49	1.8421052631578945	1414	53.1578947368421	0.0	0.0	0.029546684119850397	0.12231815308332443	0.2261156305670736	0.5685700595378866	1.3717466592788696	0.49748743718592964	0.49624727211276815	0.4990962239416581	0.5007818281820983	0.5193890143827223	0.5425393443474671	0.5548220245585787	0.5635230897806993
RBP-SPECIFIC_MAX_VALUE	K562	Street et al | IP-MS	Different-Position	roc	0.5711909426569212	2977	0.8622087836976796	92	3.0903594222371518	1268	42.59321464561639	0.0	0.0009889949578791857	0.05429526045918465	0.1780019283294678	0.312002545595169	0.6664891147613504	1.5718275308609009	0.49748743718592964	0.4936708860759494	0.49333325604895195	0.49952210795997604	0.512345213874865	0.5260563723643327	0.5401509871147615	0.550611609273353
RBP-SPECIFIC_MAX_VALUE	HepG2	Rec-Y2H/Street et al. IP-MS (Union)	All-Positions	roc	0.5706657961924526	2860	1.455026455026455	93	3.2517482517482517	1796	62.7972027972028	0.0	0.0	0.024496459867805243	0.16386038362979882	0.32174275815486897	0.6829013025760647	1.5624902248382568	0.5000280127256862	0.5102952907669672	0.5241367772465853	0.5411582338454528	0.5530421476187823	0.5651118750619577	0.56879713783327	0.5695584430907147
RBP-SPECIFIC_MAX_VALUE	HepG2	Street et al | IP/SEC-MS (Both)	All-Positions	roc	0.5685033507073716	1834	0.9330484330484331	17	0.9269356597600873	1046	57.033805888767716	0.0	0.0	0.04185144975781441	0.19738255292177206	0.367536725103855	0.756955556869508	1.2834606170654297	0.49748743718592964	0.533847410347627	0.5527741599158609	0.5537842631766375	0.5628612846716379	0.5843497812216926	0.5860581436757422	0.579274344895362
RBP-SPECIFIC_MAX_VALUE	HepG2	Street et al | IP-MS	All-Positions	roc	0.5593808718526869	1834	0.9330484330484331	60	3.271537622682661	1046	57.033805888767716	0.0	0.0	0.04185144975781441	0.19738255292177206	0.367536725103855	0.756955556869508	1.2834606170654297	0.49748743718592964	0.5080844262412056	0.5219938523207971	0.5467770327735912	0.5571370412125767	0.5646410386777785	0.5649808577602405	0.563011386881853
RBP-SPECIFIC_MAX_VALUE	HepG2	Rec-Y2H	All-Positions	roc	0.5545843299267956	2006	1.0205535205535206	35	1.744765702891326	1292	64.40677966101694	0.0	0.0	0.021126563660800457	0.15251687169075012	0.28747133165597916	0.6699746608734134	1.5624902248382568	0.502375252358043	0.5043207888708149	0.5086185588468694	0.5237027118786312	0.5331593824744509	0.5494047441401726	0.5530693497424242	0.5536865638916125
FEATURE-SPECIFIC	K562	Street et al | IP/SEC-MS (Both)	Same-Position	roc	0.5446803283491933	10404	3.0132415806485247	86	0.8266051518646674	8143	78.26797385620915	0.0	0.0	0.0	0.009282616991549746	0.041478837467730095	0.2338471128046511	1.8087801933288574	0.500339365929029	0.5037101879399077	0.5114292163927707	0.5259962091654303	0.5397972385129622	0.5422310667565895	0.5432463856565847	0.5438305845313511
FEATURE-SPECIFIC	K562	Street et al | IP/SEC-MS (Both)	All-Positions	roc	0.542776851430785	59873	17.340620257417257	500	0.8351009637065121	47370	79.11746530155496	0.0	0.0	0.0	0.005100096017122283	0.023416883870959034	0.1615383607149122	1.8087801933288574	0.500741052203229	0.5034578859631674	0.5092081827749555	0.5190240823624419	0.5336380172805821	0.5378834022962875	0.5399119366951545	0.541079124180041
FEATURE-SPECIFIC	HepG2	Street et al | IP/SEC-MS (Both)	Different-Position	roc	0.5424480409146515	30460	15.496540496540497	229	0.7518056467498359	28634	94.00525279054499	0.0	0.0	0.0	0.0	0.0012651755881961401	0.10710219137370583	1.2834606170654297	0.5015367763181553	0.5096431952984736	0.5188630421875916	0.531267892144798	0.5377858115236563	0.5399283801776062	0.540972882396407	0.5415738729038398
FEATURE-SPECIFIC	K562	Street et al | IP/SEC-MS (Both)	Different-Position	roc	0.5424391531343357	49469	14.32737867676873	414	0.8368877478825122	39227	79.29612484586308	0.0	0.0	0.0	0.004566299915313769	0.02051534056663511	0.14149760246276852	1.5718275308609009	0.500654249865957	0.5031774107342527	0.5082105680679597	0.5174111065266256	0.532476883413203	0.5370829335731515	0.5393033052024688	0.5405808728784145
FEATURE-SPECIFIC	K562	Street et al | IP-MS	Same-Position	roc	0.5398834901499558	10404	3.0132415806485247	380	3.652441368704344	8143	78.26797385620915	0.0	0.0	0.0	0.009282616991549746	0.041478837467730095	0.2338471128046511	1.8087801933288574	0.5010715356933363	0.5056501305594089	0.5120240437794098	0.5195237800470007	0.5290892501271801	0.5340629097388532	0.5364757778939659	0.5378641051093692
FEATURE-SPECIFIC	K562	Rec-Y2H/Street et al. IP-MS (Union)	Same-Position	roc	0.5390404454181703	14155	4.099618855640125	576	4.069233486400565	11555	81.63193217944189	0.0	0.0	0.0	0.005329187028110029	0.03175077624618994	0.19834285765886184	1.8087801933288574	0.5029786120585827	0.5069204987762915	0.5118510488060897	0.5188620204529785	0.529512403870004	0.5338910994344186	0.5360257135220707	0.537253937627889
FEATURE-SPECIFIC	HepG2	Street et al | IP/SEC-MS (Both)	All-Positions	roc	0.5378204039130792	36793	18.71845746845747	300	0.81537248933221	34489	93.73793928192863	0.0	0.0	0.0	0.0	0.0027928031515330395	0.12435801088810003	1.2834606170654297	0.5037961664110246	0.5123366471877562	0.5203458525355875	0.5294017060972526	0.5343097260859032	0.535923089057951	0.5367096035068243	0.5371621518204838
RBP-SPECIFIC_MAX_VALUE	HepG2	Rec-Y2H/Street et al. IP-MS (Union)	Different-Position	roc	0.5374013741360679	2786	1.4173789173789173	91	3.2663316582914574	1862	66.83417085427136	0.0	0.0	0.011370255379006267	0.11279343441128731	0.2469225823879242	0.6218414098024373	1.2834606170654297	0.49748743718592964	0.5028789345503373	0.5123034997446301	0.5163483133407946	0.5254405458487091	0.533947445111911	0.5354633501287511	0.5362529154650655
RBP-SPECIFIC_MAX_VALUE	HepG2	Street et al | IP-MS	Different-Position	roc	0.5357840888693882	1787	0.9091371591371591	58	3.2456631225517625	1082	60.54840514829323	0.0	0.0	0.02605228964239359	0.1565331250429154	0.31084549427032376	0.6570607888698559	1.2834606170654297	0.49748743718592964	0.504309240347284	0.5117409929639443	0.5190405162704331	0.5265628704830156	0.5371249155811982	0.538415987696393	0.5373437326187245
FEATURE-SPECIFIC	HepG2	Street et al | IP-MS	Same-Position	roc	0.5325741406844674	6333	3.2219169719169716	242	3.8212537501973785	5855	92.45223432812253	0.0	0.0	0.0	0.0	0.01272144541144364	0.1940859276056299	1.1921803951263428	0.5076871990394394	0.5148810876858767	0.519420943131037	0.52586766609121	0.5297774763822037	0.5310627081387588	0.5316892586200792	0.532049766127793
FEATURE-SPECIFIC	K562	Rec-Y2H/Street et al. IP-MS (Union)	All-Positions	roc	0.5322073443479586	78387	22.702707399297953	3103	3.9585645578986313	64168	81.86051258499496	0.0	0.0	0.0	0.0030944322235882406	0.018656145408749568	0.14268709421157827	1.8087801933288574	0.5005703208774269	0.5023960903931738	0.5072269924324826	0.5151008697273537	0.5247475537844216	0.5281757663595765	0.5298470199899645	0.5308086336172955
FEATURE-SPECIFIC	HepG2	Street et al | IP-MS	All-Positions	roc	0.5307505524415689	36793	18.71845746845747	1246	3.386513739026445	34489	93.73793928192863	0.0	0.0	0.0	0.0	0.0027928031515330395	0.12435801088810003	1.2834606170654297	0.5030605576610051	0.5073120819637287	0.5132492441325216	0.5224168571096411	0.5272753214663891	0.5288723945248357	0.5296509676408284	0.5300989466337227
FEATURE-SPECIFIC	K562	Rec-Y2H/Street et al. IP-MS (Union)	Different-Position	roc	0.5306407387204658	64232	18.60308854365783	2527	3.9341761115954665	52613	81.9108855399178	0.0	0.0	0.0	0.0027920002583414327	0.016438271570950735	0.12653414472937596	1.5718275308609009	0.4996722255844826	0.5010113958595426	0.5062724711906628	0.5143707981351842	0.523641463372314	0.526858042116869	0.5284261242548396	0.5293283745926872
FEATURE-SPECIFIC	K562	Street et al | IP-MS	All-Positions	roc	0.5302418883008395	59873	17.340620257417257	2099	3.5057538456399375	47370	79.11746530155496	0.0	0.0	0.0	0.005100096017122283	0.023416883870959034	0.1615383607149122	1.8087801933288574	0.5000945285368766	0.5012974616045307	0.5050017168913106	0.5122605755862396	0.5216303923796887	0.5256024435916615	0.527525682788706	0.5286322850343901
FEATURE-SPECIFIC	HepG2	Street et al | IP-MS	Different-Position	roc	0.530147284977418	30460	15.496540496540497	1004	3.2961260669730796	28634	94.00525279054499	0.0	0.0	0.0	0.0	0.0012651755881961401	0.10710219137370583	1.2834606170654297	0.5015476622657011	0.5054434590107176	0.5119922127670602	0.5216064675449876	0.5265856820975018	0.528222448126875	0.5290203715661944	0.5294794844374336
FEATURE-SPECIFIC	HepG2	Rec-Y2H/Street et al. IP-MS (Union)	Same-Position	roc	0.5287240409405795	9456	4.810744810744811	361	3.8176818950930627	8838	93.46446700507614	0.0	0.0	0.0	0.0	0.0075377176981419325	0.18675264567137073	1.5624902248382568	0.5061868729875715	0.5122482410528433	0.5185137069737753	0.5240004688705481	0.5267542660307173	0.5276594934709113	0.528100791848006	0.5283547081449803
FEATURE-SPECIFIC	K562	Street et al | IP-MS	Different-Position	roc	0.5280709775865063	49469	14.32737867676873	1719	3.474903474903475	39227	79.29612484586308	0.0	0.0	0.0	0.004566299915313769	0.02051534056663511	0.14149760246276852	1.5718275308609009	0.4994477212012078	0.4996661692110233	0.5033982408670603	0.5106957382766419	0.5199217519283672	0.5236760465965205	0.5254979248768079	0.5265462056103887
FEATURE-SPECIFIC	K562	Rec-Y2H	Different-Position	roc	0.5227128090126619	38049	11.019879748375212	839	2.205051381113827	32302	84.89579226786512	0.0	0.0	0.0	0.0010447660461068186	0.01236758399754762	0.10671090811490931	1.3717466592788696	0.5000113325800525	0.5031418540724634	0.508653458797585	0.5170595224823005	0.5206728752847763	0.5216103448288414	0.522067361231573	0.5223303214386832
FEATURE-SPECIFIC	K562	Rec-Y2H	All-Positions	roc	0.5225248797546957	46661	13.514116243237295	1041	2.2309851910589145	39593	84.8524463684876	0.0	0.0	0.0	0.0011537603568285704	0.013884472660720348	0.12154291868209839	1.759062647819519	0.5010607577095703	0.5033120577299217	0.5079417852684546	0.5158807541438994	0.520091040961169	0.5212095330537824	0.5217547979489314	0.5220685349809094
FEATURE-SPECIFIC	HepG2	Rec-Y2H	Same-Position	roc	0.5217564896783671	6595	3.3552096052096054	128	1.9408642911296439	6196	93.9499620924943	0.0	0.0	0.0	0.0	0.006110136816278038	0.18212132722139213	1.5624902248382568	0.5047527726773655	0.5089560093796548	0.5167700515040858	0.5195824053320959	0.5208498756299906	0.5212665181154578	0.521469631327123	0.5215864995442965
FEATURE-SPECIFIC	K562	Rec-Y2H	Same-Position	roc	0.5216868179089015	8612	2.494236494862081	202	2.345564328843474	7291	84.66093822573154	0.0	0.0	0.0	0.0017731367726810357	0.02379622310400008	0.1809716030955313	1.759062647819519	0.5049859911630059	0.5054556856218442	0.505865157081884	0.5114193815025786	0.5176282575924245	0.5194934047966878	0.5204026640587661	0.520925837849562
FEATURE-SPECIFIC	HepG2	Street et al | IP/SEC-MS (Both)	Same-Position	roc	0.5212662111281551	6333	3.2219169719169716	71	1.1211116374546028	5855	92.45223432812253	0.0	0.0	0.0	0.0	0.01272144541144364	0.1940859276056299	1.1921803951263428	0.5102434679368475	0.5186023010538966	0.5267839089504309	0.5252299193214212	0.5229191155050452	0.5221595087141949	0.5217892004036554	0.5215761306988219
FEATURE-SPECIFIC	HepG2	Rec-Y2H/Street et al. IP-MS (Union)	All-Positions	roc	0.5212407269486276	54274	27.61192511192511	1930	3.5560305118472932	51456	94.80782695213178	0.0	0.0	0.0	0.0	0.00006659358441538617	0.10376563176512403	1.5624902248382568	0.5025665069516687	0.5061094792629686	0.5115409986375199	0.5167737846725933	0.5193779691270715	0.520234015920066	0.5206513387316508	0.5208914598570858
FEATURE-SPECIFIC	HepG2	Rec-Y2H/Street et al. IP-MS (Union)	Different-Position	roc	0.5194277785590699	44818	22.801180301180302	1569	3.500825561158463	42618	95.09125797670579	0.0	0.0	0.0	0.0	0.0	0.08821494176983842	1.2834606170654297	0.5011088726289604	0.5044434546078351	0.5099284293290032	0.5150527320190814	0.5176033421418456	0.5184417779953494	0.5188505154739325	0.5190856967308403
RBP-SPECIFIC_MAX_VALUE	HepG2	Rec-Y2H	Different-Position	roc	0.5053701231271325	1961	0.9976597476597477	35	1.7848036715961242	1355	69.09739928607853	0.0	0.0	0.006721458863466978	0.09729614108800888	0.20349635183811188	0.5651605725288421	1.1941767930984497	0.49748743718592964	0.49672042798743377	0.5000513505186402	0.4989654822414291	0.5029092287659266	0.5069097213132397	0.5062113336467434	0.5058686182498648
FEATURE-SPECIFIC	HepG2	Rec-Y2H	All-Positions	roc	0.5052489020952949	37773	19.217032967032967	729	1.9299499642601858	36128	95.64503746062002	0.0	0.0	0.0	0.0	0.0	0.08910513669252365	1.5624902248382568	0.5009559085080726	0.5032931558515382	0.5047582908194568	0.505022944809922	0.5051546757376086	0.5051979782916924	0.5052190882868083	0.5052312346532287
FEATURE-SPECIFIC	HepG2	Rec-Y2H	Different-Position	roc	0.501744647606052	31178	15.861823361823363	601	1.9276412855218423	29932	96.0035922766053	0.0	0.0	0.0	0.0	0.0	0.06968480326235289	1.1941767930984497	0.49940937896480564	0.501225274772928	0.5016873520529935	0.501718259407756	0.5017336434739779	0.5017387005199678	0.5017411658298879	0.501742584331288
RBP-SPECIFIC_MAX_VALUE	HepG2	Street et al | IP/SEC-MS (Both)	Different-Position	roc	0.47710202725157863	1787	0.9091371591371591	17	0.9513150531617236	1082	60.54840514829323	0.0	0.0	0.02605228964239359	0.1565331250429154	0.31084549427032376	0.6570607888698559	1.2834606170654297	0.49748743718592964	0.5073008821636357	0.50916481325255	0.5034195658638121	0.5234666371256601	0.5252152040610195	0.511380383770806	0.49741512741112076
