Protein1,Protein2,Position,Pearson_Corr,Pearson_P,Spearman_Corr,Spearman_P,n
BCLAF1,BUD13,1,0.43859240606891237,6.70208992206444e-41,0.4098624536482143,1.901565489053979e-35,842
BCLAF1,BUD13,2,0.12427300696712434,0.0007527943195440877,0.43009981564414884,2.5660424569729517e-34,732
BCLAF1,BUD13,3,0.6761721428136255,1.839933866931496e-105,0.6234143332356196,2.6398031106793185e-85,781
BCLAF1,BUD13,4,0.5546611120137228,6.575447499992982e-53,0.4704446921286813,1.4734706920214333e-36,640
BCLAF1,BUD13,5,0.7282742350127461,1.7215323510604887e-177,0.6839814526427586,1.830972866399193e-148,1070
BCLAF1,BUD13,6,0.6505061961978253,1.0887507792450112e-105,0.5930808351960895,1.123693196758741e-83,869
BUD13,CDC40,1,-0.7206523299192966,2.2493407926198824e-6,-0.8155339805825241,7.433295906720912e-9,33
BUD13,CDC40,2,NaN,NaN,NaN,NaN,306
BUD13,CDC40,3,-0.9021507614126726,1.587388396005838e-26,-0.8076472132295038,2.9842303328639697e-17,70
BUD13,CDC40,4,0.5360256359736624,1.0551431213419082e-14,0.6178667941650651,3.1625858555608403e-20,179
BUD13,CDC40,5,0.05789897869190648,0.5732174631968656,0.7655882730072567,6.70038140455668e-20,97
BUD13,CDC40,6,NaN,NaN,NaN,NaN,66
BUD13,EFTUD2,1,0.23826589550270724,2.0587269558701424e-14,0.44201061941114195,3.1945515210241147e-49,1003
BUD13,EFTUD2,2,0.34054098711900815,2.9177099451758404e-74,0.5872450903534533,5.5815486523452983e-250,2699
BUD13,EFTUD2,3,-0.440209219870299,1.5456901517423524e-63,-0.3549292943539733,2.1978241207892882e-40,1317
BUD13,EFTUD2,4,0.7105614948505469,1.6029000230244637e-235,0.7199161289843353,1.2821067771039576e-244,1530
BUD13,EFTUD2,5,-0.5724614932696321,5.746692903899908e-121,-0.6564687551540815,6.4954279076052785e-171,1380
BUD13,EFTUD2,6,0.18031641947708155,8.117991739097785e-10,0.14319823066782456,1.1550757024655004e-6,1144
BUD13,FXR2,1,-0.020426594344949433,0.8120359733862041,-0.0439690661625191,0.6086026498306767,138
BUD13,FXR2,2,-0.03348930309041242,0.6438262536958197,-0.07272683264255207,0.3148381956827138,193
BUD13,FXR2,3,0.3083601208187964,0.00002285442827960294,0.21999173895084675,0.002844631043903471,182
BUD13,FXR2,4,0.8105057084398557,4.151893212211285e-41,0.7105341159049153,1.373801369514458e-27,171
BUD13,FXR2,5,-0.07415279178527195,0.30541828991912884,-0.33016964402411697,2.7422296398784132e-6,193
BUD13,FXR2,6,-0.4237940694540143,2.5193411249403633e-13,-0.3364122290594653,1.1985599602555631e-8,273
BUD13,PABPN1,1,-0.8276016630853801,1.6143951933192005e-85,-0.6304587048491471,1.6005145072469115e-38,335
BUD13,PABPN1,2,-0.03134750835546672,0.5376098692591784,-0.16767569090485884,0.0009002593664380551,389
BUD13,PABPN1,3,0.6163904819033247,2.5921797999960405e-50,0.5229888811817586,3.2514006722046654e-34,468
BUD13,PABPN1,4,0.5008669235212185,6.272617157084181e-23,0.5171032892371414,1.4166968045639316e-24,339
BUD13,PABPN1,5,0.42212331566307154,6.967404770749928e-28,0.413311830065752,1.0845192846451243e-26,613
BUD13,PABPN1,6,0.6753822672773594,3.021666696481565e-72,0.5306701304629683,4.7406382708121595e-40,533
BUD13,PRPF8,1,-0.36160405642045496,2.836559713719676e-26,-0.42834491578030526,2.9518957563938132e-37,805
BUD13,PRPF8,2,0.3798159208510369,4.583423366906228e-136,0.5235196229163044,1.4486039352878403e-277,3959
BUD13,PRPF8,3,0.8674954877258227,4.801239475754159e-273,0.774671117107314,6.321442562831913e-180,895
BUD13,PRPF8,4,0.5143047151774246,2.8939651102659706e-161,0.4726737505957302,4.3619980855091754e-133,2386
BUD13,PRPF8,5,0.46142922283575566,1.6952604435638452e-48,0.2750189648748297,4.962365184147722e-17,897
BUD13,PRPF8,6,0.49968764876386296,4.030304582093553e-109,0.4604865617519806,7.399437480246665e-91,1717
BUD13,RBM22,1,0.35060385384208276,0.016901458135386738,0.39459943939386893,0.006652816528131631,46
BUD13,RBM22,2,0.4320440911067856,2.7444981995531005e-61,0.7079280714975317,9.846265161227873e-202,1323
BUD13,RBM22,3,-0.8495158343741647,3.0928199352056054e-13,-0.8316412859560068,2.717010724500364e-12,44
BUD13,RBM22,4,0.5551806029102082,6.860980828926304e-50,0.3673064266321643,1.2380958253418282e-20,601
BUD13,RBM22,5,-0.027069845373120103,0.9827646958256199,-0.5,0.6666666666666667,3
BUD13,RBM22,6,0.6796746350409316,7.574036289247738e-65,0.4786732851345152,3.1209989529254374e-28,469
BUD13,SF3B4,1,0.23106763183702206,4.5191457488054597e-17,0.3422958658578086,1.0242664683429349e-36,1288
BUD13,SF3B4,2,-0.7246523191933628,4.711937053824462e-25,-0.6711712319655111,1.8661604031949922e-20,146
BUD13,SF3B4,3,0.811526709488506,2.7263026281650583e-275,0.6970004246190558,3.401362545737843e-171,1172
BUD13,SF3B4,4,-0.7296109147765791,7.210944821050186e-25,-0.7431865191049898,3.325638016024517e-26,142
BUD13,SF3B4,5,0.6634887686118658,1.792901692677012e-205,0.7127844601249962,9.349208176499766e-251,1615
BUD13,SF3B4,6,0.41390118227091754,8.479260742328671e-6,0.34262536381347974,0.000283703625693729,108
BUD13,SRSF7,1,0.6918091383196004,0.00009050545296380474,0.7234417748630283,0.000029645727796344876,26
BUD13,SRSF7,2,0.8463170791934322,7.955276394248588e-11,0.7481830548490465,1.55732197415704e-7,36
BUD13,SRSF7,3,NaN,NaN,NaN,NaN,40
BUD13,SRSF7,4,-0.1522658938259085,0.5099584847993384,-0.13116883116883118,0.570889196068409,21
BUD13,SRSF7,5,0.7784872356499613,1.0696131417226511e-19,0.8210886033599655,2.170111389271289e-23,91
BUD13,SRSF7,6,NaN,NaN,NaN,NaN,25
CSTF2,CSTF2T,1,0.8993861704434514,9.84028431496206e-10,0.8921417565485362,2.110324880666107e-9,25
CSTF2,CSTF2T,2,NaN,NaN,NaN,NaN,9
CSTF2,CSTF2T,3,NaN,NaN,NaN,NaN,2
CSTF2,CSTF2T,5,NaN,NaN,NaN,NaN,4
CSTF2,CSTF2T,6,-0.03200616823364205,0.7198583099290173,-0.291283750731817,0.0008505059178940255,128
CSTF2,PPIG,1,-0.770292395684057,0.02532108423178656,-0.8095238095238096,0.014902667686230067,8
CSTF2,PPIG,3,NaN,NaN,NaN,NaN,7
CSTF2,PPIG,4,NaN,NaN,NaN,NaN,5
CSTF2,PPIG,6,-0.8538172488756778,0.0008240985459466756,-0.9272727272727275,0.00003973774256558543,11
CSTF2,PRPF8,2,NaN,NaN,NaN,NaN,4
CSTF2,TRA2A,6,-0.9584764746307269,0.18410118728940614,-0.5,0.6666666666666667,3
CSTF2T,PCBP2,1,0.11399207990067851,0.035913320194655575,0.5884027968111895,5.8372984992900134e-33,339
CSTF2T,PCBP2,2,0.09712949588846323,0.035088128399342236,-0.361248579402156,5.768065406797024e-16,471
CSTF2T,PCBP2,3,0.13301544856811534,0.25856443294559966,0.19627185674514566,0.09373925961901351,74
CSTF2T,PCBP2,4,-0.035410446067908885,0.7551668687477454,-0.5390994297129896,2.4804381026139203e-7,80
CSTF2T,PCBP2,5,-0.070083498940019,0.582117016638167,0.1361975139002141,0.2832193454103323,64
CSTF2T,PCBP2,6,-0.8801431470712102,4.111525721597965e-19,-0.8617758241515192,1.5118109966223877e-17,56
CSTF2T,SRSF7,2,-0.4989009978580523,2.1321922343510127e-6,-0.9355258125982472,1.902114015083449e-37,81
CSTF2T,SRSF7,4,0.12117172389551123,0.707565075926941,-0.12765957446808512,0.6925649361400551,12
CSTF2T,SRSF7,6,NaN,NaN,NaN,NaN,12
BCLAF1,DGCR8,1,0.6277625394221878,0.0013416624391111103,0.678058444774641,0.00037711883200418356,23
BCLAF1,DGCR8,2,-0.796680619719267,0.05780566900719393,-0.6,0.20799999999999982,6
BCLAF1,DGCR8,3,-0.8765244876408742,0.1234755123591258,-0.7999999999999999,0.20000000000000007,4
BCLAF1,DGCR8,4,-0.19835352996735311,0.49664410992586794,-0.546060269733862,0.04336912913691224,14
BCLAF1,DGCR8,5,NaN,NaN,NaN,NaN,3
BCLAF1,DGCR8,6,-0.9091524209385341,2.670464704823989e-6,-0.6350626118067978,0.01096779491260459,15
DGCR8,DROSHA,1,0.7837962211215646,5.7401349064696636e-36,0.5833790815813689,1.3064060225758004e-16,167
DGCR8,DROSHA,2,0.3895619626490218,6.452643399048149e-7,0.48906216233616634,1.4140619082692542e-10,153
DGCR8,DROSHA,3,0.6237671844494541,1.3606631637533673e-9,0.840831405786498,1.105662341421795e-21,77
DGCR8,DROSHA,4,-0.3826194904193435,0.0012812596610774635,-0.571706776920268,3.5380563328934725e-7,68
DGCR8,DROSHA,5,NaN,NaN,NaN,NaN,71
DGCR8,DROSHA,6,NaN,NaN,NaN,NaN,83
DGCR8,G3BP1,2,1.0,1.0,0.9999999999999999,NaN,2
DGCR8,G3BP1,4,-0.19714997778352414,0.671774130203017,-0.07692307692307693,0.8697973425982513,7
DGCR8,G3BP1,5,NaN,NaN,NaN,NaN,11
DGCR8,NCBP2,1,-0.3693396794266211,8.934431719331568e-6,-0.41929606547880427,3.400506752323621e-7,137
DGCR8,NCBP2,2,-0.11190190461595695,0.05786216123071192,-0.6368375059561951,3.6677820158103753e-34,288
DGCR8,NCBP2,3,-0.9474002135573001,2.4966788087850416e-9,-0.9813857290589449,6.836907627537225e-13,18
DGCR8,NCBP2,4,NaN,NaN,NaN,NaN,2
DGCR8,NCBP2,5,NaN,NaN,NaN,NaN,2
DGCR8,RPS3,1,-0.03608958233262255,0.8610578405171748,-0.646794485435061,0.0003561786291799398,26
DGCR8,RPS3,2,-0.983422112232898,1.4714271498548082e-21,-0.9906357811729918,6.87535568632668e-25,29
DGCR8,RPS3,5,NaN,NaN,NaN,NaN,13
DGCR8,SRSF1,1,-0.22523936360622884,0.04189708830762709,-0.29576850913956515,0.006979425295774641,82
DGCR8,SRSF1,2,0.49732800874870875,0.0004376782260336867,0.213070115724983,0.15510557373122058,46
DGCR8,SRSF1,3,0.9908527346970222,0.00001529503650375255,0.7818181818181817,0.03782289184415098,7
DGCR8,SRSF1,5,NaN,NaN,NaN,NaN,4
DGCR8,SRSF1,6,-0.9861366361591476,0.10612860200281002,-1.0,0.0,3
DGCR8,SRSF7,2,-0.5298819565347432,0.001814277290507326,0.373562346286365,0.035201387696048275,32
DGCR8,TRA2A,1,-0.6873564434881657,0.0022970892902253242,-0.7040690505548707,0.0016066645296036494,17
DGCR8,TRA2A,2,-0.9991395313028727,0.0008604686971271924,-1.0,0.0,4
DGCR8,TRA2A,3,0.9915392253450539,0.008460774654946102,1.0,0.0,4
DGCR8,TRA2A,5,NaN,NaN,NaN,NaN,2
DKC1,IGF2BP1,1,-0.661332534230099,0.00002060893968452805,-0.7433526894865525,4.747980440304651e-7,34
DKC1,IGF2BP1,2,-0.031680285571076015,0.8461298655936095,-0.13461669313616853,0.407572811474436,40
DKC1,IGF2BP1,3,0.9642985301963454,1.0891825101418161e-7,0.9834710743801653,1.63563639959926e-9,13
DKC1,IGF2BP1,4,-0.1874064994095115,0.2737408810389183,-0.7556678609254953,9.935996470867828e-8,36
DKC1,IGF2BP1,5,0.13237915036656892,0.4217696019111968,-0.10953346855983774,0.5068295186072314,39
DKC1,IGF2BP1,6,NaN,NaN,NaN,NaN,17
DKC1,IGF2BP3,2,0.17086054857100047,0.34979904895394964,0.7991625680210417,4.1540034862767826e-8,32
DKC1,IGF2BP3,3,1.0,1.0,0.9999999999999999,NaN,2
DKC1,IGF2BP3,4,-0.8101751112712273,1.027566681610223e-12,-0.8139691390664807,6.626525882141732e-13,50
DKC1,IGF2BP3,6,NaN,NaN,NaN,NaN,25
DKC1,SRSF1,2,NaN,NaN,NaN,NaN,2
DKC1,SRSF1,4,1.0,1.0,0.9999999999999999,NaN,2
EFTUD2,FXR2,1,-0.19022239361368803,0.4971024736661445,-0.2743682310469314,0.32236925728997623,15
EFTUD2,FXR2,2,0.26940764453874366,0.001287174581494103,0.36260836953417713,0.000010687866281428572,140
EFTUD2,FXR2,3,-0.21373549818874107,0.11714652927114998,0.11488071606453244,0.4036167085426502,55
EFTUD2,FXR2,4,0.5387201094965632,2.008926457422749e-13,0.6850333489103192,1.691092297622097e-23,160
EFTUD2,FXR2,5,-0.00784107685303175,0.9493991279748051,0.24138194311891584,0.04736611582440177,68
EFTUD2,FXR2,6,-0.3640466213990333,2.062873861982616e-6,-0.39123133174885943,2.874073904236338e-7,161
EFTUD2,G3BP1,1,-0.1177459562961084,0.10946818659568773,-0.29312553004925523,0.00004900965561159253,186
EFTUD2,G3BP1,2,-0.5350473337641315,7.989520497951947e-44,-0.44228155844037265,6.875458524650585e-29,574
EFTUD2,G3BP1,3,0.05001864280867241,0.4434169802892559,-0.06414378274832386,0.3254730770862644,237
EFTUD2,G3BP1,4,0.5656512227356675,7.818760833213191e-32,0.42061775114385735,7.236999440757045e-17,360
EFTUD2,G3BP1,5,-0.7373142176083346,8.797444835586039e-63,-0.6826300612816429,1.4394842823603105e-50,359
EFTUD2,G3BP1,6,0.1030047538603687,0.0804390018478091,0.17144296064435846,0.003460363873326143,289
EFTUD2,IGF2BP1,1,-0.06208542175170251,0.7272297763018467,-0.044362862251631566,0.8032644099916025,34
EFTUD2,IGF2BP1,2,0.21815442532555632,0.011974055064172767,0.4009564284987517,1.8952890028332545e-6,132
EFTUD2,IGF2BP1,4,0.9579370684115054,1.7716091272638325e-55,0.8102222092786207,1.0545673183090064e-24,101
EFTUD2,IGF2BP1,5,0.4634866932355517,0.012989107103619724,0.6204819277108435,0.00042738574409807283,28
EFTUD2,IGF2BP1,6,-0.42174465122724275,0.00012023653984642924,-0.4024811259911225,0.0002591893204475379,78
EFTUD2,IGF2BP3,1,-0.9914301978224771,2.9209347273069623e-18,-0.9947984395318594,2.5775682863930952e-20,21
EFTUD2,IGF2BP3,2,-0.9429210028017491,4.49921175427209e-37,-0.8449317765442562,8.460373037330979e-22,76
EFTUD2,IGF2BP3,3,-0.8525131594787426,9.237516386490845e-7,-0.7950391644908616,0.000016583455740657916,21
EFTUD2,IGF2BP3,4,0.6582114294566733,1.3421703999892634e-12,0.7938136119650223,6.3271518751351916e-21,91
EFTUD2,IGF2BP3,5,-0.6084936001511836,0.00010523080441380117,-0.5458111515830765,0.0006953641494688769,35
EFTUD2,IGF2BP3,6,0.13044144313101164,0.3122461681460931,0.4823339798552811,0.00007192585119989113,62
EFTUD2,MATR3,2,NaN,NaN,NaN,NaN,17
EFTUD2,RPS3,1,-0.20404449107636222,5.905055028774058e-6,-0.4371156813756746,4.741440895893785e-24,485
EFTUD2,RPS3,2,0.8482703232649931,0.0,0.8026809152045145,3.8820563493350645e-289,1280
EFTUD2,RPS3,3,-0.028298147069497598,0.44867672559019955,-0.12703804185525525,0.0006393763432577908,719
EFTUD2,RPS3,4,0.781762901378805,1.0847922695577258e-144,0.6430675750632178,1.3663178482785298e-82,697
EFTUD2,RPS3,5,-0.8306417137923172,4.05070238361936e-136,-0.7963917673064054,3.479194084575214e-117,529
EFTUD2,RPS3,6,0.019516417758475266,0.7151914321200015,0.08443008779309363,0.11382340937093362,352
EFTUD2,SRSF1,1,-0.020652767773830332,0.7512650466042081,-0.4046843196226265,8.580539073430577e-11,238
EFTUD2,SRSF1,2,0.6959380298359262,2.662690019915031e-99,0.7659033632421841,8.561983262647447e-132,678
EFTUD2,SRSF1,3,0.27512288105658417,0.00008753198157725039,0.36805326877261985,9.57417791921111e-8,198
EFTUD2,SRSF1,4,-0.48137961281640146,2.3147667130287782e-24,-0.5036830210972659,7.29339597448938e-27,396
EFTUD2,SRSF1,5,0.48301626488739435,2.5405643752712267e-13,0.5306487948747323,3.2536392152676027e-16,204
EFTUD2,SRSF1,6,0.2409745973941701,0.000020997267925927706,0.2058374890059101,0.00029589912684194734,305
EFTUD2,TRA2A,1,-1.0,1.0,-0.9999999999999999,NaN,2
EFTUD2,TRA2A,2,0.24644270580392086,0.004546364910440995,0.3117167710749471,0.0002897442828554177,131
EFTUD2,TRA2A,3,0.7847959002456991,0.21520409975430077,0.19999999999999998,0.8,4
EFTUD2,TRA2A,4,0.20415010582816748,0.010835257355785189,0.2656729116077917,0.0008345409929980817,155
EFTUD2,TRA2A,5,-0.9527278584797549,1.247855147812665e-8,-0.9235294117647058,3.3439000100406954e-7,16
EFTUD2,TRA2A,6,-0.2060041911947519,0.030840574811102424,-0.3911091073038774,0.00002392786589230919,110
FAM120A,FUS,1,NaN,NaN,NaN,NaN,58
FAM120A,FUS,2,NaN,NaN,NaN,NaN,146
FAM120A,FUS,3,NaN,NaN,NaN,NaN,19
FAM120A,FUS,4,0.901163798414123,1.612611700674639e-20,0.793748330216404,8.122614704682683e-13,54
FAM120A,FUS,6,NaN,NaN,NaN,NaN,5
FUS,HNRNPM,3,NaN,NaN,NaN,NaN,6
FUS,HNRNPM,4,0.11982440675996715,0.7980369611631477,0.6785714285714287,0.0937502539598313,7
FUS,HNRNPM,5,NaN,NaN,NaN,NaN,10
FUS,HNRNPUL1,2,NaN,NaN,NaN,NaN,3
FUS,HNRNPUL1,4,NaN,NaN,NaN,NaN,28
FUS,IGF2BP1,2,NaN,NaN,NaN,NaN,4
FUS,IGF2BP1,4,-0.6522740734286742,0.004542328101445293,-0.9846350832266325,8.793616010980298e-13,17
FUS,IGF2BP1,6,NaN,NaN,NaN,NaN,30
FUS,IGF2BP3,4,-0.20491129764678917,0.5701082458647982,0.40645161290322585,0.2437844158490698,10
FUS,IGF2BP3,6,NaN,NaN,NaN,NaN,26
FUS,TAF15,2,NaN,NaN,NaN,NaN,4
FUS,TAF15,4,NaN,NaN,NaN,NaN,25
FUS,TAF15,6,NaN,NaN,NaN,NaN,3
FXR2,G3BP1,1,0.2855648420876047,2.2121006480620728e-7,0.37993471212630386,2.328383007954626e-12,318
FXR2,G3BP1,2,0.2149443775199396,4.760215226335733e-6,0.06647525614570621,0.16154274396944407,445
FXR2,G3BP1,3,0.776222151093799,2.5332185541420785e-75,0.6152885671049766,1.0432819455639845e-39,368
FXR2,G3BP1,4,0.8105829186687353,2.1237749473865485e-106,0.6906675450397873,3.4264797688130523e-65,451
FXR2,G3BP1,5,-0.434071227572354,1.5559769833519285e-19,-0.0998535865411456,0.04762577500863508,394
FXR2,G3BP1,6,-0.3784435299476235,1.2570378706514938e-19,-0.25016039479115354,4.608982844583922e-9,534
FXR2,IGF2BP1,1,0.9798161550197529,0.020183844980246946,1.0,0.0,4
FXR2,IGF2BP1,2,0.8058005815054997,0.00009427024354218058,0.6519607843137255,0.004568346266924807,17
FXR2,IGF2BP1,3,0.9944398040387028,4.215532437325968e-13,0.9868131868131869,7.379504109330886e-11,14
FXR2,IGF2BP1,4,0.9946148278670836,3.581205826593826e-20,0.9714100064977257,2.527179449388104e-13,21
FXR2,IGF2BP1,5,-0.5484877502349739,0.0013996165378512182,0.11375554659136751,0.5423126183393361,31
FXR2,IGF2BP1,6,0.9276162759609509,1.0938263364544891e-8,0.8542581211589113,3.239903805095455e-6,19
FXR2,IGF2BP3,2,-0.8788119087341157,0.12118809126588426,-0.7999999999999999,0.20000000000000007,4
FXR2,IGF2BP3,3,-0.46619862264776557,0.35136413975803504,0.14285714285714288,0.7871720116618075,6
FXR2,IGF2BP3,5,0.44855237882631194,0.37229562984696896,0.5428571428571429,0.26570262390670557,6
FXR2,IGF2BP3,6,-0.9990834573275876,4.8822755864768796e-8,-0.8571428571428573,0.01369732661532562,7
FXR2,PRPF8,1,0.1663527041286795,0.426764028083321,0.11923076923076922,0.5702629145851892,25
FXR2,PRPF8,2,0.4747933726010492,1.942734529554621e-32,0.4653704237834662,4.546562865657718e-31,553
FXR2,PRPF8,3,0.9545571039914806,9.211804530881132e-25,0.9241349534324308,5.3028689777976676e-20,46
FXR2,PRPF8,4,0.7184107892388808,1.2317283238039675e-81,0.5065728813770096,2.110149830376296e-34,507
FXR2,PRPF8,5,-0.08355091729524922,0.7261847874690184,0.024060150375939848,0.9197997451459456,20
FXR2,PRPF8,6,-0.25579540977349396,9.266285622996794e-9,-0.29366435039889877,3.341270753773013e-11,490
FXR2,RPS3,1,0.5191813271176718,0.022730120679737207,0.443859649122807,0.0569517005585568,19
FXR2,RPS3,2,0.8243476452718953,2.0711335194434626e-9,0.6656479217603911,0.00001739682534395837,34
FXR2,RPS3,3,0.9544734713928057,3.0439490190937575e-16,0.6974416017797552,0.00001841772205422783,30
FXR2,RPS3,4,0.5686379803643092,0.0030172597308186088,0.6640986132511556,0.00029459228298825543,25
FXR2,RPS3,5,0.1378984804310655,0.40249857774545894,-0.4852226720647773,0.0017426846421706738,39
FXR2,RPS3,6,-0.5169465944203719,0.000012231767697376774,-0.5941206099180364,2.2746017673011027e-7,64
FXR2,SRSF1,1,-0.40097930387536745,5.010643446349357e-8,0.05978213439374662,0.4359706735069597,172
FXR2,SRSF1,2,0.6501818307004684,1.7384244354471688e-23,0.5145584123244432,7.907524531237146e-14,184
FXR2,SRSF1,3,0.026487014345977132,0.7730532202572883,0.06469707542120844,0.4807978982641622,121
FXR2,SRSF1,4,-0.30609505173354146,2.6064618863573784e-6,-0.5317182094641199,5.749760634860698e-18,227
FXR2,SRSF1,5,0.403035983995294,2.437412737454788e-8,0.20049355763154042,0.007288331035753964,178
FXR2,SRSF1,6,-0.23362970574713077,0.0009527243715175359,-0.38938947659219464,1.5551438465203993e-8,197
FXR2,TRA2A,1,0.4518296218247008,9.062695116056553e-13,0.44674440333663623,1.7396103638750085e-12,226
FXR2,TRA2A,2,0.3802609132070841,4.973403417327828e-18,0.43279154997784147,2.0098235082830132e-23,482
FXR2,TRA2A,3,0.29516414899755666,2.3110163187262836e-7,0.49281947954327304,1.6151701779165917e-19,296
FXR2,TRA2A,4,-0.0968265518021241,0.05899808640087414,-0.1229977370546278,0.01630309221465251,381
FXR2,TRA2A,5,0.015344040283483878,0.7822238120777706,-0.2459227741043318,6.817361046629997e-6,327
FXR2,TRA2A,6,0.32905106610520474,1.877499466204147e-11,0.3327410658293281,1.0822347684599738e-11,396
G3BP1,IGF2BP1,1,-0.8885528965113311,1.5112945907578547e-18,-0.8893159108378171,1.2846654025064257e-18,52
G3BP1,IGF2BP1,2,-0.4258921808680066,0.07803066654430979,-0.4132231404958678,0.08829721156611345,18
G3BP1,IGF2BP1,3,0.8798922333374107,1.3454631572584408e-26,0.8738161898965308,7.994792020773787e-26,79
G3BP1,IGF2BP1,4,0.8436509423382998,0.0005624292231123564,0.9020979020979022,0.000059978574465377,12
G3BP1,IGF2BP1,5,-0.7233935689998063,4.317791648024184e-9,-0.6430430123985917,6.277169200038784e-7,49
G3BP1,IGF2BP1,6,-0.9343039440161139,4.910388169331672e-9,-0.9139596136962247,4.533121569063819e-8,19
G3BP1,IGF2BP3,1,-0.9682672425552384,4.679979290513609e-11,-0.7805383022774326,0.0001323057125125745,18
G3BP1,IGF2BP3,2,-0.24077418985478344,0.5027926482112243,-0.4787878787878787,0.1615229280174558,10
G3BP1,IGF2BP3,3,-0.01889713677728587,0.9019411687671619,0.6477257745550428,1.5127351698508748e-6,45
G3BP1,IGF2BP3,4,0.9968738379846942,9.462908635290307e-26,0.994782608695652,2.6225015915247586e-23,24
G3BP1,IGF2BP3,5,0.7912868419717487,0.019320042146390833,0.523809523809524,0.18272075053971484,8
G3BP1,IGF2BP3,6,-0.1081728860475428,0.5008176529340862,-0.15933443679763046,0.3197058472340973,41
G3BP1,NCBP2,2,0.49715894656993986,7.195147431876834e-7,0.3484858807098818,0.0008178099811253772,89
G3BP1,NCBP2,4,NaN,NaN,NaN,NaN,17
G3BP1,NCBP2,6,0.9985633753874745,0.0014366246125254722,1.0,0.0,4
G3BP1,PRPF8,1,0.6178319447059052,5.740907244945008e-23,0.749489564073093,3.2179380015776365e-38,205
G3BP1,PRPF8,2,-0.04034040570793364,0.08858757004724975,-0.20452835699713287,2.717969571298697e-18,1783
G3BP1,PRPF8,3,0.35331529208462265,7.23012395126897e-8,0.4178194545170745,1.0478806368751694e-10,220
G3BP1,PRPF8,4,0.8107410692251503,0.0,0.7641250271783673,1.176706708572618e-308,1611
G3BP1,PRPF8,5,-0.22499482767667514,0.0018024441294302892,0.004435216317400845,0.9515725608767814,190
G3BP1,PRPF8,6,0.48033241690026646,2.826427393773861e-86,0.7351359375047731,8.54862394358808e-252,1480
G3BP1,RPS3,1,0.2577989279050766,3.985203933674739e-8,0.30294726469136074,8.186308074383087e-11,441
G3BP1,RPS3,2,0.16228267080781203,0.00007397689538514738,-0.05361476212651855,0.19306066974592398,591
G3BP1,RPS3,3,0.9056144577517784,2.6800653115110058e-250,0.8755581747024377,1.3299303353292409e-212,668
G3BP1,RPS3,4,0.8538211612137041,2.4612790584695053e-204,0.8862251965183263,1.8074377119608612e-240,715
G3BP1,RPS3,5,0.8616643334342383,3.0912668116403e-240,0.7027206453955054,1.3844030768350122e-121,810
G3BP1,RPS3,6,0.7011758038031427,1.7068227517261965e-104,0.734621883742525,1.5611535080073558e-119,699
G3BP1,SRSF1,1,-0.13114295688664354,0.1957068831105596,0.06280073723142388,0.5368828226578296,99
G3BP1,SRSF1,2,0.0898734339842126,0.32087418573933735,-0.1390489618772759,0.12351299034336996,124
G3BP1,SRSF1,3,-0.6821442209864882,4.0267939559223285e-15,-0.6148366466103224,7.92946784690763e-12,101
G3BP1,SRSF1,4,-0.0830804660082384,0.2635136893095707,-0.7104668108859872,1.9917543640051247e-29,183
G3BP1,SRSF1,5,-0.5151720037396147,2.869097723422105e-11,-0.5478050623929911,8.31219609663707e-13,146
G3BP1,SRSF1,6,0.5171007661261392,1.7216698413964398e-13,0.7515541123245841,1.924486586581881e-33,177
G3BP1,TRA2A,1,0.6214713370251168,1.7129013116380923e-10,0.22478133285526927,0.0374576418946937,86
G3BP1,TRA2A,2,-0.34450761263229346,0.00006832953038973119,-0.16609870757116654,0.06095856168011552,128
G3BP1,TRA2A,3,0.10751507866708412,0.2797064242710261,-0.24301318557001095,0.013382968163647214,103
G3BP1,TRA2A,4,0.12025001359022273,0.14003423555300168,0.04423838253360466,0.5883903175736788,152
G3BP1,TRA2A,5,0.7018470510859282,7.649225136266772e-31,0.5570612573074926,1.289710626223048e-17,199
G3BP1,TRA2A,6,-0.529296999418353,7.346607673636718e-13,-0.473672229350172,2.8636948703973774e-10,159
HNRNPK,MATR3,2,NaN,NaN,NaN,NaN,3
HNRNPK,MATR3,6,NaN,NaN,NaN,NaN,3
CSTF2,HNRNPL,1,0.9992090413374631,0.000790958662536756,0.7999999999999999,0.20000000000000007,4
CSTF2T,HNRNPL,2,NaN,NaN,NaN,NaN,4
CSTF2T,HNRNPL,4,NaN,NaN,NaN,NaN,6
CSTF2T,HNRNPL,6,-0.9803931636528812,0.12627315811915782,-0.5,0.6666666666666667,3
HNRNPL,IGF2BP1,4,NaN,NaN,NaN,NaN,5
HNRNPL,IGF2BP1,5,NaN,NaN,NaN,NaN,3
HNRNPL,IGF2BP1,6,-0.9510761459449906,2.032862539853218e-6,-0.5524475524475525,0.06251148327961512,12
HNRNPL,IGF2BP3,6,-0.7618188498473186,0.0006044753302259745,-0.4147058823529412,0.11022940391770164,16
HNRNPL,ILF3,2,NaN,NaN,NaN,NaN,15
HNRNPL,ILF3,4,NaN,NaN,NaN,NaN,23
HNRNPL,ILF3,5,NaN,NaN,NaN,NaN,4
HNRNPL,ILF3,6,NaN,NaN,NaN,NaN,8
HNRNPL,PPIG,1,-0.9583245924509874,0.0025690676425929784,-1.0,0.0,6
HNRNPL,PPIG,2,NaN,NaN,NaN,NaN,17
HNRNPL,PPIG,3,NaN,NaN,NaN,NaN,9
HNRNPL,PPIG,4,NaN,NaN,NaN,NaN,17
HNRNPL,PPIG,5,NaN,NaN,NaN,NaN,2
HNRNPL,PPIG,6,0.5177476116856876,2.3116229026465494e-6,0.7456602879317495,2.5125562041179082e-14,74
HNRNPL,PTBP1,6,-0.9997137107638426,1.22930557757815e-7,-1.0,0.0,6
HNRNPL,RPS3,2,NaN,NaN,NaN,NaN,2
HNRNPL,RPS3,4,NaN,NaN,NaN,NaN,12
HNRNPL,RPS3,6,0.7374665452431627,0.4720439007442944,0.5,0.6666666666666667,3
HNRNPL,SRSF1,2,NaN,NaN,NaN,NaN,14
HNRNPL,SRSF1,4,NaN,NaN,NaN,NaN,2
HNRNPL,SRSF1,6,0.10829059465575039,0.7008633812354801,0.370304114490161,0.1742560220241077,15
HNRNPL,UPF1,6,-0.9959799252347489,1.1371505271071164e-9,-0.9878787878787878,9.307459988955517e-8,10
HNRNPU,HNRNPUL1,1,NaN,NaN,NaN,NaN,18
HNRNPU,NKRF,1,NaN,NaN,NaN,NaN,37
HNRNPU,NKRF,3,NaN,NaN,NaN,NaN,10
HNRNPU,NKRF,5,NaN,NaN,NaN,NaN,10
HNRNPU,TAF15,1,NaN,NaN,NaN,NaN,18
HNRNPUL1,NKRF,1,NaN,NaN,NaN,NaN,11
HNRNPUL1,RPS3,1,NaN,NaN,NaN,NaN,19
HNRNPUL1,TAF15,1,NaN,NaN,NaN,NaN,18
HNRNPUL1,TAF15,2,NaN,NaN,NaN,NaN,12
IGF2BP1,IGF2BP3,1,0.9244626163554496,8.60527819308713e-148,0.9123147129540312,5.383002385978066e-137,350
IGF2BP1,IGF2BP3,2,-0.2990271387744863,2.153783296178431e-9,-0.409110140443933,5.744243781786849e-17,385
IGF2BP1,IGF2BP3,3,0.5295490493180189,3.3275077906730584e-28,0.5771970357725696,2.4373594359703675e-34,371
IGF2BP1,IGF2BP3,4,0.8710453992601072,4.0631328392661976e-114,0.8501073640213849,3.9095386345578583e-103,365
IGF2BP1,IGF2BP3,5,0.2452574898584614,3.82761617563606e-9,-0.2310939366247257,3.0002579300200814e-8,562
IGF2BP1,IGF2BP3,6,-0.213867427778637,1.2113241682205762e-8,-0.5302065302210786,1.0352989161441078e-51,696
IGF2BP1,NCBP2,1,0.1267882452699645,0.7648074460473456,0.8427953808926897,0.008603463549936616,8
IGF2BP1,NKRF,2,0.9859219754103219,1.6896203489463174e-7,0.9146341463414634,0.000209371137768355,10
IGF2BP1,NKRF,4,NaN,NaN,NaN,NaN,2
IGF2BP1,NKRF,6,NaN,NaN,NaN,NaN,2
IGF2BP1,PABPN1,1,0.8778816443893815,0.004146039825818209,0.7619047619047621,0.028004939153071794,8
IGF2BP1,PABPN1,3,0.7625646055731172,0.016873225499828358,0.75,0.019942126131992522,9
IGF2BP1,PABPN1,4,0.9988138887300314,1.890058038644107e-10,0.9790880682441959,4.2663223508164145e-6,9
IGF2BP1,PABPN1,5,-0.07836175449822409,0.6307809811605879,0.07929060711269588,0.6267240606662596,40
IGF2BP1,PABPN1,6,-0.9783192876895167,4.83731585314287e-6,-0.8487394957983194,0.0038099535994344067,9
IGF2BP1,PRPF8,1,0.720342744935493,7.294407015502115e-7,0.8915786762812258,3.0391436195178646e-13,36
IGF2BP1,PRPF8,2,0.45765337569527975,4.330009373464783e-25,0.5478138243109095,3.1594454644843828e-37,458
IGF2BP1,PRPF8,3,0.9694512948631303,4.2466004104164485e-21,0.8853911980440098,3.542355287728576e-12,34
IGF2BP1,PRPF8,4,0.754487901597821,9.14522266320133e-62,0.7506967178001663,7.904339761923687e-61,329
IGF2BP1,PRPF8,5,-0.04281000089757002,0.7061357957470282,0.1218557329394941,0.2815803830449554,80
IGF2BP1,PRPF8,6,-0.4981392411105035,1.1595487729025268e-24,-0.6000130307889636,1.1916882491233219e-37,371
IGF2BP1,PTBP1,2,0.993579238311614,6.585760494057814e-7,0.9761904761904763,0.000033143960262001043,8
IGF2BP1,PTBP1,4,-0.9874484157660472,0.00023532469765705577,-1.0,0.0,6
IGF2BP1,RPS3,1,-0.0004423963213974819,0.9943029220290294,0.17079852280613517,0.005484155938056544,263
IGF2BP1,RPS3,2,0.5639191847306829,2.8273359462086274e-12,0.3601793467204843,0.000025630289941555638,130
IGF2BP1,RPS3,3,0.9109689987982712,1.5331320725475031e-108,0.867337807420841,6.4041619493753126e-86,279
IGF2BP1,RPS3,4,0.8223652655887213,1.5069726559129736e-55,0.7197906518783935,1.432617176042266e-36,221
IGF2BP1,RPS3,5,-0.16469380780948578,0.009226371582119768,-0.38803206074175933,2.2608560421914218e-10,249
IGF2BP1,RPS3,6,-0.8944254874791506,6.05230006375888e-41,-0.8692431379378779,4.69129179972166e-36,114
IGF2BP1,TRA2A,4,-1.0,1.0,-0.9999999999999999,NaN,2
IGF2BP1,UPF1,4,0.9884082324413522,7.53615508461545e-18,0.8993212669683257,1.2673201558568106e-8,22
IGF2BP1,UPF1,5,-0.6527225860788026,0.004505288646649073,-0.22280796633985211,0.3900274735793635,17
IGF2BP1,UPF1,6,-0.832816496450616,1.7118972793598027e-44,-0.8611061546541132,1.22736250521487e-50,168
IGF2BP3,ILF3,6,NaN,NaN,NaN,NaN,16
IGF2BP3,NCBP2,2,-0.9617116432041187,1.592297452372815e-7,-0.9725274725274725,2.6191330438273957e-8,13
IGF2BP3,NCBP2,4,NaN,NaN,NaN,NaN,4
IGF2BP3,NKRF,4,NaN,NaN,NaN,NaN,9
IGF2BP3,PABPN1,1,0.9978933633449399,3.907847701294287e-7,0.9642857142857145,0.0004541491691941689,7
IGF2BP3,PABPN1,3,0.9993380666587707,0.000661933341229215,1.0,0.0,4
IGF2BP3,PABPN1,4,0.9983994782764234,1.0237720262757717e-8,0.9700772721497398,0.00006548558831120599,8
IGF2BP3,PABPN1,5,-0.3240260656273626,0.05040969286340932,-0.2047907031898494,0.22403253632076478,37
IGF2BP3,PABPN1,6,-0.16358732223819922,0.3404243101725903,-0.22757422022967042,0.1819256353477871,36
IGF2BP3,PRPF8,1,0.978225523700144,4.783766255159132e-13,0.9562922295448875,1.6579173523122118e-10,19
IGF2BP3,PRPF8,2,-0.8724565304774502,3.765103588466983e-102,-0.9232449056888027,8.202685394817012e-136,324
IGF2BP3,PRPF8,3,0.30213312616163385,0.1335812803393532,0.8597811217510258,1.8298872131147216e-8,26
IGF2BP3,PRPF8,4,0.9448259051949871,1.0417024309482111e-138,0.9353167302780289,2.8771303142162328e-129,284
IGF2BP3,PRPF8,5,0.037397120071134944,0.7824071378233026,0.22503484264091006,0.09237541125986788,57
IGF2BP3,PRPF8,6,0.6279034302619366,6.160840815362906e-44,0.760509377290692,2.1743605255466e-74,388
IGF2BP3,PTBP1,2,-0.6894356673080217,4.63802853296631e-6,-0.7882319898890605,1.893008872232945e-8,35
IGF2BP3,PTBP1,3,-0.9920297071531209,2.7381047703876332e-21,-0.9599651871192342,1.212157217522823e-13,24
IGF2BP3,PTBP1,4,-0.9285651498595826,5.182840123368065e-14,-0.9671132764920828,8.667247095215184e-19,31
IGF2BP3,PTBP1,5,-0.8731842400242372,0.00044762311251411957,0.07356496787576604,0.8298023547420849,11
IGF2BP3,PTBP1,6,0.9999999816597126,0.00012192652359929925,1.0,0.0,3
IGF2BP3,RPS3,1,-0.8535249339315248,5.8008111466025375e-58,-0.9128652957505199,5.726622569610978e-79,200
IGF2BP3,RPS3,2,-0.8560092933219824,4.566831370995403e-58,-0.9279742119014859,5.7691875747369214e-86,198
IGF2BP3,RPS3,3,0.763539466493542,2.7775437402492242e-43,0.65778529631867,1.1987146318525126e-28,220
IGF2BP3,RPS3,4,0.9100045074564906,1.3236457220301429e-110,0.8619794251570788,8.857982068923779e-86,286
IGF2BP3,RPS3,5,0.6372316254039486,6.261494585902586e-41,0.43299135477476774,2.736572916607421e-17,347
IGF2BP3,RPS3,6,0.7776526576219053,1.0814903767750435e-35,0.7770006821115957,1.3421821599775687e-35,170
IGF2BP3,SRSF1,2,-0.8565535867000897,0.14344641329991026,-0.7999999999999999,0.20000000000000007,4
IGF2BP3,SRSF1,6,-0.9759995111846179,0.004447278188803582,-0.8999999999999998,0.03738607346849874,5
IGF2BP3,TRA2A,3,1.0,1.0,0.9999999999999999,NaN,2
IGF2BP3,TRA2A,6,-0.9998931934924254,1.3250231655617113e-6,-0.9999999999999999,1.4042654220543672e-24,5
IGF2BP3,UPF1,2,-0.963255013677955,0.00012063910229943624,-0.927710843373494,0.0008939450793069665,8
IGF2BP3,UPF1,4,0.9745265043829888,1.0154257475095669e-19,0.9543024871334821,3.2045718709545167e-16,30
IGF2BP3,UPF1,5,NaN,NaN,NaN,NaN,3
IGF2BP3,UPF1,6,0.2828150739260804,0.00025427084790157845,0.7441895268570669,5.1258254843306265e-30,163
MATR3,NKRF,2,NaN,NaN,NaN,NaN,21
MATR3,PRPF8,2,NaN,NaN,NaN,NaN,16
MATR3,SRSF1,3,0.998239284199876,0.0017607158001240464,0.7999999999999999,0.20000000000000007,4
MATR3,SRSF1,5,0.607625700816051,0.007477163464526683,-0.14911366006256518,0.5548318372011367,18
NCBP2,PABPN1,1,-0.7647149473816535,0.13205982919489104,-0.8947368421052632,0.04034313006075297,5
NCBP2,PABPN1,2,-0.4019447485812624,0.07088542684833735,-0.7226945716154347,0.00021510149565587028,21
NCBP2,PABPN1,4,NaN,NaN,NaN,NaN,5
NCBP2,PABPN1,6,0.9006306005966223,3.657189298480243e-17,0.7292449719749422,1.3365488866607903e-8,45
NCBP2,PRPF8,1,0.4348842854751999,0.000011869003881300032,0.5934098489291177,2.921887992057672e-10,94
NCBP2,PRPF8,2,0.8786816683861056,0.0,0.895045557282691,0.0,1745
NCBP2,PRPF8,3,0.9178823562783116,8.279001769920273e-30,0.9044111734718493,1.3366459493245727e-27,72
NCBP2,PRPF8,4,NaN,NaN,NaN,NaN,49
NCBP2,PRPF8,5,-0.9926889837391782,0.007311016260821646,-0.6000000000000001,0.3999999999999999,4
NCBP2,PRPF8,6,0.7454562981286872,0.00038403633233765683,0.8802889576883385,1.4473368008429358e-6,18
NCBP2,RBM15,1,0.02420747476710251,0.7526027820446554,0.31954368086517415,0.000019304842507978927,172
NCBP2,RBM15,2,0.9688030473560802,3.5264010342503836e-22,0.7821884263436009,1.7616668551878455e-8,36
NCBP2,RBM15,3,NaN,NaN,NaN,NaN,15
NCBP2,RPS3,1,0.3553648866450209,0.000016434584657874596,0.7732916062520641,4.3043176948597026e-29,140
NCBP2,RPS3,2,0.9893981479906009,3.9255204884259015e-13,0.9468242245199411,2.7993371862407277e-8,16
NCBP2,RPS3,3,0.9625673175601246,2.2107431769568677e-13,0.6437407224146464,0.0009184577881834198,23
NCBP2,SF3A3,1,0.4536199440932872,0.001984498497267129,0.4525717538706927,0.0020388909231035964,44
NCBP2,SF3A3,3,0.5422082388582756,0.00011944674808509563,0.4386884167812934,0.0025746261049967834,45
NCBP2,SF3A3,5,1.0,1.0,0.9999999999999999,NaN,2
NCBP2,SF3B4,1,-0.31770206135219087,0.040338537753873416,-0.453160453808752,0.0025808697633703226,42
NCBP2,SF3B4,2,-0.9628095875236075,3.3703429538844735e-23,-0.9420208274697439,1.2964490467072004e-19,40
NCBP2,SF3B4,3,0.9407970541187136,1.3677544871331876e-16,0.5521931835549443,0.000709473495119796,34
NCBP2,SF3B4,5,0.6101995338840919,0.020482696696756352,0.4581497797356828,0.09945753822705741,14
NCBP2,SRSF1,1,0.48910091456187016,4.984290795047044e-14,0.5440636119450132,1.4098435849248425e-17,210
NCBP2,SRSF1,2,0.8939427215479353,6.791187993474395e-99,0.8744659740387534,2.483886679322913e-89,280
NCBP2,SRSF1,3,-0.7794052009562393,0.001014876643424825,-0.7078651685393258,0.004617792363441372,14
NCBP2,SRSF1,4,NaN,NaN,NaN,NaN,10
NCBP2,SRSF1,6,0.25585031552270265,0.09772662027023886,-0.12888351349308338,0.41011843044484875,43
NCBP2,TAF15,1,NaN,NaN,NaN,NaN,15
NCBP2,TAF15,2,-0.9663577494636935,0.0016786633649660786,-0.92,0.009343999999999991,6
NCBP2,TRA2A,1,0.5821409696292776,1.3229492719854627e-6,0.5742861326694978,1.976193059535427e-6,59
NCBP2,TRA2A,2,0.5341948952073059,0.0007913755703627381,0.5088803088803089,0.0015277949901538058,36
NCBP2,TRA2A,4,NaN,NaN,NaN,NaN,10
NCBP2,TRA2A,6,0.16866214327497575,0.430795162244319,-0.0004354453356473754,0.9983887931449202,24
NKRF,TAF15,2,-0.9939246209932244,0.0005679338451096811,-0.8720815992723809,0.05385421772754211,5
PABPN1,PRPF8,1,0.7431710352808656,1.6891976442982228e-25,0.7232079456608838,1.2873400099006966e-23,138
PABPN1,PRPF8,2,0.014755771478389293,0.6596802837948083,-0.07305189127527938,0.02904488632417607,893
PABPN1,PRPF8,3,0.7828495935200958,7.519629251885526e-31,0.7138693066252602,1.423271042589453e-23,143
PABPN1,PRPF8,4,0.8485502637634631,9.92630996139921e-230,0.7993641360216445,2.9086065163500287e-184,825
PABPN1,PRPF8,5,0.8615445167515029,6.264644093351732e-65,0.7939662768820406,3.8439639568510667e-48,216
PABPN1,PRPF8,6,0.23211170688616786,1.671768517916079e-13,0.16190248887341943,3.2913773002534896e-7,984
PABPN1,SRSF1,1,0.26856860144920564,0.0004146655032870879,0.2784796750898487,0.0002462197496019309,169
PABPN1,SRSF1,2,-0.4394278424901958,1.4546729943146743e-11,-0.2567514984295096,0.00014078667821704985,215
PABPN1,SRSF1,3,-0.2816485164270101,0.00003935831918294758,-0.3897237669617406,6.4623059502497235e-9,207
PABPN1,SRSF1,4,0.2761227667882301,0.002171945269609776,0.019695021881245257,0.8302216887899447,121
PABPN1,SRSF1,5,-0.48749828631199427,2.827438655203642e-13,-0.1834441936897291,0.009499256338897305,199
PABPN1,SRSF1,6,0.11303829237396736,0.04894321306832207,0.16003031863397854,0.005161531099866746,304
PABPN1,TRA2A,2,0.07870063638126455,0.7211358555176736,0.11814137419673751,0.5913533230619109,23
PABPN1,TRA2A,3,0.8656759209338579,4.6551135317374725e-12,0.8943031612133081,8.889500425047863e-14,37
PABPN1,TRA2A,4,0.8873050954900511,0.00005215077251630105,0.4725274725274725,0.10298105029992852,13
PABPN1,TRA2A,5,0.40585711993545304,0.060915908641208605,0.47374364765669114,0.025933448801781583,22
PABPN1,TRA2A,6,-0.5303175633537871,0.00007457787864778093,-0.6607271504730801,1.7733031219448356e-7,50
EFTUD2,PRPF8,1,-0.48431367811672854,4.33461594261262e-50,-0.7310191742940643,9.413815598582236e-140,831
EFTUD2,PRPF8,2,0.7333758537294013,0.0,0.7688215503401883,0.0,9499
EFTUD2,PRPF8,3,-0.16872028080475074,2.2543054714751262e-8,-0.0853956749030257,0.004881099382757664,1085
EFTUD2,PRPF8,4,0.6626834323825341,0.0,0.6227828500829823,0.0,4687
EFTUD2,PRPF8,5,0.13187021525767398,0.000027962747274824486,0.004199788513882101,0.8943177315580567,1003
EFTUD2,PRPF8,6,0.012419527619375346,0.4408899980953662,-0.09408723256366967,4.876816123895615e-9,3853
PRPF8,RPS3,1,0.2539336183250753,0.0008640572458466444,0.4534432635322498,5.980944426342086e-10,169
PRPF8,RPS3,2,0.9017670449952446,0.0,0.8256582053800917,0.0,2126
PRPF8,RPS3,3,0.8400625162559144,5.978446834767604e-70,0.8602765905968415,7.286947578306807e-77,258
PRPF8,RPS3,4,0.8628570259283366,0.0,0.790768842472836,0.0,1662
PRPF8,RPS3,5,0.156086722226275,0.015507130899287616,-0.10634003637263284,0.10028467734896242,240
PRPF8,RPS3,6,0.44295641025701293,1.51578011535441e-53,0.6031047214867292,7.5822158789663255e-109,1089
PRPF8,SF3A3,1,-0.031166915036912806,0.4912549027848796,0.2639674568933937,2.959820298042491e-9,490
PRPF8,SF3A3,2,NaN,NaN,NaN,NaN,25
PRPF8,SF3A3,3,0.8252642180958567,2.141307170369238e-129,0.7442641130865512,5.5766331780699654e-92,515
PRPF8,SF3A3,4,NaN,NaN,NaN,NaN,80
PRPF8,SF3A3,5,0.10738062254512357,0.0015049746280957812,0.21890927649285583,6.546395250151298e-11,871
PRPF8,SF3A3,6,-0.6494172497582598,1.1899952227119659e-9,-0.5518375918795941,7.356358624418978e-7,70
PRPF8,SRSF1,1,0.062112540733309025,0.445626849907622,0.14221040444627486,0.07950875546751614,153
PRPF8,SRSF1,2,0.8045534712468797,5.018807338556027e-296,0.8198831268759352,1.1332866e-316,1300
PRPF8,SRSF1,3,-0.524364742162509,7.969025317882801e-9,-0.6620497847351522,1.0970251990054272e-14,106
PRPF8,SRSF1,4,-0.24547805988153998,2.2473448450915312e-12,-0.4396972819670264,6.469927727091683e-39,795
PRPF8,SRSF1,5,-0.1613250607352947,0.09851621237867536,-0.2055229021126843,0.034556585053859994,106
PRPF8,SRSF1,6,0.08208219399803701,0.04627182409556783,0.04268520510642506,0.3006254617674798,590
PRPF8,TAF15,2,-0.9631459380594419,3.340844475095805e-8,-0.9472527472527472,2.7738827125448025e-7,14
PRPF8,TAF15,4,NaN,NaN,NaN,NaN,32
PRPF8,TAF15,6,NaN,NaN,NaN,NaN,12
PRPF8,TRA2A,1,0.7706665922311312,3.9424034189542927e-7,0.7763993988051207,2.843125683485663e-7,31
PRPF8,TRA2A,2,0.8992156715678216,1.4286943947347942e-171,0.8688200531818665,3.405313181493256e-146,474
PRPF8,TRA2A,3,0.9095628975788168,0.00004086699542798707,0.9157894736842105,0.00002891563418761968,12
PRPF8,TRA2A,4,-0.11171380906190823,0.02368433967373637,0.12291098184899459,0.012752417597340894,410
PRPF8,TRA2A,5,0.7976144598065246,9.665237102084295e-9,0.5764516369116847,0.00028976181689160246,35
PRPF8,TRA2A,6,0.03863371316605745,0.5189446167423559,-0.014754685306222029,0.8054929665201869,281
DKC1,PTBP1,1,0.983709168608588,1.7882974848332855e-6,1.0,0.0,9
DKC1,PTBP1,2,-0.5736033204240893,0.0009203096598320944,-0.7294337512912152,4.808647018587489e-6,30
DKC1,PTBP1,3,-0.959871605517054,4.039981008829264e-9,-0.8997050147492623,2.0921310212857246e-6,16
DKC1,PTBP1,4,0.9983286709461933,3.359839078575489e-41,0.9369922806070423,3.604326243177199e-16,34
DKC1,PTBP1,5,-0.8685623101594029,0.0011108615782654534,-0.9030303030303028,0.00034361219776328223,10
DKC1,PTBP1,6,NaN,NaN,NaN,NaN,2
HNRNPK,PTBP1,1,-0.36347223679170293,0.010255740066444918,-0.4433610982956045,0.0014199060775528178,49
HNRNPK,PTBP1,2,0.34670065527878563,0.2962328472893074,0.3090909090909091,0.3550284397015071,11
HNRNPK,PTBP1,3,0.9851678336316266,2.114661578111368e-58,0.9308659378711085,4.340393895790805e-34,76
HNRNPK,PTBP1,4,0.8497296198615532,0.35353029422374066,1.0,0.0,3
HNRNPK,PTBP1,5,NaN,NaN,NaN,NaN,24
HNRNPK,PTBP1,6,NaN,NaN,NaN,NaN,3
MATR3,PTBP1,2,NaN,NaN,NaN,NaN,12
MATR3,PTBP1,3,0.9465221287909721,0.014725846130037913,0.6,0.28475697986529375,5
MATR3,PTBP1,4,NaN,NaN,NaN,NaN,4
MATR3,PTBP1,5,-0.9178852148942706,0.009837413555506326,-1.0,0.0,6
MATR3,PTBP1,6,NaN,NaN,NaN,NaN,21
PTBP1,SRSF1,3,0.859672545640229,0.061757314433069956,0.39999999999999997,0.5046315754686911,5
PTBP1,SRSF1,5,0.9998907503075853,2.395956776827294e-10,1.0,0.0,7
PTBP1,UPF1,4,-0.9572519926183947,8.032806707691122e-8,-0.7915742793791575,0.0007428515113889331,14
PTBP1,UPF1,6,0.17945877330828863,0.77273844597548,0.39999999999999997,0.5046315754686911,5
DGCR8,RBFOX2,1,0.3859778784042812,0.00040618626881020197,0.7216893785933288,4.2676348626872044e-14,80
DGCR8,RBFOX2,2,0.3594981835954436,1.9667133928655246e-6,-0.06310508944173038,0.419255266497227,166
DGCR8,RBFOX2,3,-0.7193339451865508,1.2235601191621924e-8,-0.8178137651821861,2.2764710807087298e-12,47
DGCR8,RBFOX2,4,-0.061275474638640665,0.7567528155792722,0.5190986534762299,0.0046467790495962205,28
DGCR8,RBFOX2,5,NaN,NaN,NaN,NaN,10
DGCR8,RBFOX2,6,0.2427405629993862,0.26441478253931255,0.21626984126984128,0.3216132055186155,23
RPS3,STAU2,1,-0.6917198034099702,0.03899251132059299,0.18333333333333335,0.6368198117628943,9
RPS3,STAU2,2,NaN,NaN,NaN,NaN,8
RPS3,STAU2,3,-0.8670899250518973,0.05699244192697349,-0.7,0.1881204043741873,5
RPS3,STAU2,5,NaN,NaN,NaN,NaN,14
RPS3,STAU2,6,-0.997514000757584,5.014767439438956e-14,-0.9875254992000198,3.506226965962542e-10,13
RPS3,TAF15,1,NaN,NaN,NaN,NaN,30
RPS3,TAF15,3,NaN,NaN,NaN,NaN,22
RPS3,TRA2A,1,0.9527812694893589,0.000020540540517806372,0.878048780487805,0.0008331211583533243,10
RPS3,TRA2A,2,0.999987100478746,0.000012899521254050583,1.0,0.0,4
RPS3,TRA2A,3,0.990838429304007,1.9092417025523656e-6,0.9999999999999998,2.7369110631344156e-47,8
RPS3,TRA2A,5,1.0,1.0,0.9999999999999999,NaN,2
RPS3,TRA2A,6,-0.99230684578998,0.0008090748766645482,-0.39999999999999997,0.5046315754686911,5
RPS3,ZC3H11A,2,NaN,NaN,NaN,NaN,12
RPS3,ZC3H11A,3,NaN,NaN,NaN,NaN,10
RPS3,ZC3H11A,6,0.9677232643400229,3.211772576141667e-12,0.9879608728367194,4.8309194043927845e-16,20
SF3A3,SF3B4,1,0.00043740692924723905,0.9812707755297021,-0.2530429219585748,2.3393153606708617e-43,2883
SF3A3,SF3B4,2,NaN,NaN,NaN,NaN,14
SF3A3,SF3B4,3,0.9237754723532817,0.0,0.8984481524422239,0.0,3425
SF3A3,SF3B4,4,NaN,NaN,NaN,NaN,80
SF3A3,SF3B4,5,0.7684751619162155,0.0,0.8120546168863104,0.0,5832
SF3A3,SF3B4,6,-0.19618283869483433,0.11729016916083052,-0.3363386994583861,0.006156374795852652,65
SF3A3,SRSF1,1,-0.08795518901316567,0.1947401152856492,0.28751203267524383,0.00001545874361989059,219
SF3A3,SRSF1,2,NaN,NaN,NaN,NaN,4
SF3A3,SRSF1,3,-0.4163397080875573,7.856003025999985e-8,-0.34332513256101577,0.000013060701146818328,154
SF3A3,SRSF1,5,-0.6235118732018383,9.04877901668223e-39,-0.7434507373564648,3.0590349894449547e-62,347
SF3A3,SRSF1,6,0.9780717863121945,0.00388512567272118,0.8999999999999998,0.03738607346849874,5
SF3A3,TAF15,3,NaN,NaN,NaN,NaN,2
SF3A3,TAF15,5,NaN,NaN,NaN,NaN,11
SF3A3,TRA2A,1,-0.045529797188353205,0.6578864255381108,0.6186790657583198,1.4453184778490192e-11,97
SF3A3,TRA2A,3,0.4919860020409049,0.02003135410798903,0.7628458498023717,0.00003653877932077393,22
SF3A3,TRA2A,5,0.6261608805003657,3.186669672695565e-20,0.6303365538948629,1.508927814386531e-20,173
EFTUD2,SF3B4,1,-0.17820888810278043,1.4128523283997661e-13,0.27826722067017795,1.49867204359874e-31,1697
EFTUD2,SF3B4,2,-0.7398201150477036,2.0080445608270688e-40,-0.790227078389737,1.5455275510914986e-49,226
EFTUD2,SF3B4,3,-0.21598664342519072,4.164848816892e-25,-0.10532516627667306,5.685806729202445e-7,2245
EFTUD2,SF3B4,4,-0.6010066471870548,1.2062320329809613e-25,-0.6260319460042535,2.7743982425556455e-28,247
EFTUD2,SF3B4,5,-0.7345158974172871,0.0,-0.7307730726836567,0.0,2397
EFTUD2,SF3B4,6,0.14906467095228346,0.019326946217145292,0.297359208752163,2.054588929534846e-6,246
PRPF8,SF3B4,1,-0.02507785724326209,0.4464249280761269,-0.2774215446545598,8.648151820008242e-18,924
PRPF8,SF3B4,2,-0.6841871201341961,2.502953622238023e-50,-0.7825353531255644,1.2325460962378509e-74,355
PRPF8,SF3B4,3,0.8728310698785307,1.4430047e-317,0.8375251917643757,6.852451612523525e-268,1014
PRPF8,SF3B4,4,-0.5843400580759319,2.2558999300505173e-42,-0.5745662718699959,1.0283758825823974e-40,448
PRPF8,SF3B4,5,0.23351022328346793,9.079271197809661e-16,0.10028635959182162,0.0006420987172336674,1155
PRPF8,SF3B4,6,-0.057236502784784524,0.266986328881822,0.07599217383404666,0.14029413253107245,378
SF3B4,SRSF1,1,-0.17447864002835795,0.005769886253114899,-0.3768636413102623,7.999121523191849e-10,249
SF3B4,SRSF1,2,-0.8858157041732923,3.5149374731284934e-11,-0.8023795119983866,5.681979846506788e-8,31
SF3B4,SRSF1,3,-0.11293821049395729,0.14018730582727304,-0.3138336071073812,0.000027615564840519984,172
SF3B4,SRSF1,4,0.49990517763467684,0.00003520913606409151,0.5067120010074297,0.000026414238752401267,62
SF3B4,SRSF1,5,-0.4862195982434286,6.73099798603173e-27,-0.6005024211697942,1.7400475996250586e-43,430
SF3B4,SRSF1,6,-0.08700724359183047,0.5522064903813437,-0.32966752667329685,0.02071272786902225,49
SF3B4,TAF15,3,NaN,NaN,NaN,NaN,13
SF3B4,TAF15,5,NaN,NaN,NaN,NaN,12
SF3B4,TRA2A,1,-0.31782654483296197,0.0030357570008212108,-0.5564980308997273,3.200525743540964e-8,85
SF3B4,TRA2A,3,0.5440283794751858,5.854251409042045e-6,0.9389428048141624,5.052289978194938e-29,61
SF3B4,TRA2A,4,0.7329608693584594,0.0008163075208164202,0.8399014778325121,0.000024612373899013544,17
SF3B4,TRA2A,5,0.6165969936960699,3.808449464442298e-29,0.554341311042306,9.469251218397002e-23,265
SF3B4,TRA2A,6,0.8508276111563728,0.001802161400423915,0.6932515337423313,0.026219483916818883,10
HNRNPM,SRSF1,2,0.16663968615372515,0.6047192669650894,-0.021276595744680854,0.9476712190548104,12
HNRNPM,SRSF1,4,0.6306843501856719,0.1288653788783146,0.5272727272727272,0.2239273799562792,7
HNRNPUL1,SRSF1,1,NaN,NaN,NaN,NaN,18
HNRNPUL1,SRSF1,2,NaN,NaN,NaN,NaN,9
RPS3,SRSF1,1,0.080844149288753,0.5649779855954854,0.45421932888122263,0.0006345552196769414,53
RPS3,SRSF1,2,0.9599659525119428,3.949362885639735e-18,0.7980196506139375,4.4860003640895486e-8,32
RPS3,SRSF1,3,-0.9362425108022824,0.0059679384907931066,-0.2571428571428572,0.6227871720116618,6
RPS3,SRSF1,4,0.10753235070233022,0.6010693604407126,-0.5499999999999999,0.0036040753176185157,26
RPS3,SRSF1,5,-1.0,1.0,-0.9999999999999999,NaN,2
RPS3,SRSF1,6,0.6644874094637815,2.88304430874811e-9,0.7488296161140855,1.700987886318446e-12,63
SRSF1,TAF15,1,NaN,NaN,NaN,NaN,18
SRSF1,TAF15,3,NaN,NaN,NaN,NaN,2
SRSF1,TAF15,5,NaN,NaN,NaN,NaN,11
SRSF1,TRA2A,1,0.2769342558171356,0.0001245751809829503,0.5671271742282155,2.6289979748576334e-17,187
SRSF1,TRA2A,2,0.9376490163387828,4.0770501262839645e-95,0.6875662958394595,4.93072724823723e-30,205
SRSF1,TRA2A,3,0.17796543349950378,0.02061891880342595,-0.2720316849032059,0.00034639331566121653,169
SRSF1,TRA2A,4,-0.32389104907994565,6.517202319616943e-8,-0.46711210371066963,8.030226950539058e-16,266
SRSF1,TRA2A,5,-0.26330703866638083,0.000019006205382792537,-0.30482524860065163,6.294027679504775e-7,257
SRSF1,TRA2A,6,-0.18688243078189598,0.008897156564076313,-0.21065153207773646,0.0031174097974223285,195
SRSF1,UPF1,1,1.0,1.0,0.9999999999999999,NaN,2
SRSF1,UPF1,2,0.9887560527618309,3.52392611174568e-6,0.9999999999999998,2.7369110631344156e-47,8
SRSF1,UPF1,5,NaN,NaN,NaN,NaN,7
TAF15,TRA2A,1,NaN,NaN,NaN,NaN,15
TIA1,TIAL1,1,0.8574088687721515,3.3021241181502033e-17,0.8505546725342175,1.0697637538829082e-16,56
TIA1,TIAL1,2,0.7401367450816337,4.816473392445845e-170,0.8432244329634682,8.29065615042624e-265,976
TIA1,TIAL1,3,-0.29056667250082724,0.00045166682675220905,-0.2884568429724378,0.0004990240957581427,142
TIA1,TIAL1,4,0.03738164436746271,0.2849848869329566,-0.20188331797712258,5.463718002271432e-9,820
TIA1,TIAL1,5,NaN,NaN,NaN,NaN,205
TIA1,TIAL1,6,0.2417521028387576,3.400241111217081e-11,0.34239245722742845,1.462658081896195e-21,732
AQR,U2AF2,1,-0.1299766363760365,0.0010373563875575864,-0.4661688055040451,1.6003579265180218e-35,634
AQR,U2AF2,2,0.8228221679275106,9.918109022529847e-51,0.8400966469136533,9.16671686538429e-55,201
AQR,U2AF2,3,0.6114868229039032,2.2782417956352804e-102,0.6422621523141291,5.214236282304707e-116,988
AQR,U2AF2,4,-0.30780519478529167,0.00036731221332373716,-0.2455546679232371,0.004863147424717625,130
AQR,U2AF2,5,0.7158229001633126,1.2136886311318071e-254,0.7752588778188764,0.0,1620
AQR,U2AF2,6,0.9663754755199705,1.8998119269598255e-71,0.9335984026447467,1.9885240558657977e-54,120
PABPN1,U2AF2,1,-0.850749721343189,1.4639299335610544e-17,-0.9140275462759888,5.302298433276915e-24,59
PABPN1,U2AF2,2,-0.3154393935573771,0.3179172478590807,0.034965034965034975,0.9140933424107598,12
PABPN1,U2AF2,3,0.7875131154278401,5.149994736510354e-14,0.6993336154008886,3.6271051108890793e-10,61
PABPN1,U2AF2,4,0.6928874608343876,0.056760379451670236,-0.3333333333333334,0.4197530864197531,8
PABPN1,U2AF2,5,-0.11219709169400732,0.06414896607453462,0.0401795397204614,0.5085508612345668,273
PABPN1,U2AF2,6,0.23618068172182038,0.24540351286957388,-0.13846153846153844,0.499957929572453,26
PPIG,U2AF2,1,0.36638432814009164,2.3384696687797563e-27,0.4951823274551814,9.226545778124547e-52,817
PPIG,U2AF2,2,0.40074729496887884,2.8968713762158323e-12,0.49102352307755964,1.854931412401344e-18,281
PPIG,U2AF2,3,0.2555417230429474,2.6807868184784825e-16,0.5834938454952447,7.727651001121077e-92,995
PPIG,U2AF2,4,-0.48059445690584474,7.97762642209219e-14,-0.5041775515244348,2.9074453580127438e-15,215
PPIG,U2AF2,5,0.18785852712167192,3.078871705449192e-14,0.1708339599319789,5.354610614803307e-12,1608
PPIG,U2AF2,6,-0.14376195251923055,0.018099279401544724,-0.33771771522775057,1.258421701295567e-8,270
