Feature-Feature Interaction	Cell Line	Interaction SHAP Value	Feature 1 SHAP Value	Feature 2 SHAP Value	MWU p-value (Both Bound vs F1 Bound Only)	MWU p-value (Both Bound vs F2 Bound Only)	Both MWU Significant
EFTUD2_2-QKI_5-interaction-shap	HepG2	-0.49123701453208923	-0.1441425085067749	-0.22395512461662292	0.0	0.0	true
HNRNPM_2-SUB1_5-interaction-shap	HepG2	-1.1173992156982422	-0.010453871451318264	-0.15214145183563232	0.0	0.0	true
PCBP2_6-UCHL5_6-interaction-shap	HepG2	-0.562859058380127	-0.00571654736995697	-0.2533913552761078	0.0	0.0	true
IGF2BP1_2-IGF2BP1_5-interaction-shap	HepG2	-0.21977739036083221	-0.09855891764163971	-0.11690355837345123	0.0	0.0	true
LIN28B_2-LIN28B_5-interaction-shap	K562	-0.004692375659942627	0.00115653604734689	0.0014909730525687337	0.0	0.0	true
QKI_3-U2AF2_3-interaction-shap	HepG2	-0.6366861462593079	-0.43169549107551575	0.09508994966745377	0.0	0.0	true
GPKOW_1-GPKOW_6-interaction-shap	K562	-0.07913772761821747	0.05627955123782158	-0.06938031315803528	0.0	0.0	true
DDX43_2-DDX43_5-interaction-shap	K562	-0.08735168725252151	-0.08699648082256317	-0.051684629172086716	0.0	0.0	true
PTBP1_2-PRPF4_6-interaction-shap	HepG2	-0.1798648089170456	-0.05313890054821968	0.08815328031778336	0.0	0.0	true
TRA2A_2-BCLAF1_6-interaction-shap	HepG2	-0.21708941459655762	-0.209066703915596	-0.09208220988512039	0.0	0.0	true
PTBP1_2-SF3B4_5-interaction-shap	HepG2	-0.40472692251205444	-0.05313890054821968	-0.23675884306430817	0.0	0.0	true
TRA2A_1-GPKOW_5-interaction-shap	K562	-0.03065977431833744	-0.011634644120931625	0.027285423129796982	0.0	0.0	true
DDX43_2-EWSR1_5-interaction-shap	K562	-0.15634803473949432	-0.08699648082256317	-0.036918431520462036	0.0	6.778448023654128e-290	true
IGF2BP1_5-U2AF2_5-interaction-shap	HepG2	-0.20578478276729584	-0.11690355837345123	-0.14822599291801453	0.0	1.7265717885035716e-281	true
EFTUD2_5-RBM22_6-interaction-shap	HepG2	-0.16411487758159637	0.06256677955389023	-0.05091492459177971	0.0	5.483022116093058e-265	true
DDX43_1-KHSRP_2-interaction-shap	K562	-0.16168621182441711	-0.10231444984674454	-0.14459437131881714	0.0	5.722955395907072e-259	true
EFTUD2_2-FKBP4_2-interaction-shap	HepG2	-0.24383856356143951	-0.1441425085067749	-0.03717195242643356	0.0	1.5564564440926e-229	true
PPIG_3-TARDBP_5-interaction-shap	HepG2	-1.1819193363189697	0.9867287278175354	-0.05914580449461937	0.0	3.029871436415603e-209	true
RBFOX2_5-PPIG_6-interaction-shap	HepG2	0.07572099566459656	-0.0699026957154274	0.02143123187124729	0.0	2.448393003057051e-49	true
SF3B4_1-HNRNPK_3-interaction-shap	K562	-0.04980628937482834	0.04066191986203194	-0.036270350217819214	0.0	7.708984116795623e-49	true
GPKOW_3-PRPF8_3-interaction-shap	K562	-0.548067569732666	0.11581119894981384	-0.4769425690174103	7.08855728401254e-309	2.7010880658748905e-21	true
DDX59_2-RBFOX2_6-interaction-shap	HepG2	-0.011268355883657932	-0.0038499808870255947	-0.00950104184448719	5.549012346749756e-307	0.0	true
HNRNPM_2-RBM15_2-interaction-shap	K562	-0.012991847470402718	0.006624982692301273	-0.012530762702226639	1.440016839712089e-299	5.4545344028629315e-282	true
SRSF7_4-U2AF2_6-interaction-shap	K562	-0.09181483834981918	-0.08175051957368851	-0.02949175052344799	1.1131141245004318e-298	1.0835371932405665e-192	true
FAM120A_2-PRPF4_5-interaction-shap	HepG2	-0.08999963849782944	-0.06402026116847992	0.034602005034685135	2.0657680530467732e-290	0.0	true
ZNF800_1-QKI_5-interaction-shap	K562	-0.0401536263525486	-0.02342391014099121	-0.006668966729193926	4.3943088457472256e-287	1.6902377113910246e-199	true
AQR_6-NIPBL_6-interaction-shap	K562	0.0027898254338651896	0.00043447353527881205	0.0007271429640240967	3.2669356711991893e-282	8.336661531551743e-142	true
DDX55_6-RBM15_6-interaction-shap	K562	-0.24783064424991608	-0.02009056881070137	-0.2376411110162735	6.564574507068215e-278	8.931709753598772e-301	true
BCLAF1_1-TRA2A_4-interaction-shap	HepG2	0.048568014055490494	-0.013582208193838596	-0.014453796669840813	1.839213740749296e-263	2.639415714410448e-105	true
FMR1_1-GTF2F1_4-interaction-shap	K562	-0.08884525299072266	0.06715258210897446	-0.03507205843925476	1.7379697706911844e-252	2.2901219975474946e-225	true
DDX3X_1-TIAL1_4-interaction-shap	HepG2	0.35094180703163147	-0.11173701286315918	0.0031737121753394604	8.083805433393741e-249	4.250924557459075e-211	true
PRPF8_1-SUB1_5-interaction-shap	HepG2	-0.18443995714187622	-0.13666246831417084	-0.15214145183563232	1.8613096329810335e-246	6.379003291933593e-265	true
BUD13_2-RBFOX2_3-interaction-shap	HepG2	-0.004349191207438707	-0.0029569657053798437	-0.0015507969073951244	1.208195527123665e-241	9.203848804228208e-125	true
EWSR1_5-ZNF622_6-interaction-shap	K562	-0.3340508043766022	-0.036918431520462036	-0.14102888107299805	5.8326112555286085e-241	0.0	true
LSM11_5-RBM22_6-interaction-shap	K562	-0.015999045222997665	-0.015087376348674297	-0.01289984118193388	1.468042097567665e-232	2.6463582170785916e-308	true
HLTF_2-PRPF8_4-interaction-shap	K562	-1.3102924823760986	-0.08273261785507202	1.0885541439056396	2.2077846133105346e-228	0.0	true
FXR2_2-TARDBP_4-interaction-shap	K562	-0.03962338715791702	-0.03843935579061508	-0.03577263653278351	5.415532726328871e-221	1.543968071634193e-204	true
ZNF800_1-BCLAF1_5-interaction-shap	HepG2	-0.1479690819978714	-0.06887287646532059	-0.09470641613006592	6.446102929380206e-214	1.9983632259416174e-100	true
HNRNPM_2-EFTUD2_5-interaction-shap	K562	-0.47780731320381165	0.006624982692301273	0.46036437153816223	4.494007114674583e-209	0.0	true
U2AF2_3-KHSRP_4-interaction-shap	HepG2	-0.2548348605632782	0.09508994966745377	-0.021527668461203575	5.70825946914961e-205	7.813024564772177e-193	true
DDX6_1-FXR2_5-interaction-shap	K562	-0.016165677458047867	-0.0043727438896894455	0.0034385300241410732	1.1246096900512668e-198	0.0	true
KHSRP_3-IGF2BP1_6-interaction-shap	HepG2	-0.5099205374717712	-0.18590795993804932	-0.015726618468761444	1.6171219446977648e-196	7.63783225795891e-234	true
TIA1_2-RBFOX2_5-interaction-shap	K562	-0.35910066962242126	-0.19866278767585754	-0.025373460724949837	2.177180984708652e-196	2.158731836788822e-233	true
DDX24_1-GTF2F1_3-interaction-shap	K562	-0.007719740737229586	-0.00755001837387681	-0.006672434508800507	4.4200025978821345e-192	1.0972132493025175e-59	true
KHSRP_3-U2AF2_3-interaction-shap	K562	-0.042530614882707596	0.012336434796452522	0.018797004595398903	9.929144073106e-192	4.665229020777038e-263	true
LIN28B_2-U2AF2_3-interaction-shap	HepG2	-0.24349044263362885	-0.206442728638649	0.09508994966745377	5.642175813587379e-189	1.3906576878726461e-37	true
GRSF1_1-PCBP2_5-interaction-shap	HepG2	-0.06169252470135689	0.05548010766506195	0.022515788674354553	8.757349379586818e-180	2.5819215902473565e-181	true
PRPF8_2-U2AF1_6-interaction-shap	HepG2	0.1825193613767624	-0.17347882688045502	0.06658507883548737	1.4893183180763024e-174	7.155666046031517e-106	true
AKAP8L_2-DDX24_2-interaction-shap	K562	0.007565855979919434	-0.00040666828863322735	-0.0043973298743367195	3.2808759370108695e-171	3.7527862029653984e-11	true
AGGF1_1-NONO_1-interaction-shap	K562	-0.0006889960495755076	-0.000025860359528451227	0.0004031087155453861	1.683147091288873e-163	9.687712587585904e-92	true
KHSRP_3-DDX24_5-interaction-shap	K562	0.03658285364508629	0.012336434796452522	-0.03191124647855759	1.0704528521750445e-162	1.365910475108418e-67	true
KHSRP_2-PRPF8_5-interaction-shap	HepG2	0.29169419407844543	-0.23931440711021423	-0.0016077853506430984	6.654031424376031e-162	2.128070963365709e-74	true
LIN28B_2-DDX43_6-interaction-shap	K562	0.14141206443309784	0.00115653604734689	-0.14127664268016815	4.6361277560589235e-157	0.0	true
YBX3_2-YBX3_5-interaction-shap	HepG2	-0.11747533082962036	-0.006006523501127958	-0.09021826833486557	3.2343980387697107e-156	7.8767740687963695e-81	true
FXR2_5-SF3B4_6-interaction-shap	K562	-0.013201246038079262	0.0034385300241410732	0.0042488775216042995	3.43632267291505e-151	4.589571433312697e-69	true
NCBP2_1-U2AF2_2-interaction-shap	HepG2	-0.8651083111763	-0.08615437895059586	-0.2393088936805725	9.033705254124606e-151	1.7518228717018865e-170	true
SF3B4_1-MTPAP_5-interaction-shap	K562	-0.058651622384786606	0.04066191986203194	-0.039968669414520264	4.188928931239157e-144	3.6321804612185346e-106	true
DDX3X_1-SRSF9_1-interaction-shap	HepG2	-0.33479344844818115	-0.11173701286315918	-0.16324535012245178	1.2354598443211231e-143	1.187812995314864e-213	true
U2AF2_3-SUB1_6-interaction-shap	HepG2	-0.24110642075538635	0.09508994966745377	-0.023231124505400658	3.3154155091402777e-143	2.7190630468011404e-185	true
U2AF2_3-TARDBP_5-interaction-shap	HepG2	-0.10178496688604355	0.09508994966745377	-0.05914580449461937	1.7158903865967438e-139	2.055269630373184e-82	true
DDX43_2-HNRNPK_4-interaction-shap	K562	-0.41145431995391846	-0.08699648082256317	-0.23724599182605743	2.911226096293282e-137	1.1546643199418553e-50	true
PRPF8_1-BCLAF1_6-interaction-shap	HepG2	-0.25877609848976135	-0.13666246831417084	-0.09208220988512039	2.2372197032159006e-135	3.054029404572379e-209	true
EIF3H_3-PCBP2_5-interaction-shap	HepG2	-0.06266744434833527	0.054999783635139465	0.022515788674354553	2.4317665653916014e-135	1.5707930765586034e-77	true
SF3B4_1-RBFOX2_5-interaction-shap	K562	-0.13319239020347595	0.04066191986203194	-0.025373460724949837	4.285294185951416e-135	1.868153269426819e-33	true
PRPF8_1-HNRNPK_4-interaction-shap	K562	-0.3107929527759552	0.19428347051143646	-0.23724599182605743	1.5483599623154743e-132	3.885315125715364e-62	true
BUD13_1-DDX43_5-interaction-shap	K562	-0.1689860224723816	0.15409229695796967	-0.051684629172086716	1.865116318071481e-129	1.7710069498022672e-38	true
NONO_1-GRWD1_5-interaction-shap	K562	-0.04979869723320007	0.0004031087155453861	-0.0436827652156353	1.0520253181149142e-124	2.2988487262425653e-133	true
PUM1_1-CPSF6_6-interaction-shap	K562	-0.013329599052667618	-0.0032722551841288805	0.00013007227971684188	1.8771506385824987e-116	6.502815629009784e-76	true
SF3B4_1-DROSHA_3-interaction-shap	HepG2	-0.01099993847310543	0.0023197485134005547	0.004686260595917702	5.192373370679491e-115	0.0007442157129005953	true
DDX3X_1-HNRNPK_2-interaction-shap	HepG2	-0.11977128684520721	-0.11173701286315918	-0.06588339060544968	3.035291176879684e-112	3.979866312379931e-89	true
CSTF2T_6-EFTUD2_6-interaction-shap	HepG2	-0.14798830449581146	-0.10856673866510391	-0.013448944315314293	5.017197671433661e-112	2.8046670783647375e-143	true
PPIG_6-TIAL1_6-interaction-shap	HepG2	-0.0643821582198143	0.02143123187124729	-0.03276895731687546	8.756717687684362e-111	6.03651313005786e-132	true
DHX30_2-EWSR1_4-interaction-shap	K562	-0.010367526672780514	-0.005324391648173332	-0.0034054333809763193	3.153928777475239e-110	1.9997646833439146e-16	true
EWSR1_4-LIN28B_5-interaction-shap	K562	-0.003722031135112047	-0.0034054333809763193	0.0014909730525687337	1.2608136265109495e-105	7.560136780902532e-131	true
U2AF2_4-GRWD1_6-interaction-shap	HepG2	0.38278114795684814	-0.2962295114994049	-0.2737436294555664	2.7774714391764378e-105	1.6645702459079774e-30	true
XRCC6_5-PRPF8_6-interaction-shap	K562	-0.0025338120758533478	-0.00026162868016399443	0.0006011514342390001	7.261628495813739e-104	7.705506441811847e-80	true
GRWD1_1-CSTF2T_4-interaction-shap	HepG2	-0.13438111543655396	-0.1194198951125145	-0.014876495115458965	9.997467429174155e-104	6.07415081315989e-31	true
TRA2A_5-PRPF8_6-interaction-shap	HepG2	0.11962169408798218	-0.05796019732952118	-0.04275946691632271	3.7489106708231927e-103	5.265178527534914e-107	true
AQR_1-DDX59_1-interaction-shap	HepG2	-0.4442702829837799	-0.0681835189461708	-0.018807798624038696	3.1040688925228585e-100	4.6642690543949486e-102	true
YBX3_2-ILF3_6-interaction-shap	K562	-0.1651485413312912	-0.12133116275072098	-0.016847705468535423	1.020321601102171e-99	3.241156144865789e-90	true
EFTUD2_6-KHSRP_6-interaction-shap	HepG2	-0.058918386697769165	-0.013448944315314293	-0.012297364883124828	1.294130821851054e-99	3.483577967673953e-84	true
DDX3X_1-TRA2A_5-interaction-shap	HepG2	-0.2914459705352783	-0.11173701286315918	-0.05796019732952118	1.5759993835772258e-97	8.059209384694503e-154	true
BCLAF1_1-EIF3H_5-interaction-shap	HepG2	0.029396336525678635	-0.013582208193838596	0.003268861910328269	9.216015771168397e-96	2.186799318300914e-71	true
GTF2F1_1-PRPF8_2-interaction-shap	HepG2	0.1817699521780014	0.10285104066133499	-0.17347882688045502	8.428803685477505e-95	4.7800044288475867e-70	true
FTO_1-PUM2_6-interaction-shap	K562	0.14671894907951355	-0.1383020132780075	0.04532400146126747	7.460990310766572e-93	5.604721590680379e-11	true
GARS_1-YBX3_2-interaction-shap	K562	-0.20047615468502045	-0.016777144744992256	-0.12133116275072098	9.637696141458424e-91	2.213112078157273e-135	true
PUM2_1-IGF2BP1_6-interaction-shap	K562	-0.38751155138015747	-0.22497674822807312	-0.22630161046981812	2.404531005114791e-83	2.2020885461065186e-72	true
SND1_2-UCHL5_6-interaction-shap	K562	0.2513207495212555	-0.24509850144386292	-0.09547325223684311	2.2231857359979915e-80	5.59810837784964e-151	true
NOLC1_3-FXR2_6-interaction-shap	K562	-0.04235224798321724	-0.013312330469489098	-0.02452963776886463	4.594602884627994e-79	4.229756431671916e-53	true
NKRF_2-U2AF2_5-interaction-shap	HepG2	-0.24837064743041992	-0.16771523654460907	-0.14822599291801453	2.477124597347038e-75	3.7361673123517387e-180	true
KHSRP_1-U2AF1_3-interaction-shap	K562	-0.01774618960916996	0.003378988243639469	0.016814537346363068	4.231515464823759e-73	2.3439701469803452e-88	true
TIA1_3-KHSRP_6-interaction-shap	K562	-0.10639523714780807	-0.02320350520312786	-0.0919075608253479	6.367453078832824e-69	4.7270915521729425e-85	true
NCBP2_1-RBFOX2_1-interaction-shap	HepG2	-0.16923993825912476	-0.08615437895059586	-0.004281145986169577	1.0560454469775945e-66	7.46306191368526e-128	true
PPIG_1-BUD13_2-interaction-shap	HepG2	-0.056942712515592575	0.006828615441918373	-0.0029569657053798437	1.131564200447903e-65	2.220744476304884e-80	true
BUD13_1-RBFOX2_3-interaction-shap	K562	-0.3193386197090149	0.15409229695796967	-0.23430433869361877	2.6194867284790357e-65	7.902322423261982e-14	true
KHSRP_3-IGF2BP2_6-interaction-shap	K562	-0.13532617688179016	0.012336434796452522	-0.07284695655107498	1.1400561013239677e-64	1.389169453783428e-48	true
LARP4_5-PRPF8_6-interaction-shap	K562	-0.0021503260359168053	0.0017533177742734551	0.0006011514342390001	6.760649710685901e-64	2.1836831552731416e-46	true
EXOSC10_5-FXR2_5-interaction-shap	K562	-0.010764599777758121	-0.0057030632160604	0.0034385300241410732	3.954228186850293e-62	8.00255885624216e-62	true
RBM22_2-FAM120A_5-interaction-shap	HepG2	0.5268276333808899	-0.4360983967781067	0.02340189553797245	5.551528347275951e-61	2.3049328602219386e-80	true
KHDRBS1_2-KHSRP_3-interaction-shap	K562	0.014654874801635742	-0.014510801993310452	0.012336434796452522	6.2053953873861484e-61	9.76520471291421e-32	true
CSTF2T_3-PRPF4_6-interaction-shap	HepG2	-0.45566636323928833	-0.23207199573516846	0.08815328031778336	6.982033104941162e-57	4.3236574032821467e-191	true
IGF2BP1_5-TIA1_6-interaction-shap	K562	0.09574982523918152	-0.05651776120066643	-0.09421670436859131	4.074604824027589e-56	7.042229409645495e-115	true
DDX3X_1-TIA1_6-interaction-shap	HepG2	-0.17022423446178436	-0.11173701286315918	-0.009425410069525242	3.0448068603563553e-53	7.239068924579205e-136	true
PUM2_1-KHSRP_4-interaction-shap	K562	-0.23280374705791473	-0.22497674822807312	0.1760461926460266	3.745381608702109e-51	3.908468582467511e-82	true
FAM120A_3-SF3B4_5-interaction-shap	K562	-0.2902626097202301	-0.19784791767597198	-0.22762475907802582	3.377112339987369e-50	7.62764857622639e-67	true
PPIG_5-KHSRP_6-interaction-shap	HepG2	0.027601273730397224	-0.023685477674007416	-0.012297364883124828	1.0567693937108533e-47	1.3536781086665985e-91	true
KHSRP_5-ELAVL1_6-interaction-shap	K562	-0.08406265825033188	-0.023024987429380417	0.0711812973022461	6.877057821220408e-47	1.0607283587697705e-96	true
QKI_5-BCLAF1_6-interaction-shap	HepG2	-0.27349376678466797	-0.22395512461662292	-0.09208220988512039	5.610105959865459e-46	2.901271355032455e-234	true
KHSRP_1-NOLC1_2-interaction-shap	K562	0.011045015417039394	0.003378988243639469	-0.00044993835035711527	3.444586653299323e-45	5.638510030269551e-45	true
PABPN1_5-CSTF2_6-interaction-shap	HepG2	0.017388351261615753	-0.017283044755458832	-0.0003082932671532035	1.1550832163643008e-43	6.863174165642967e-62	true
U2AF2_3-FXR2_6-interaction-shap	HepG2	-0.17990727722644806	0.09508994966745377	-0.013822701759636402	1.6699586877407658e-43	2.1553024631440595e-205	true
AQR_1-SRSF1_1-interaction-shap	HepG2	0.08650344610214233	-0.0681835189461708	-0.025781650096178055	9.005527396159308e-43	2.322498468543983e-181	true
GTF2F1_2-PCBP2_2-interaction-shap	HepG2	0.2625763416290283	-0.007730825804173946	-0.2353159487247467	1.1592663499633625e-42	4.412810100452656e-60	true
KHSRP_1-PRPF8_6-interaction-shap	K562	0.009521217085421085	0.003378988243639469	0.0006011514342390001	3.651375425774003e-42	6.473421927705596e-78	true
FXR1_1-DDX24_5-interaction-shap	K562	-0.04093893617391586	-0.01977352425456047	-0.03191124647855759	4.791200116191463e-42	4.983202642395385e-16	true
AQR_2-RBM15_2-interaction-shap	HepG2	0.38004812598228455	-0.24430587887763977	-0.2698010206222534	1.5801722126734965e-40	6.676392445638868e-162	true
ELAVL1_6-LIN28B_6-interaction-shap	K562	-0.10142558813095093	0.0711812973022461	-0.07628697901964188	4.575961445677577e-40	1.1620939019638909e-23	true
DDX59_3-HNRNPK_3-interaction-shap	HepG2	0.44088438153266907	-0.19163724780082703	-0.35798153281211853	1.3773374376879962e-39	9.752397958147276e-43	true
GPKOW_5-EWSR1_6-interaction-shap	K562	-0.03487282246351242	0.027285423129796982	-0.0012916872510686517	4.9857255327416606e-39	3.2988335464270947e-38	true
CSTF2T_1-EIF4E_2-interaction-shap	K562	-0.00263228639960289	0.0010518872877582908	-0.0008222008473239839	2.9837291802537555e-37	7.397994082206139e-49	true
EFTUD2_2-KHSRP_5-interaction-shap	HepG2	0.36487752199172974	-0.1441425085067749	-0.3579765260219574	2.046099815008213e-34	1.090361051673826e-37	true
KHSRP_1-PUM1_1-interaction-shap	K562	-0.011945393867790699	0.003378988243639469	-0.0032722551841288805	1.1837831861210984e-33	6.906266577682841e-42	true
NCBP2_2-U2AF2_4-interaction-shap	HepG2	0.41842156648635864	-0.31789401173591614	-0.2962295114994049	9.226684327673335e-32	3.771947293930562e-12	true
AGGF1_5-NOL12_5-interaction-shap	HepG2	0.10144686698913574	0.07914610952138901	-0.1009889543056488	1.3793637929534627e-31	1.2409940162329131e-27	true
LSM11_2-DDX1_3-interaction-shap	K562	-0.0010093195596709847	0.00034092075657099485	-0.00047964343684725463	7.540810672622501e-31	0.00045652974531113156	true
G3BP1_2-SUB1_5-interaction-shap	HepG2	-0.1531956046819687	-0.017455529421567917	-0.15214145183563232	1.9398805382563568e-29	0.0011140041592602407	true
AKAP8L_1-PRPF8_1-interaction-shap	K562	-0.2628065347671509	-0.004776835907250643	0.19428347051143646	2.633950290118527e-29	3.9706446719930504e-66	true
CSTF2T_2-EIF4G2_4-interaction-shap	K562	0.002623951528221369	0.002531220903620124	0.0002481711271684617	1.7512117381039906e-28	4.596005873033462e-34	true
DDX3X_1-G3BP1_6-interaction-shap	HepG2	-0.371936559677124	-0.11173701286315918	-0.09135638922452927	3.150654255801912e-27	2.2790298508559384e-258	true
IGF2BP1_6-LIN28B_6-interaction-shap	HepG2	-0.08938530832529068	-0.015726618468761444	0.04329080134630203	8.888864174790684e-27	3.1610310989832853e-104	true
FAM120A_3-FAM120A_4-interaction-shap	HepG2	-0.004599916748702526	7.058183655317407e-7	0.00037649000296369195	9.32932799657889e-27	2.7455987123580484e-30	true
EXOSC10_1-FXR1_1-interaction-shap	K562	0.02050125040113926	-0.006538862828165293	-0.01977352425456047	1.322769816845729e-26	0.00006372192481271615	true
U2AF2_3-LIN28B_6-interaction-shap	HepG2	-0.16222530603408813	0.09508994966745377	0.04329080134630203	5.106214378685527e-25	4.379478924321569e-97	true
TIA1_2-ZNF800_6-interaction-shap	HepG2	-0.5424451231956482	-0.26226308941841125	-0.2288980782032013	1.1063311342221176e-24	5.331329461936722e-113	true
KHSRP_6-PABPC4_6-interaction-shap	K562	-0.11102226376533508	-0.0919075608253479	-0.07606550306081772	2.2431920748135716e-23	3.04619635904749e-42	true
XRN2_3-SRSF1_5-interaction-shap	K562	0.009122926741838455	-0.004287945106625557	-0.005289855413138866	9.54607588777712e-22	3.8788733404031833e-28	true
AKAP8L_1-FXR2_5-interaction-shap	K562	0.006775846239179373	-0.004776835907250643	0.0034385300241410732	8.498621825795532e-20	4.0700582743738625e-10	true
PCBP2_4-PRPF8_5-interaction-shap	HepG2	0.015639865770936012	0.0029850832652300596	-0.0016077853506430984	3.1402375944083052e-19	2.2161694366424517e-7	true
PUM2_1-DDX43_6-interaction-shap	K562	-0.2769356369972229	-0.22497674822807312	-0.14127664268016815	1.6951325867074266e-17	5.848909115302978e-21	true
AQR_1-AATF_5-interaction-shap	K562	-0.004009041003882885	-0.0025427292566746473	0.002987730083987117	2.328391835862202e-16	0.000013708269318913708	true
DROSHA_1-PRPF8_2-interaction-shap	HepG2	0.258149117231369	0.10646820068359375	-0.17347882688045502	4.858916875164037e-16	4.961011737808501e-46	true
AQR_1-BUD13_6-interaction-shap	K562	0.005164971109479666	-0.0025427292566746473	-0.0032581293489784002	2.3020146942864055e-15	3.808816044861952e-55	true
PRPF8_2-ZC3H11A_6-interaction-shap	HepG2	-0.25812920928001404	-0.17347882688045502	-0.13103632628917694	1.3344938357297502e-14	1.6485030525241293e-98	true
HNRNPK_1-HNRNPK_6-interaction-shap	HepG2	0.05774715542793274	-0.03131905570626259	-0.028741776943206787	2.062000279810389e-13	5.188527271954523e-10	true
EIF4G2_1-EIF4G2_2-interaction-shap	K562	-0.011487094685435295	-0.000021945808839518577	0.010633048601448536	3.4800753124002593e-12	0.00003772043003322962	true
AQR_1-FMR1_6-interaction-shap	K562	-0.0063278526067733765	-0.0025427292566746473	-0.0002939293044619262	2.6274093159178757e-11	2.3896707148820817e-150	true
DDX3X_2-TRA2A_5-interaction-shap	HepG2	-0.23191410303115845	-0.1320383995771408	-0.05796019732952118	1.641314397616039e-10	7.628036545972112e-42	true
PPIG_1-HNRNPK_4-interaction-shap	HepG2	0.1270551234483719	0.006828615441918373	-0.11156120896339417	5.113674917915873e-10	3.908003836566303e-104	true
PTBP1_6-TIA1_6-interaction-shap	K562	-0.09512527287006378	-0.010393250733613968	-0.09421670436859131	5.137541574849619e-10	9.873871314026402e-11	true
HNRNPK_1-EFTUD2_5-interaction-shap	HepG2	-0.14313223958015442	-0.03131905570626259	0.06256677955389023	8.637145654500412e-10	1.464505587372904e-37	true
EFTUD2_2-HNRNPC_4-interaction-shap	HepG2	0.30849364399909973	-0.1441425085067749	-0.10450964421033859	1.924256367845416e-9	2.5907169619329826e-76	true
EIF4G2_5-FAM120A_6-interaction-shap	K562	0.052412666380405426	-0.042476437985897064	-0.011516518890857697	6.2036273946530954e-9	1.1348734614192176e-7	true
TIAL1_4-RBFOX2_6-interaction-shap	HepG2	0.02713552676141262	0.0031737121753394604	-0.00950104184448719	2.870692645470332e-8	0.00012390974609852517	true
APOBEC3C_5-NONO_5-interaction-shap	K562	0.0048534926027059555	-0.004799650516360998	-0.002524323295801878	0.0009886983188820886	2.198155131920079e-6	true
U2AF2_3-ZNF800_5-interaction-shap	HepG2	-0.2145439088344574	0.09508994966745377	-0.028561793267726898	0.001943712009353951	1.3265751700027144e-55	true
AKAP8L_5-CPSF6_6-interaction-shap	K562	-0.009852597489953041	0.0019512348808348179	0.00013007227971684188	0.00292959714879394	8.95029896509332e-7	true
QKI_1-KHSRP_2-interaction-shap	K562	-0.2959761619567871	-0.12953729927539825	-0.14459437131881714	0.004088846639763754	0.04772969723036462	true
AQR_1-FXR1_5-interaction-shap	K562	-0.20596832036972046	-0.0025427292566746473	0.11457481235265732	0.029241954952604916	9.806603100698842e-88	true
KHSRP_2-SND1_6-interaction-shap	K562	-0.19116902351379395	-0.14459437131881714	-0.010280267335474491	0.031075193439508295	2.1552225730753152e-26	true
SND1_2-U2AF2_5-interaction-shap	HepG2	-0.2626337707042694	-0.18224208056926727	-0.14822599291801453	5.912826433629908e-80	0.9998567593409009	false
GEMIN5_2-ZNF800_6-interaction-shap	K562	0.03859638050198555	-0.03050769492983818	-0.0059967441484332085	4.062482640387304e-58	0.5984976432072415	false
HNRNPK_3-PPIG_5-interaction-shap	HepG2	0.5265262126922607	-0.35798153281211853	-0.023685477674007416	6.331064190564512e-57	1.0	false
KHSRP_4-U2AF1_5-interaction-shap	K562	-0.31754034757614136	0.1760461926460266	-0.27911970019340515	9.869948937148636e-52	1.0	false
BCLAF1_1-PPIG_6-interaction-shap	HepG2	-0.026233306154608727	-0.013582208193838596	0.02143123187124729	3.622035631124057e-34	1.0	false
HNRNPUL1_4-AATF_5-interaction-shap	K562	0.028674740344285965	0.014068782329559326	0.002987730083987117	1.8659802186301833e-26	0.30633725481821295	false
PRPF8_3-GRWD1_6-interaction-shap	HepG2	-0.31863588094711304	0.24989266693592072	-0.2737436294555664	2.534281420850758e-26	1.0	false
SND1_2-U2AF2_3-interaction-shap	HepG2	-0.3776562213897705	-0.18224208056926727	0.09508994966745377	9.803725318937938e-24	1.0	false
BUD13_1-KHSRP_6-interaction-shap	K562	-0.33569610118865967	0.15409229695796967	-0.0919075608253479	8.195455695408171e-23	0.9991172019398598	false
EIF4E_2-AQR_6-interaction-shap	K562	0.0028873076662421227	-0.0008222008473239839	0.00043447353527881205	8.243155272482895e-20	0.9999587784668768	false
PRPF4_1-BCLAF1_5-interaction-shap	HepG2	0.19369682669639587	0.03515109419822693	-0.09470641613006592	2.250210350519383e-15	0.999999993965464	false
EFTUD2_1-GRWD1_5-interaction-shap	K562	-0.07813403755426407	0.039707399904727936	-0.0436827652156353	1.440128211293513e-12	0.16486038579960804	false
FTO_1-KHSRP_6-interaction-shap	K562	0.1514478623867035	-0.1383020132780075	-0.0919075608253479	0.0000741122310799189	0.9999997020532094	false
CSTF2T_2-RBFOX2_3-interaction-shap	HepG2	0.010149098001420498	-0.008918183855712414	-0.0015507969073951244	0.00011365006369308657	0.9999999607192197	false
YBX3_1-LIN28B_2-interaction-shap	K562	0.004983692429959774	0.0041923220269382	0.00115653604734689	0.0002485797250950681	0.95249393374562	false
PTBP1_6-UPF1_6-interaction-shap	K562	0.01922786794602871	-0.010393250733613968	-0.014318179339170456	0.05754170957288468	0.06461709162185934	false
CSTF2T_5-EFTUD2_6-interaction-shap	HepG2	0.01439682673662901	-0.012346219271421432	-0.013448944315314293	0.08787119979028907	0.9999999999510252	false
IGF2BP2_1-DDX43_2-interaction-shap	K562	-0.09681781381368637	-0.08650519698858261	-0.08699648082256317	0.22458073585663307	0.7478012818401701	false
PPIG_1-U2AF2_6-interaction-shap	HepG2	-0.0886552557349205	0.006828615441918373	-0.07305508106946945	0.38841658498072196	0.9927448228016261	false
LARP4_6-LIN28B_6-interaction-shap	HepG2	-0.1648302972316742	-0.0026405691169202328	0.04329080134630203	0.4240805615573657	2.0143095999772878e-53	false
UCHL5_1-SF3B4_6-interaction-shap	K562	0.0088624507188797	0.00174663623329252	0.0042488775216042995	0.4836796498069587	2.2301017993081593e-15	false
EIF4E_4-ELAC2_6-interaction-shap	K562	-0.03768862038850784	0.019233202561736107	0.021106518805027008	0.949956563984913	0.9452073301139525	false
AQR_1-PCBP1_4-interaction-shap	K562	-0.0071515426971018314	-0.0025427292566746473	-0.0011694846907630563	0.994224872701942	1.513217799683962e-13	false
KHSRP_2-RPS3_5-interaction-shap	K562	-0.20945030450820923	-0.14459437131881714	-0.04682749882340431	0.9969818735137076	9.576539352336074e-6	false
NONO_1-MBNL1_2-interaction-shap	K562	0.0008842315874062479	0.0004031087155453861	-0.00006944595224922523	0.9976674405978101	0.9999972632348879	false
DKC1_3-SMNDC1_5-interaction-shap	HepG2	-0.006039773114025593	0.0024267195258289576	0.0039649102836847305	0.9989836699326277	0.9999999617145509	false
NOLC1_2-NOLC1_5-interaction-shap	K562	-0.18753032386302948	-0.00044993835035711527	0.18726712465286255	0.9995896141138195	0.9995335232242275	false
GEMIN5_4-RBM22_6-interaction-shap	K562	-0.020875651389360428	0.0023975158110260963	-0.01289984118193388	0.99976516199565	1.0	false
ZNF800_2-G3BP1_5-interaction-shap	HepG2	-0.3409610986709595	-0.02040981315076351	-0.11220896244049072	0.999888520535993	0.8734177323325092	false
PCBP1_4-FMR1_6-interaction-shap	K562	0.0013234986690804362	-0.0011694846907630563	-0.0002939293044619262	0.9999962534018753	1.0	false
U2AF1_2-U2AF2_2-interaction-shap	HepG2	-0.2977565824985504	-0.2576357126235962	-0.2393088936805725	0.9999975009299388	0.00040237622671153276	false
GRWD1_1-HLTF_1-interaction-shap	HepG2	-0.17799112200737	-0.1194198951125145	-0.12053579092025757	0.9999990461871322	0.9171228457140475	false
SF3B4_1-ZNF800_1-interaction-shap	K562	-0.1026642844080925	0.04066191986203194	-0.02342391014099121	0.9999999246435265	0.00048521973129595473	false
SERBP1_1-AQR_6-interaction-shap	K562	-0.0011139967245981097	0.00008918244566302747	0.00043447353527881205	0.9999999250872201	1.0	false
DHX30_1-AQR_6-interaction-shap	K562	-0.0034316920209676027	0.000379434903152287	0.00043447353527881205	0.9999999984057162	0.9999998586478016	false
FUBP3_6-TIAL1_6-interaction-shap	HepG2	-0.2511662244796753	0.16682122647762299	-0.03276895731687546	0.9999999989737315	1.0	false
XRN2_1-HNRNPK_2-interaction-shap	K562	-0.0061225006356835365	-0.0025704610161483288	0.0018089088844135404	0.9999999999728251	1.0	false
IGF2BP2_1-U2AF2_1-interaction-shap	K562	0.09531673789024353	-0.08650519698858261	-0.005069131962954998	0.9999999999999873	0.9999983389637832	false
DDX3X_2-NKRF_2-interaction-shap	HepG2	0.2587779462337494	-0.1320383995771408	-0.16771523654460907	0.9999999999999967	1.3684054105549072e-27	false
SUB1_5-YBX3_5-interaction-shap	HepG2	-0.20409752428531647	-0.15214145183563232	-0.09021826833486557	0.9999999999999997	4.8647846654722025e-27	false
PPIG_1-EIF3H_6-interaction-shap	HepG2	-0.0649666041135788	0.006828615441918373	0.05447776988148689	1.0	1.584574462512839e-104	false
GTF2F1_2-EFTUD2_4-interaction-shap	HepG2	-0.6369216442108154	-0.007730825804173946	0.35644668340682983	1.0	3.454138794722714e-71	false
SND1_2-SND1_5-interaction-shap	HepG2	-0.19579580426216125	-0.18224208056926727	0.07166808098554611	1.0	1.0309549607730832e-21	false
BCLAF1_1-G3BP1_2-interaction-shap	HepG2	-0.018451739102602005	-0.013582208193838596	-0.017455529421567917	1.0	1.7803040252042503e-19	false
DDX43_2-KHSRP_4-interaction-shap	K562	-0.1968231350183487	-0.08699648082256317	0.1760461926460266	1.0	1.0289197204979777e-16	false
CSTF2T_5-PRPF4_5-interaction-shap	HepG2	-0.055805813521146774	-0.012346219271421432	0.034602005034685135	1.0	7.427419042212964e-8	false
BCLAF1_2-BCLAF1_5-interaction-shap	HepG2	-0.16582761704921722	-0.11293894797563553	-0.09470641613006592	1.0	0.06863503899602358	false
EFTUD2_5-SND1_6-interaction-shap	HepG2	-0.07544256001710892	0.06256677955389023	0.00028563340310938656	1.0	0.9822742275673243	false
KHSRP_6-PPIG_6-interaction-shap	HepG2	-0.02405795268714428	-0.012297364883124828	0.02143123187124729	1.0	0.9999999426824473	false
AQR_1-G3BP1_5-interaction-shap	HepG2	-0.14132164418697357	-0.0681835189461708	-0.11220896244049072	1.0	0.9999999972167989	false
HNRNPK_2-DROSHA_6-interaction-shap	K562	0.0048704808577895164	0.0018089088844135404	-0.001632547122426331	1.0	0.9999999999998898	false
AATF_5-ZRANB2_5-interaction-shap	K562	-0.007156656589359045	0.002987730083987117	0.0028945717494934797	1.0	1.0	false
SUB1_2-PPIG_6-interaction-shap	HepG2	0.290140837430954	-0.18349111080169678	0.02143123187124729	1.0	1.0	false
FMR1_2-DDX24_6-interaction-shap	K562	-0.0028234245255589485	0.0023157300893217325	-0.00009217706247000024	1.0	1.0	false
NONO_1-MTPAP_6-interaction-shap	K562	-0.0034154194872826338	0.0004031087155453861	-0.0007214657380245626	1.0	1.0	false
UCHL5_1-PRPF8_5-interaction-shap	HepG2	-0.009382382035255432	-0.009112688712775707	-0.0016077853506430984	1.0	1.0	false
KHSRP_3-IGF2BP2_5-interaction-shap	K562	-0.01597662828862667	0.012336434796452522	-0.006785288453102112	1.0	1.0	false
UCHL5_1-TIAL1_4-interaction-shap	HepG2	0.01392348576337099	-0.009112688712775707	0.0031737121753394604	1.0	1.0	false
LIN28B_5-SND1_6-interaction-shap	HepG2	-0.017141368240118027	-0.010469846427440643	0.00028563340310938656	1.0	1.0	false
BUD13_5-LIN28B_6-interaction-shap	K562	-0.08678378164768219	-0.07166457921266556	-0.07628697901964188	1.0	1.0	false
PCBP2_3-HNRNPK_4-interaction-shap	HepG2	0.13544875383377075	0.0015382104320451617	-0.11156120896339417	1.0	1.0	false
PPIG_5-SRSF1_6-interaction-shap	HepG2	-0.030296489596366882	-0.023685477674007416	-0.0006028373609296978	1.0	1.0	false
SF3B4_1-XPO5_3-interaction-shap	HepG2	0.24932445585727692	0.0023197485134005547	-0.17550241947174072	1.0	1.0	false
YBX3_1-SRSF1_5-interaction-shap	K562	-0.008058549836277962	0.0041923220269382	-0.005289855413138866	1.0	1.0	false
DGCR8_1-CSTF2T_6-interaction-shap	K562	0.00863244105130434	-0.005338639952242374	-0.0018443348817527294	1.0	1.0	false
HLTF_4-LSM11_6-interaction-shap	HepG2	0.06476731598377228	-0.025771446526050568	0.0516427643597126	1.0	1.0	false
DROSHA_3-FTO_4-interaction-shap	K562	-0.015553216449916363	0.009452288039028645	0.01155167631804943	1.0	1.0	false
PTBP1_2-AATF_3-interaction-shap	K562	-0.0014178331475704908	-0.0009320065146312118	-0.00120821432210505	1.0	1.0	false
